
  0.40 RPi: BOOTSYS release VERSION:2bb2ae64 DATE: 2025/03/10 TIME: 17:10:37
  0.44 BOOTMODE: 0x06 partition 0 build-ts BUILD_TIMESTAMP=1741626637 serial 06956aab boardrev e04171 stc 944674
  0.54 AON_RESET: 00000003 PM_RSTS 00001000
  0.58 POWER_OFF_ON_HALT: 0 WAIT_FOR_POWER_BUTTON 0 power-on-reset 1
  0.68 RP1_BOOT chip ID: 0x20001927
  0.73 PCIEx1: PWR 0 DET_WAKE 0
  0.73 part 00000000 reset_info 00000000
  0.76 PMIC reset-event 00000000 rtc 00000000 alarm 00000000 enabled 0
  0.83 uSD voltage 3.3V
  0.89 SDRAM_CONFIG: 1b
  0.89 Initialising SDRAM rank 2 total-size: 128 Gbit 4267 (0x1b 0x1b)
  0.95 DDR 4267 1 1 128 152 BL:1
  2.23 OTP boardrev e04171 bootrom a a
  2.24 Customer key hash 0000000000000000000000000000000000000000000000000000000000000000
  2.31 VC-JTAG unlocked
  2.54 RP1_BOOT chip ID: 0x20001927

  3.89 RP1_BOOT chip ID: 0x20001927
  3.90 RP1_BOOT: fw size 46888
  4.28 PCI2 init
  4.28 PCI2 reset
  4.72 PCIe scan 00001de4:00000001
  4.73 RP1_CHIP_INFO 20001927

  4.76 RPi: BOOTLOADER release VERSION:2bb2ae64 DATE: 2025/03/10 TIME: 17:10:37
  4.83 BOOTMODE: 0x06 partition 0 build-ts BUILD_TIMESTAMP=1741626637 serial 06956aab boardrev e04171 stc 4083143
  4.93 PCIEx1: PWR 0 DET_WAKE 0
  4.96 M.2 PCIe HAT not detected.
  4.20 usb_pd_init status 3
  4.20 USB_PD CONFIG 0 41
  4.00 XHCI-STOP
  4.00 xHC0 ver: 272 HCS: 03000440 140000f1 07ff000a HCC: 0240fe6d
  4.04 USBSTS 1
  4.07 xHC0 ver: 272 HCS: 03000440 140000f1 07ff000a HCC: 0240fe6d
  4.12 xHC0 ports 3 slots 64 intrs 4
  4.24 XHCI-STOP
  4.24 xHC1 ver: 272 HCS: 03000440 140000f1 07ff000a HCC: 0240fe6d
  4.28 USBSTS 1
  4.31 xHC1 ver: 272 HCS: 03000440 140000f1 07ff000a HCC: 0240fe6d
  4.36 xHC1 ports 3 slots 64 intrs 4
  4.43 USB-PD: src-cap PDO object1 0x0a0191f4
  4.45 Current 5000 mA
  4.47 Voltage 5000 mV
  4.49 USB-PD: src-cap PDO object2 0x0002d12c
  4.53 Current 3000 mA
  4.55 Voltage 9000 mV
  4.57 USB-PD: src-cap PDO object3 0x0003c0e1
  4.61 Current 2250 mA
  4.63 Voltage 12000 mV
  4.65 USB-PD: src-cap PDO object4 0x0004b0b4
  4.70 Current 1800 mA
  4.72 Voltage 15000 mV
  4.74 Boot mode: SD (01) order f4
  8.36 SD HOST: 200000000 CTL0: 0x00800000 BUS: 400000 Hz actual: 390625 HZ div: 512 (256) status: 0x1fff0000 delay: 276
  8.47 SD HOST: 200000000 CTL0: 0x00800f00 BUS: 400000 Hz actual: 390625 HZ div: 512 (256) status: 0x1fff0000 delay: 276
  9.83 OCR c0ff8000 [200]
CID: 000353444a554c494580fa91d30f0128
CSD: 400e00325b590000edc87f800a404000
  9.93 SD: bus-width: 4 spec: 2 SCR: 0x02358043 0x00000000
  9.00 SD HOST: 200000000 CTL0: 0x00800f04 BUS: 50000000 Hz actual: 50000000 HZ div: 4 (2) status: 0x1fff0000 delay: 2
  9.12 MBR: 0x00000800,  262144 type: 0x0c
  9.13 MBR: 0x00040800, 7118848 type: 0x05
  9.17 MBR: 0x0070a800,22616064 type: 0x83
  9.21 MBR: 0x00000000,       0 type: 0x00
  9.25 Trying partition: 0
  9.75 type: 32 lba: 2048 'mkfs.fat' ' boot       ' clusters 258078 (1)
  9.79 rsc 32 fat-sectors 2017 root dir cluster 2 sectors 0 entries 0
  9.88 FAT32 clusters 258078
  9.91 [sdcard] autoboot.txt not found
  9.91 Select partition rsts 0 C(boot_partition) 0 EEPROM config 0 result 1
  9.98 Trying partition: 1
  9.03 type: 32 lba: 2048 'mkfs.fat' ' boot       ' clusters 258078 (1)
  9.07 rsc 32 fat-sectors 2017 root dir cluster 2 sectors 0 entries 0
  9.16 FAT32 clusters 258078
  9.19 Read config.txt bytes      302 hnd 0x13ace
  9.22 [sdcard] pieeprom.upd not found
  9.24 usb_max_current_enable default 0 max-current 5000
  9.37 Read bcm2712-rpi-5-b.dtb bytes    78744 hnd 0x11b80
  9.39 dt-match: compatible: raspberrypi,5-model-b match: brcm,bcm2712
  9.46 dt-match: compatible: brcm,bcm2712 match: brcm,bcm2712
  9.57 Read /config.txt bytes      302 hnd 0x13ace
  9.61 Read /config.txt bytes      302 hnd 0x13ace
  9.66 MESS:00:00:09.266783:0: Initial voltage 800000 temp 28487
  9.67 MESS:00:00:09.467219:0: avs_2712: AVS pred 8613 861300 temp 29037
  9.70 MESS:00:00:09.470827:0: vpred 861 mV +0
 10.99 MESS:00:00:10.099087:0: FB framebuffer_swap 1
 10.00 MESS:00:00:10.100958:0: Select resolution HDMI0/2 hotplug 0 max_mode 2
 10.07 MESS:00:00:10.107847:0: Select resolution HDMI1/2 hotplug 0 max_mode 2
 10.27 MESS:00:00:10.127417:0: dtb_file 'bcm2712-rpi-5-b.dtb'
 10.30 Loading 'bcm2712-rpi-5-b.dtb' to 0x00000000 offset 0x100
 10.44 Read bcm2712-rpi-5-b.dtb bytes    78744 hnd 0x11b80
 10.81 Read /overlays/overlay_map.dtb bytes     5971 hnd 0x12152
 10.09 Read /overlays/bcm2712d0.dtbo bytes     1363 hnd 0x1245f
 10.32 MESS:00:00:10.232194:0: Loaded overlay 'bcm2712d0'
 10.96 PCIEx1: PWR 0 DET_WAKE 0
 10.10 Read /config.txt bytes      302 hnd 0x13ace
 10.20 Read /overlays/vc4-kms-v3d-pi5.dtbo bytes     3306 hnd 0x121a9
 10.67 MESS:00:00:10.367584:0: Loaded overlay 'vc4-kms-v3d-pi5'
 10.80 Read /overlays/cma.dtbo bytes      964 hnd 0x1200f
 10.89 MESS:00:00:10.489022:0: Loaded overlay 'cma'
 10.90 MESS:00:00:10.490798:0: dtparam: cma-320=true
 10.08 Read /overlays/dwc2.dtbo bytes      801 hnd 0x120d2
 10.20 MESS:00:00:10.520041:0: Loaded overlay 'dwc2'
 10.21 MESS:00:00:10.521909:0: dtparam: dr_mode=peripheral
 10.10 Read /cmdline.txt bytes      124 hnd 0x11fbe
 10.46 BMD "armstub8-2712.bin" not found
 10.46 fs_open: 'armstub8-2712.bin' 
 10.50 Loading 'u-boot.bin' to 0x00000000 offset 0x200000
 10.91 Read u-boot.bin bytes   708664 hnd 0x13562
 10.93 PCI1 reset
 10.05 PCI2 reset
 10.15 set_reboot_order 0
 10.15 set_reboot_arg1 0
 10.16 USB-OTG disconnect
 10.58 MESS:00:00:10.958790:0: BSC_A no ACK
 10.60 MESS:00:00:10.960022:0: BSC_A no ACK
 10.63 MESS:00:00:10.963948:0: BSC_A no ACK
 10.87 MESS:00:00:10.987882:0: BSC_B no ACK
 10.89 MESS:00:00:10.989108:0: BSC_B no ACK
 10.93 MESS:00:00:10.993044:0: BSC_B no ACK
 11.16 MESS:00:00:11.016811:0: Starting OS 11016 ms
 11.22 MESS:00:00:11.022423:0: 00000040: -> 00000480
 11.24 MESS:00:00:11.024276:0: 00000030: -> 00100080
 11.29 MESS:00:00:11.028989:0: 00000034: -> 00100080
 11.33 MESS:00:00:11.033702:0: 00000038: -> 00100080
 11.38 MESS:00:00:11.038415:0: 0000003c: -> 00100080

NOTICE:  BL31: v2.6(release):v2.6-240-gfc45bc492
NOTICE:  BL31: Built : 12:55:13, Dec  4 2024
[    0.000000] Booting Linux on physical CPU 0x0000000000 [0x414fd0b1]
[    0.000000] Linux version 6.12.73-g8af794a959ec-v8 (kleaf@build-host) (Android (14043575, +pgo, +bolt, +lto, +mlgo, based on r536225) clang version 19.0.1 (https://android.googlesource.com/toolchain/llvm-project b3a530ec6537146650e42be89f1089e9a3588460), LLD 19.0.1) #1 SMP PREEMPT Thu Feb 19 17:32:04 UTC 2026
[    0.000000] KASLR enabled
[    0.000000] random: crng init done
[    0.000000] Machine model: Raspberry Pi 5 Model B Rev 1.1
[    0.000000] efi: UEFI not found.
[    0.000000] Reserved memory: created CMA memory pool at 0x000000002bc00000, size 320 MiB
[    0.000000] OF: reserved mem: initialized node linux,cma, compatible id shared-dma-pool
[    0.000000] OF: reserved mem: 0x000000002bc00000..0x000000003fbfffff (327680 KiB) map reusable linux,cma
[    0.000000] OF: reserved mem: 0x0000000000000000..0x000000000007ffff (512 KiB) nomap non-reusable atf@0
[    0.000000] OF: reserved mem: 0x000000003fd16220..0x000000003fd1625d (0 KiB) nomap non-reusable nvram@0
[    0.000000] NUMA: Faking a node at [mem 0x0000000000000000-0x00000003ffffffff]
[    0.000000] NODE_DATA(0) allocated [mem 0x3fdd9dc80-0x3fdda0a3f]
[    0.000000] Zone ranges:
[    0.000000]   DMA      [mem 0x0000000000000000-0x00000000ffffffff]
[    0.000000]   DMA32    empty
[    0.000000]   Normal   [mem 0x0000000100000000-0x00000003ffffffff]
[    0.000000] Movable zone start for each node
[    0.000000] Early memory node ranges
[    0.000000]   node   0: [mem 0x0000000000000000-0x000000000007ffff]
[    0.000000]   node   0: [mem 0x0000000000080000-0x000000003fbfffff]
[    0.000000]   node   0: [mem 0x0000000040000000-0x00000003ffffffff]
[    0.000000] Initmem setup node 0 [mem 0x0000000000000000-0x00000003ffffffff]
[    0.000000] On node 0, zone DMA: 1024 pages in unavailable ranges
[    0.000000] psci: probing for conduit method from DT.
[    0.000000] psci: PSCIv1.1 detected in firmware.
[    0.000000] psci: Using standard PSCI v0.2 function IDs
[    0.000000] psci: MIGRATE_INFO_TYPE not supported.
[    0.000000] psci: SMC Calling Convention v1.2
[    0.000000] percpu: Embedded 83 pages/cpu s176280 r131072 d32616 u339968
[    0.000000] Detected PIPT I-cache on CPU0
[    0.000000] CPU features: detected: Virtualization Host Extensions
[    0.000000] CPU features: detected: Spectre-v4
[    0.000000] CPU features: detected: Spectre-BHB
[    0.000000] CPU features: kernel page table isolation forced ON by KASLR
[    0.000000] CPU features: detected: Kernel page table isolation (KPTI)
[    0.000000] CPU features: detected: SSBS not fully self-synchronizing
[    0.000000] alternatives: applying boot alternatives
[    0.000000] Kernel command line:  root=/dev/ram0 rootwait androidboot.hardware=rpi5 androidboot.selinux=permissive androidboot.serialno=6113ca6606956aab androidboot.btmacaddr=11:22:06:95:6a:ab
[    0.000000] printk: log buffer data + meta data: 131072 + 458752 = 589824 bytes
[    0.000000] Dentry cache hash table entries: 2097152 (order: 12, 16777216 bytes, linear)
[    0.000000] Inode-cache hash table entries: 1048576 (order: 11, 8388608 bytes, linear)
[    0.000000] Fallback order for Node 0: 0 
[    0.000000] Built 1 zonelists, mobility grouping on.  Total pages: 4193280
[    0.000000] Policy zone: Normal
[    0.000000] mem auto-init: stack:all(zero), heap alloc:off, heap free:off
[    0.000000] software IO TLB: area num 4.
[    0.000000] software IO TLB: mapped [mem 0x00000000fbfff000-0x00000000fffff000] (64MB)
[    0.000000] SLUB: HWalign=64, Order=0-3, MinObjects=0, CPUs=4, Nodes=1
[    0.000000] ftrace: allocating 63501 entries in 249 pages
[    0.000000] ftrace: allocated 249 pages with 6 groups
[    0.000000] rcu: Preemptible hierarchical RCU implementation.
[    0.000000] rcu: 	RCU event tracing is enabled.
[    0.000000] 	Trampoline variant of Tasks RCU enabled.
[    0.000000] 	Rude variant of Tasks RCU enabled.
[    0.000000] 	Tracing variant of Tasks RCU enabled.
[    0.000000] rcu: RCU calculated value of scheduler-enlistment delay is 25 jiffies.
[    0.000000] RCU Tasks: Setting shift to 2 and lim to 1 rcu_task_cb_adjust=1 rcu_task_cpu_ids=4.
[    0.000000] RCU Tasks Rude: Setting shift to 2 and lim to 1 rcu_task_cb_adjust=1 rcu_task_cpu_ids=4.
[    0.000000] RCU Tasks Trace: Setting shift to 2 and lim to 1 rcu_task_cb_adjust=1 rcu_task_cpu_ids=4.
[    0.000000] NR_IRQS: 64, nr_irqs: 64, preallocated irqs: 0
[    0.000000] Root IRQ handler: gic_handle_irq
[    0.000000] GIC: Using split EOI/Deactivate mode
[    0.000000] rcu: srcu_init: Setting srcu_struct sizes based on contention.
[    0.000000] arch_timer: cp15 timer(s) running at 54.00MHz (phys).
[    0.000000] clocksource: arch_sys_counter: mask: 0xffffffffffffff max_cycles: 0xc743ce346, max_idle_ns: 440795203123 ns
[    0.000000] sched_clock: 56 bits at 54MHz, resolution 18ns, wraps every 4398046511102ns
[    0.000125] kfence: initialized - using 2097152 bytes for 255 objects at 0x(____ptrval____)-0x(____ptrval____)
[    0.000183] Calibrating delay loop (skipped), value calculated using timer frequency.. 108.00 BogoMIPS (lpj=216000)
[    0.000187] pid_max: default: 32768 minimum: 301
[    0.000219] LSM: initializing lsm=capability,selinux,bpf
[    0.000250] SELinux:  Initializing.
[    0.000515] LSM support for eBPF active
[    0.000597] Mount-cache hash table entries: 32768 (order: 6, 262144 bytes, linear)
[    0.000640] Mountpoint-cache hash table entries: 32768 (order: 6, 262144 bytes, linear)
[    0.001367] rcu: Hierarchical SRCU implementation.
[    0.001369] rcu: 	Max phase no-delay instances is 1000.
[    0.001420] Timer migration: 1 hierarchy levels; 8 children per group; 1 crossnode level
[    0.001807] EFI services will not be available.
[    0.001875] smp: Bringing up secondary CPUs ...
[    0.002034] Detected PIPT I-cache on CPU1
[    0.002062] CPU1: Booted secondary processor 0x0000000100 [0x414fd0b1]
[    0.002246] Detected PIPT I-cache on CPU2
[    0.002268] CPU2: Booted secondary processor 0x0000000200 [0x414fd0b1]
[    0.002431] Detected PIPT I-cache on CPU3
[    0.002449] CPU3: Booted secondary processor 0x0000000300 [0x414fd0b1]
[    0.002477] smp: Brought up 1 node, 4 CPUs
[    0.002480] SMP: Total of 4 processors activated.
[    0.002481] CPU: All CPU(s) started at EL2
[    0.002482] CPU features: detected: 32-bit EL0 Support
[    0.002484] CPU features: detected: Data cache clean to the PoU not required for I/D coherence
[    0.002486] CPU features: detected: Common not Private translations
[    0.002487] CPU features: detected: CRC32 instructions
[    0.002489] CPU features: detected: RCpc load-acquire (LDAPR)
[    0.002490] CPU features: detected: LSE atomic instructions
[    0.002491] CPU features: detected: Privileged Access Never
[    0.002492] CPU features: detected: RAS Extension Support
[    0.002493] CPU features: detected: Speculative Store Bypassing Safe (SSBS)
[    0.002513] alternatives: applying system-wide alternatives
[    0.004782] CPU features: detected: Hardware dirty bit management on CPU0-3
[    0.004925] Memory: 16010128K/16773120K available (22016K kernel code, 2814K rwdata, 9228K rodata, 2048K init, 749K bss, 429232K reserved, 327680K cma-reserved)
[    0.005360] devtmpfs: initialized
[    0.007636] Enabled cp15_barrier support
[    0.007640] Enabled setend support
[    0.007701] clocksource: jiffies: mask: 0xffffffff max_cycles: 0xffffffff, max_idle_ns: 7645041785100000 ns
[    0.007705] futex hash table entries: 1024 (order: 4, 65536 bytes, linear)
[    0.010963] 2G module region forced by RANDOMIZE_MODULE_REGION_FULL
[    0.010966] 0 pages in range for non-PLT usage
[    0.010968] 515008 pages in range for PLT usage
[    0.011071] pinctrl core: initialized pinctrl subsystem
[    0.011987] NET: Registered PF_NETLINK/PF_ROUTE protocol family
[    0.012280] DMA: preallocated 2048 KiB GFP_KERNEL pool for atomic allocations
[    0.012347] DMA: preallocated 2048 KiB GFP_KERNEL|GFP_DMA pool for atomic allocations
[    0.012369] audit: initializing netlink subsys (disabled)
[    0.012416] audit: type=2000 audit(0.008:1): state=initialized audit_enabled=0 res=1
[    0.012514] thermal_sys: Registered thermal governor 'step_wise'
[    0.012525] cpuidle: using governor menu
[    0.012579] hw-breakpoint: found 6 breakpoint and 4 watchpoint registers.
[    0.012601] ASID allocator initialised with 32768 entries
[    0.012828] Serial: AMBA PL011 UART driver
[    0.013428] /soc@107c000000/interrupt-controller@7fff9000: Fixed dependency cycle(s) with /soc@107c000000/interrupt-controller@7fff9000
[    0.013603] bcm2835-mbox 107c013880.mailbox: mailbox enabled
[    0.013723] 107d001000.serial: ttyAMA10 at MMIO 0x107d001000 (irq = 16, base_baud = 0) is a PL011 AXI
[    0.013732] printk: legacy console [ttyAMA10] enabled
[    0.803832] raspberrypi-firmware soc@107c000000:firmware: Attached to firmware from 2025-03-10T17:10:37, variant start_cd
[    0.818847] raspberrypi-firmware soc@107c000000:firmware: Firmware hash is 2bb2ae6400000000000000000000000000000000
[    0.905351] raid6: neonx8   gen() 12725 MB/s
[    0.977651] raid6: neonx4   gen() 12747 MB/s
[    1.049948] raid6: neonx2   gen() 11666 MB/s
[    1.122242] raid6: neonx1   gen()  9153 MB/s
[    1.194549] raid6: int64x8  gen()  5196 MB/s
[    1.266847] raid6: int64x4  gen()  5598 MB/s
[    1.339152] raid6: int64x2  gen()  4919 MB/s
[    1.411448] raid6: int64x1  gen()  4141 MB/s
[    1.415727] raid6: using algorithm neonx4 gen() 12747 MB/s
[    1.489244] raid6: .... xor() 9725 MB/s, rmw enabled
[    1.494222] raid6: using neon recovery algorithm
[    1.498976] bcm2835-dma 1000010000.dma: DMA legacy API manager, dmachans=0x1
[    1.506334] iommu: Default domain type: Translated
[    1.511146] iommu: DMA domain TLB invalidation policy: strict mode
[    1.517463] SCSI subsystem initialized
[    1.521250] usbcore: registered new interface driver usbfs
[    1.526759] usbcore: registered new interface driver hub
[    1.532094] usbcore: registered new device driver usb
[    1.537255] mc: Linux media interface: v0.10
[    1.541544] videodev: Linux video capture interface: v2.00
[    1.547064] pps_core: LinuxPPS API ver. 1 registered
[    1.552042] pps_core: Software ver. 5.3.6 - Copyright 2005-2007 Rodolfo Giometti <giometti@linux.it>
[    1.561212] PTP clock support registered
[    1.565182] Advanced Linux Sound Architecture Driver Initialized.
[    1.571431] Bluetooth: Core ver 2.22
[    1.575018] NET: Registered PF_BLUETOOTH protocol family
[    1.580346] Bluetooth: HCI device and connection manager initialized
[    1.586721] Bluetooth: HCI socket layer initialized
[    1.591613] Bluetooth: L2CAP socket layer initialized
[    1.596686] Bluetooth: SCO socket layer initialized
[    1.601727] clocksource: Switched to clocksource arch_sys_counter
[    1.607957] VFS: Disk quotas dquot_6.6.0
[    1.611909] VFS: Dquot-cache hash table entries: 512 (order 0, 4096 bytes)
[    1.619064] NET: Registered PF_INET protocol family
[    1.624297] IP idents hash table entries: 262144 (order: 9, 2097152 bytes, linear)
[    1.634695] tcp_listen_portaddr_hash hash table entries: 8192 (order: 5, 131072 bytes, linear)
[    1.643432] Table-perturb hash table entries: 65536 (order: 6, 262144 bytes, linear)
[    1.651219] TCP established hash table entries: 131072 (order: 8, 1048576 bytes, linear)
[    1.659686] TCP bind hash table entries: 65536 (order: 9, 2097152 bytes, linear)
[    1.668592] TCP: Hash tables configured (established 131072 bind 65536)
[    1.675425] MPTCP token hash table entries: 16384 (order: 7, 393216 bytes, linear)
[    1.683301] UDP hash table entries: 8192 (order: 6, 262144 bytes, linear)
[    1.690255] UDP-Lite hash table entries: 8192 (order: 6, 262144 bytes, linear)
[    1.697711] NET: Registered PF_UNIX/PF_LOCAL protocol family
[    1.703603] NET: Registered PF_XDP protocol family
[    1.708416] PCI: CLS 0 bytes, default 64
[    1.712413] Trying to unpack rootfs image as initramfs...
[    1.719611] kvm [1]: nv: 554 coarse grained trap handlers
[    1.725194] kvm [1]: IPA Size Limit: 40 bits
[    1.729529] kvm [1]: vgic interrupt IRQ9
[    1.733487] kvm [1]: VHE mode initialized successfully
[    1.736644] Freeing initrd memory: 1508K
[    1.743139] Initialise system trusted keyrings
[    1.747677] workingset: timestamp_bits=42 max_order=22 bucket_order=0
[    1.754605] Key type cifs.idmap registered
[    1.758755] fuse: init (API version 7.41)
[    1.774627] xor: measuring software checksum speed
[    1.779613]    8regs           : 18329 MB/sec
[    1.784156]    32regs          : 18696 MB/sec
[    1.788673]    arm64_neon      : 21964 MB/sec
[    1.793041] xor: using function: arm64_neon (21964 MB/sec)
[    1.798547] Key type asymmetric registered
[    1.802653] Asymmetric key parser 'x509' registered
[    1.807560] Block layer SCSI generic (bsg) driver version 0.4 loaded (major 244)
[    1.815022] io scheduler mq-deadline registered
[    1.819567] io scheduler kyber registered
[    1.823591] io scheduler bfq registered
[    1.827811] irq_brcmstb_l2: registered L2 intc (/soc@107c000000/interrupt-controller@7d510600, parent irq: 27)
[    1.837903] irq_brcmstb_l2: registered L2 intc (/soc@107c000000/interrupt-controller@7c502000, parent irq: 28)
[    1.847985] irq_brcmstb_l2: registered L2 intc (/soc@107c000000/intc@7d508380, parent irq: 29)
[    1.856666] irq_brcmstb_l2: registered L2 intc (/soc@107c000000/intc@7d508400, parent irq: 30)
[    1.865341] irq_brcmstb_l2: registered L2 intc (/soc@107c000000/intc@7d503000, parent irq: 31)
[    1.874991] ledtrig-cpu: registered to indicate activity on CPUs
[    1.909749] bcm7271-uart 107d50c000.serial: error -EINVAL: unable to register 8250 port
[    1.917788] bcm7271-uart 107d50c000.serial: probe with driver bcm7271-uart failed with error -22
[    1.926803] iproc-rng200 107d208000.rng: hwrng registered
[    1.932249] vc-mem: phys_addr:0x00000000 mem_base=0x00000000 mem_size:0x00000000(0 MiB)
[    1.940384] rpi-gpiomem 107d508500.gpiomem: window base 0x107d508500 size 0x00000040
[    1.948205] rpi-gpiomem 107d508500.gpiomem: initialised 1 regions as /dev/gpiomem1
[    1.955815] rpi-gpiomem 107d517c00.gpiomem: window base 0x107d517c00 size 0x00000040
[    1.963609] rpi-gpiomem 107d517c00.gpiomem: initialised 1 regions as /dev/gpiomem2
[    1.971218] rpi-gpiomem 107d504100.gpiomem: window base 0x107d504100 size 0x00000020
[    1.979010] rpi-gpiomem 107d504100.gpiomem: initialised 1 regions as /dev/gpiomem3
[    1.986618] rpi-gpiomem 107d510700.gpiomem: window base 0x107d510700 size 0x00000020
[    1.994410] rpi-gpiomem 107d510700.gpiomem: initialised 1 regions as /dev/gpiomem4
[    2.002130] bcm2712-iommu-cache 1000005b00.iommuc: bcm2712_iommu_cache_probe
[    2.012209] brd: module loaded
[    2.017778] loop: module loaded
[    2.021018] zram: Added device: zram0
[    2.024858] bcm2835-power bcm2835-power: Broadcom BCM2835 power domains driver
[    2.032310] Loading iSCSI transport class v2.0-870.
[    2.038074] wireguard: WireGuard 1.0.0 loaded. See www.wireguard.com for information.
[    2.045964] wireguard: Copyright (C) 2015-2019 Jason A. Donenfeld <Jason@zx2c4.com>. All Rights Reserved.
[    2.056148] tun: Universal TUN/TAP device driver, 1.6
[    2.061426] usbcore: registered new interface driver brcmfmac
[    2.067205] usbcore: registered new device driver r8152-cfgselector
[    2.073499] usbcore: registered new interface driver r8152
[    2.079010] usbcore: registered new interface driver lan78xx
[    2.084693] usbcore: registered new interface driver asix
[    2.090117] usbcore: registered new interface driver ax88179_178a
[    2.096238] usbcore: registered new interface driver cdc_ether
[    2.102096] usbcore: registered new interface driver smsc95xx
[    2.107867] usbcore: registered new interface driver cdc_ncm
[    2.113552] usbcore: registered new interface driver r8153_ecm
[    2.119463] dwc_otg: version 3.00a 10-AUG-2012 (platform bus)
[    2.126296] dwc2 1000480000.usb: supply vusb_d not found, using dummy regulator
[    2.133668] dwc2 1000480000.usb: supply vusb_a not found, using dummy regulator
[    2.241184] dwc2 1000480000.usb: EPs: 8, dedicated fifos, 4080 entries in SPRAM
[    2.248639] usbcore: registered new interface driver cdc_acm
[    2.254319] cdc_acm: USB Abstract Control Model driver for USB modems and ISDN adapters
[    2.262367] usbcore: registered new interface driver usblp
[    2.267905] usbcore: registered new interface driver uas
[    2.273242] usbcore: registered new interface driver usb-storage
[    2.279289] usbcore: registered new interface driver ch341
[    2.284797] usbserial: USB Serial support registered for ch341-uart
[    2.291091] usbcore: registered new interface driver cp210x
[    2.296684] usbserial: USB Serial support registered for cp210x
[    2.302627] usbcore: registered new interface driver pl2303
[    2.308220] usbserial: USB Serial support registered for pl2303
[    2.314274] mousedev: PS/2 mouse device common for all mice
[    2.319882] usbcore: registered new interface driver xpad
[    2.325307] usbcore: registered new interface driver usb_acecad
[    2.331253] usbcore: registered new interface driver aiptek
[    2.336851] usbcore: registered new interface driver hanwang
[    2.342536] usbcore: registered new interface driver kbtab
[    2.348066] usbcore: registered new interface driver usbtouchscreen
[    2.361911] rpi-rtc soc@107c000000:rpi_rtc: registered as rtc0
[    2.369144] rpi-rtc soc@107c000000:rpi_rtc: setting system clock to 1970-01-01T00:00:20 UTC (20)
[    2.377983] i2c_dev: i2c /dev entries driver
[    2.382381] brcmstb-i2c 107d508200.i2c:  @97500hz registered in interrupt mode
[    2.389697] brcmstb-i2c 107d508280.i2c:  @97500hz registered in interrupt mode
[    2.397061] ir_imon_decoder: IR iMON protocol handler initialized
[    2.403184] IR JVC protocol handler initialized
[    2.407728] IR MCE Keyboard/mouse protocol handler initialized
[    2.413579] IR NEC protocol handler initialized
[    2.418122] IR RC5(x/sz) protocol handler initialized
[    2.423187] IR RC6 protocol handler initialized
[    2.427730] IR RCMM protocol handler initialized
[    2.432359] IR SANYO protocol handler initialized
[    2.437082] IR Sharp protocol handler initialized
[    2.441802] IR Sony protocol handler initialized
[    2.446432] IR XMP protocol handler initialized
[    2.451097] usbcore: registered new interface driver uvcvideo
[    2.457191] bcm2835-wdt bcm2835-wdt: Poweroff handler already present!
[    2.463747] bcm2835-wdt bcm2835-wdt: Broadcom BCM2835 watchdog timer
[    2.470138] device-mapper: uevent: version 1.0.3
[    2.474799] device-mapper: ioctl: 4.48.0-ioctl (2023-03-01) initialised: dm-devel@lists.linux.dev
[    2.483745] Bluetooth: HCI UART driver ver 2.3
[    2.488202] Bluetooth: HCI UART protocol H4 registered
[    2.493371] Bluetooth: HCI UART protocol Broadcom registered
[    2.501093] sdhci: Secure Digital Host Controller Interface driver
[    2.507297] sdhci: Copyright(c) Pierre Ossman
[    2.511704] sdhci-pltfm: SDHCI platform and OF driver helper
[    2.517443] SMCCC: SOC_ID: ARCH_SOC_ID not implemented, skipping ....
[    2.523922] hid: raw HID events driver (C) Jiri Kosina
[    2.529752] usbcore: registered new interface driver usbhid
[    2.535347] usbhid: USB HID core driver
[    2.539242] ashmem: initialized
[    2.542431] SPI driver st-accel-spi has no spi_device_id for st,lis302dl-spi
[    2.549509] SPI driver st-accel-spi has no spi_device_id for st,lis3lv02dl-accel
[    2.556931] SPI driver st-accel-spi has no spi_device_id for st,lis3dh-accel
[    2.564007] SPI driver st-accel-spi has no spi_device_id for st,lsm330d-accel
[    2.571168] SPI driver st-accel-spi has no spi_device_id for st,lsm330dl-accel
[    2.578419] SPI driver st-accel-spi has no spi_device_id for st,lsm330dlc-accel
[    2.585758] SPI driver st-accel-spi has no spi_device_id for st,lis331dlh-accel
[    2.593093] SPI driver st-accel-spi has no spi_device_id for st,lsm330-accel
[    2.600168] SPI driver st-accel-spi has no spi_device_id for st,lsm303agr-accel
[    2.607504] SPI driver st-accel-spi has no spi_device_id for st,lis2dh12-accel
[    2.614754] SPI driver st-accel-spi has no spi_device_id for st,lng2dm-accel
[    2.621827] SPI driver st-accel-spi has no spi_device_id for st,h3lis331dl-accel
[    2.629252] SPI driver st-accel-spi has no spi_device_id for st,lis331dl-accel
[    2.636500] SPI driver st-accel-spi has no spi_device_id for st,lsm303c-accel
[    2.643702] SPI driver st-magn-spi has no spi_device_id for st,lis3mdl-magn
[    2.650688] SPI driver st-magn-spi has no spi_device_id for st,lsm303agr-magn
[    2.657851] SPI driver st-magn-spi has no spi_device_id for st,lsm9ds1-magn
[    2.664837] SPI driver st-magn-spi has no spi_device_id for st,lsm303c-magn
[    2.672087] hw perfevents: enabled with armv8_cortex_a76 PMU driver, 7 (0,8000003f) counters available
[    2.681684] usbcore: registered new interface driver snd-usb-audio
[    2.688390] GACT probability NOT on
[    2.691893] Mirror/redirect action on
[    2.695588] netem: version 1.3
[    2.698667] u32 classifier
[    2.701377]     input device check on
[    2.705048]     Actions configured
[    2.709548] xt_time: kernel timezone is -0000
[    2.713965] ipip: IPv4 and MPLS over IPv4 tunneling driver
[    2.719593] gre: GRE over IPv4 demultiplexor driver
[    2.724489] ip_gre: GRE over IPv4 tunneling driver
[    2.729492] IPv4 over IPsec tunneling driver
[    2.733855] Initializing XFRM netlink socket
[    2.738144] IPsec XFRM device driver
[    2.741745] NET: Registered PF_INET6 protocol family
[    2.747107] Segment Routing with IPv6
[    2.750789] In-situ OAM (IOAM) with IPv6
[    2.754746] mip6: Mobile IPv6
[    2.757852] sit: IPv6, IPv4 and MPLS over IPv4 tunneling driver
[    2.763959] ip6_gre: GRE over IPv6 tunneling driver
[    2.768949] NET: Registered PF_PACKET protocol family
[    2.774018] NET: Registered PF_KEY protocol family
[    2.778839] Key type dns_resolver registered
[    2.783154] NET: Registered PF_VSOCK protocol family
[    2.793401] registered taskstats version 1
[    2.797592] Loading compiled-in X.509 certificates
[    2.806024] Demotion targets for Node 0: null
[    2.810657] Key type .fscrypt registered
[    2.814606] Key type fscrypt-provisioning registered
[    2.820082] Btrfs loaded, zoned=no, fsverity=yes
[    2.826108] brcm-pcie 1000120000.pcie: host bridge /axi/pcie@1000120000 ranges:
[    2.833514] brcm-pcie 1000120000.pcie:   No bus range found for /axi/pcie@1000120000, using [bus 00-ff]
[    2.842978] brcm-pcie 1000120000.pcie:      MEM 0x1f00000000..0x1ffffffffb -> 0x0000000000
[    2.851293] brcm-pcie 1000120000.pcie:      MEM 0x1c00000000..0x1effffffff -> 0x0400000000
[    2.859600] brcm-pcie 1000120000.pcie:   IB MEM 0x1f00000000..0x1f003fffff -> 0x0000000000
[    2.867902] brcm-pcie 1000120000.pcie:   IB MEM 0x0000000000..0x0fffffffff -> 0x1000000000
[    2.876203] brcm-pcie 1000120000.pcie:   IB MEM 0x1000130000..0x1000130fff -> 0xfffffff000
[    2.885936] brcm-pcie 1000120000.pcie: PCI host bridge to bus 0002:00
[    2.892405] pci_bus 0002:00: root bus resource [bus 00-ff]
[    2.897945] pci_bus 0002:00: root bus resource [mem 0x1f00000000-0x1ffffffffb] (bus address [0x00000000-0xfffffffb])
[    2.908519] pci_bus 0002:00: root bus resource [mem 0x1c00000000-0x1effffffff pref] (bus address [0x400000000-0x6ffffffff])
[    2.919711] pci 0002:00:00.0: [14e4:2712] type 01 class 0x060400 PCIe Root Port
[    2.927059] pci 0002:00:00.0: PCI bridge to [bus 00]
[    2.932050] pci 0002:00:00.0:   bridge window [mem 0x1f80000000-0x1fbfffffff]
[    2.939235] pci 0002:00:00.0: PME# supported from D0 D3hot
[    2.945342] pci 0002:00:00.0: bridge configuration invalid ([bus 00-00]), reconfiguring
[    3.053739] brcm-pcie 1000120000.pcie: clkreq-mode set to default
[    3.059859] brcm-pcie 1000120000.pcie: link up, 5.0 GT/s PCIe x4 (!SSC)
[    3.066536] pci 0002:01:00.0: [1de4:0001] type 00 class 0x020000 PCIe Endpoint
[    3.073804] pci 0002:01:00.0: BAR 0 [mem 0xffffc000-0xffffffff]
[    3.079752] pci 0002:01:00.0: BAR 1 [mem 0xffc00000-0xffffffff]
[    3.085703] pci 0002:01:00.0: BAR 2 [mem 0xffff0000-0xffffffff]
[    3.091711] pci 0002:01:00.0: supports D1
[    3.095732] pci 0002:01:00.0: PME# supported from D0 D1 D3hot D3cold
[    3.109734] pci_bus 0002:01: busn_res: [bus 01-ff] end is updated to 01
[    3.116380] pci 0002:00:00.0: bridge window [mem 0x1f00000000-0x1f005fffff]: assigned
[    3.124248] pci 0002:01:00.0: BAR 1 [mem 0x1f00000000-0x1f003fffff]: assigned
[    3.131417] pci 0002:01:00.0: BAR 2 [mem 0x1f00400000-0x1f0040ffff]: assigned
[    3.138584] pci 0002:01:00.0: BAR 0 [mem 0x1f00410000-0x1f00413fff]: assigned
[    3.145755] pci 0002:00:00.0: PCI bridge to [bus 01]
[    3.150742] pci 0002:00:00.0:   bridge window [mem 0x1f00000000-0x1f005fffff]
[    3.157909] pci_bus 0002:00: resource 4 [mem 0x1f00000000-0x1ffffffffb]
[    3.164549] pci_bus 0002:00: resource 5 [mem 0x1c00000000-0x1effffffff pref]
[    3.171624] pci_bus 0002:01: resource 1 [mem 0x1f00000000-0x1f005fffff]
[    3.178328] pcieport 0002:00:00.0: enabling device (0000 -> 0002)
[    3.184478] pcieport 0002:00:00.0: PME: Signaling with IRQ 42
[    3.190323] pcieport 0002:00:00.0: AER: enabled with IRQ 42
[    3.196015] rp1 0002:01:00.0: bar0 len 0x4000, start 0x1f00410000, end 0x1f00413fff, flags, 0x40200
[    3.205105] rp1 0002:01:00.0: bar1 len 0x400000, start 0x1f00000000, end 0x1f003fffff, flags, 0x40200
[    3.214379] rp1 0002:01:00.0: enabling device (0000 -> 0002)
[    3.220795] rp1 0002:01:00.0: chip_id 0x20001927
[    3.230159] rpi-gpiomem 1f000d0000.gpiomem: window base 0x1f000d0000 size 0x00030000
[    3.238037] rpi-gpiomem 1f000d0000.gpiomem: initialised 1 regions as /dev/gpiomem0
[    3.245853] bcm2712-iommu 1000005100.iommu: IOVA aperture 0xa00000000..0xb00000000 including DMA offset 0x0
[    3.255664] bcm2712-iommu 1000005100.iommu: bcm2712_iommu_init: DEBUG_INFO = 0x20804774
[    3.263765] bcm2712-iommu 1000005200.iommu: IOVA aperture 0xa00000000..0xa80000000 including DMA offset 0x0
[    3.273574] bcm2712-iommu 1000005200.iommu: bcm2712_iommu_init: DEBUG_INFO = 0x20804774
[    3.281659] bcm2712-iommu 1000005280.iommu: IOVA aperture 0x1a00000000..0x1a80000000 including DMA offset 0x1000000000
[    3.292419] bcm2712-iommu 1000005280.iommu: bcm2712_iommu_init: DEBUG_INFO = 0x20804774
[    3.305313] v3d 1002000000.v3d: [drm] Transparent Hugepage support is recommended for optimal performance on this platform!
[    3.316800] [drm] Initialized v3d 1.0.0 for 1002000000.v3d on minor 0
[    3.326701] vc4_hvs 107c580000.hvs: bcm2712_iommu_of_xlate: MMU 1000005200.iommu
[    3.334135] vc4_hvs 107c580000.hvs: bcm2712_iommu_probe_device: MMU 1000005200.iommu
[    3.341919] vc4_hvs 107c580000.hvs: bcm2712_iommu_device_group: MMU 1000005200.iommu
[    3.349704] vc4_hvs 107c580000.hvs: Adding to iommu group 1
[    3.355299] vc4_hvs 107c580000.hvs: bcm2712_iommu_attach_dev: MMU 1000005200.iommu
[    3.362975] vc4-drm axi:gpu: bcm2712_iommu_of_xlate: MMU 1000005200.iommu
[    3.369801] vc4-drm axi:gpu: bcm2712_iommu_probe_device: MMU 1000005200.iommu
[    3.376972] vc4-drm axi:gpu: bcm2712_iommu_device_group: MMU 1000005200.iommu
[    3.384142] vc4-drm axi:gpu: Adding to iommu group 1
[    3.389122] vc4-drm axi:gpu: bcm2712_iommu_attach_dev: MMU 1000005200.iommu
[    3.398314] vc4-drm axi:gpu: bound 107c580000.hvs (ops vc4_hvs_ops)
[    3.409513] input: vc4-hdmi-0 HDMI Jack as /devices/platform/soc@107c000000/107c701400.hdmi/sound/card0/input0
[    3.424705] vc4-drm axi:gpu: bound 107c701400.hdmi (ops vc4_hdmi_ops)
[    3.435092] input: vc4-hdmi-1 HDMI Jack as /devices/platform/soc@107c000000/107c706400.hdmi/sound/card1/input1
[    3.448560] vc4-drm axi:gpu: bound 107c706400.hdmi (ops vc4_hdmi_ops)
[    3.455077] vc4-drm axi:gpu: bound 107c500000.mop (ops vc4_txp_ops)
[    3.461405] vc4-drm axi:gpu: bound 107c501000.moplet (ops vc4_txp_ops)
[    3.468001] vc4-drm axi:gpu: bound 107c410000.pixelvalve (ops vc4_crtc_ops)
[    3.475057] vc4-drm axi:gpu: bound 107c411000.pixelvalve (ops vc4_crtc_ops)
[    3.482672] [drm] Initialized vc4 0.0.0 for axi:gpu on minor 1
[    3.491116] vc4-drm axi:gpu: [drm] Cannot find any crtc or sizes
[    3.497326] rpi-hevc-dec 1000800000.codec: bcm2712_iommu_of_xlate: MMU 1000005100.iommu
[    3.505395] rpi-hevc-dec 1000800000.codec: bcm2712_iommu_probe_device: MMU 1000005100.iommu
[    3.513791] rpi-hevc-dec 1000800000.codec: bcm2712_iommu_device_group: MMU 1000005100.iommu
[    3.522189] rpi-hevc-dec 1000800000.codec: Adding to iommu group 0
[    3.523895] vc4-drm axi:gpu: [drm] Cannot find any crtc or sizes
[    3.528403] rpi-hevc-dec 1000800000.codec: bcm2712_iommu_attach_dev: MMU 1000005100.iommu
[    3.537845] vc4-drm axi:gpu: [drm] Cannot find any crtc or sizes
[    3.543620] rpi-hevc-dec 1000800000.codec: Device registered as /dev/video19
[    3.555837] pispbe 1000880000.pisp_be: bcm2712_iommu_of_xlate: MMU 1000005100.iommu
[    3.563529] pispbe 1000880000.pisp_be: bcm2712_iommu_probe_device: MMU 1000005100.iommu
[    3.571579] pispbe 1000880000.pisp_be: bcm2712_iommu_device_group: MMU 1000005100.iommu
[    3.579624] pispbe 1000880000.pisp_be: Adding to iommu group 0
[    3.585483] pispbe 1000880000.pisp_be: bcm2712_iommu_attach_dev: MMU 1000005100.iommu
[    3.594409] sdhci-brcmstb 1000fff000.mmc: Got CD GPIO
[    3.599593] mmc0: CQHCI version 5.10
[    3.599903] genirq: irq_chip rp1_irq_chip did not update eff. affinity mask of irq 104
[    3.601943] mmc1: CQHCI version 5.10
[    3.631627] macb 1f00100000.ethernet eth0: Cadence GEM rev 0x00070109 at 0x1f00100000 irq 110 (88:a2:9e:11:aa:ea)
[    3.642628] dw_axi_dmac_platform 1f00188000.dma: DesignWare AXI DMA Controller, 8 channels
[    3.650554] mmc0: SDHCI controller on 1000fff000.mmc [1000fff000.mmc] using ADMA 64-bit
[    3.651160] xhci-hcd xhci-hcd.0: xHCI Host Controller
[    3.664031] xhci-hcd xhci-hcd.0: new USB bus registered, assigned bus number 1
[    3.671706] xhci-hcd xhci-hcd.0: hcc params 0x0240fe6d hci version 0x110 quirks 0x0000808000000810
[    3.680714] xhci-hcd xhci-hcd.0: irq 135, io mem 0x1f00200000
[    3.686556] xhci-hcd xhci-hcd.0: xHCI Host Controller
[    3.691626] xhci-hcd xhci-hcd.0: new USB bus registered, assigned bus number 2
[    3.698882] xhci-hcd xhci-hcd.0: Host supports USB 3.0 SuperSpeed
[    3.705035] usb usb1: New USB device found, idVendor=1d6b, idProduct=0002, bcdDevice= 6.12
[    3.713333] usb usb1: New USB device strings: Mfr=3, Product=2, SerialNumber=1
[    3.721732] usb usb1: Product: xHCI Host Controller
[    3.726628] usb usb1: Manufacturer: Linux 6.12.73-g8af794a959ec-v8 xhci-hcd
[    3.733624] usb usb1: SerialNumber: xhci-hcd.0
[    3.738227] hub 1-0:1.0: USB hub found
[    3.742005] hub 1-0:1.0: 2 ports detected
[    3.746152] usb usb2: New USB device found, idVendor=1d6b, idProduct=0003, bcdDevice= 6.12
[    3.754453] usb usb2: New USB device strings: Mfr=3, Product=2, SerialNumber=1
[    3.761704] usb usb2: Product: xHCI Host Controller
[    3.766600] usb usb2: Manufacturer: Linux 6.12.73-g8af794a959ec-v8 xhci-hcd
[    3.773626] usb usb2: SerialNumber: xhci-hcd.0
[    3.778199] hub 2-0:1.0: USB hub found
[    3.781967] hub 2-0:1.0: 1 port detected
[    3.786203] xhci-hcd xhci-hcd.1: xHCI Host Controller
[    3.791276] xhci-hcd xhci-hcd.1: new USB bus registered, assigned bus number 3
[    3.792366] mmc0: new ultra high speed SDR104 SDHC card at address aaaa
[    3.798961] xhci-hcd xhci-hcd.1: hcc params 0x0240fe6d hci version 0x110 quirks 0x0000808000000810
[    3.802256] mmc1: SDHCI controller on 1001100000.mmc [1001100000.mmc] using ADMA 64-bit
[    3.805333] mmcblk0: mmc0:aaaa JULIE 29.7 GiB
[    3.814167] xhci-hcd xhci-hcd.1: irq 140, io mem 0x1f00300000
[    3.827070]  mmcblk0: p1 p2 < p5 p6 p7 > p3
[    3.832396] xhci-hcd xhci-hcd.1: xHCI Host Controller
[    3.834066] mmc1: new ultra high speed DDR50 SDIO card at address 0001
[    3.841598] xhci-hcd xhci-hcd.1: new USB bus registered, assigned bus number 4
[    3.848301] mmcblk0: mmc0:aaaa JULIE 29.7 GiB (quirks 0x00004000)
[    3.855394] xhci-hcd xhci-hcd.1: Host supports USB 3.0 SuperSpeed
[    3.855429] usb usb3: New USB device found, idVendor=1d6b, idProduct=0002, bcdDevice= 6.12
[    3.861545] brcmfmac: brcmf_fw_alloc_request: using brcm/brcmfmac43455-sdio for chip BCM4345/6
[    3.867623] usb usb3: New USB device strings: Mfr=3, Product=2, SerialNumber=1
[    3.867625] usb usb3: Product: xHCI Host Controller
[    3.875977] brcmfmac mmc1:0001:1: Direct firmware load for brcm/brcmfmac43455-sdio.raspberrypi,5-model-b.bin failed with error -2
[    3.884563] usb usb3: Manufacturer: Linux 6.12.73-g8af794a959ec-v8 xhci-hcd
[    3.884564] usb usb3: SerialNumber: xhci-hcd.1
[    3.884660] hub 3-0:1.0: USB hub found
[    3.923611] hub 3-0:1.0: 2 ports detected
[    3.927744] usb usb4: New USB device found, idVendor=1d6b, idProduct=0003, bcdDevice= 6.12
[    3.936042] usb usb4: New USB device strings: Mfr=3, Product=2, SerialNumber=1
[    3.943291] usb usb4: Product: xHCI Host Controller
[    3.948186] usb usb4: Manufacturer: Linux 6.12.73-g8af794a959ec-v8 xhci-hcd
[    3.955186] usb usb4: SerialNumber: xhci-hcd.1
[    3.959792] hub 4-0:1.0: USB hub found
[    3.963561] hub 4-0:1.0: 1 port detected
[    3.968816] input: pwr_button as /devices/platform/pwr_button/input/input2
[    3.975817] of_cfs_init
[    3.978295] of_cfs_init: OK
[    3.981138] cfg80211: Loading compiled-in X.509 certificates for regulatory database
[    3.989165] Loaded X.509 cert 'benh@debian.org: 577e021cb980e0e820821ba7b54b4961b8b4fadf'
[    3.997538] Loaded X.509 cert 'romain.perier@gmail.com: 3abbc6ec146e09d1b6016ab9d6cf71dd233f0328'
[    4.006610] Loaded X.509 cert 'sforshee: 00b28ddf47aef9cea7'
[    4.012444] Loaded X.509 cert 'wens: 61c038651aabdcf94bd0ac7ff06c7248db18c600'
[    4.020212] clk: Disabling unused clocks
[    4.028436] PM: genpd: Disabling unused power domains
[    4.033542] ALSA device list:
[    4.036515]   #0: vc4-hdmi-0
[    4.036892] brcmfmac: brcmf_c_process_txcap_blob: no txcap_blob available (err=-2)
[    4.039401]   #1: vc4-hdmi-1
[    4.047235] brcmfmac: brcmf_c_preinit_dcmds: Firmware: BCM4345/6 wl0: Aug 29 2023 01:47:08 version 7.45.265 (28bca26 CY) FWID 01-b677b91b
[    4.067204] Freeing unused kernel memory: 2048K
[    4.071926] Run /init as init process
[    4.077066] init: init first stage started!
[    4.081368] init: Unable to open /lib/modules, skipping module loading.
[    4.088127] init: [libfstab] Using Android DT directory /proc/device-tree/firmware/android/
[    4.096550] init: [libfstab] ReadFstabFromDt(): failed to read fstab from dt
[    4.103942] init: Failed to read vbmeta partitions.
[    4.108423] ------------[ cut here ]------------
[    4.113470] memcpy: detected field-spanning write (size 27) of single field "eventmask_msg->mask" at drivers/net/wireless/broadcom/brcm80211/brcmfmac/fweh.c:461 (size 1)
[    4.128709] WARNING: CPU: 0 PID: 129 at drivers/net/wireless/broadcom/brcm80211/brcmfmac/fweh.c:461 brcmf_fweh_activate_events+0x274/0x2e0
[    4.128728] init: [libfs_mgr] superblock s_max_mnt_count:65535,/dev/block/mmcblk0p7
[    4.141201] Modules linked in:
[    4.141205] CPU: 0 UID: 0 PID: 129 Comm: kworker/0:2 Not tainted 6.12.73-g8af794a959ec-v8 #1
[    4.141208] Hardware name: Raspberry Pi 5 Model B Rev 1.1 (DT)
[    4.166262] Workqueue: events request_firmware_work_func
[    4.171593] pstate: 60400009 (nZCv daif +PAN -UAO -TCO -DIT -SSBS BTYPE=--)
[    4.178579] pc : brcmf_fweh_activate_events+0x274/0x2e0
[    4.183819] lr : brcmf_fweh_activate_events+0x270/0x2e0
[    4.189059] sp : ffffffc0814f3b10
[    4.192378] x29: ffffffc0814f3b10 x28: ffffffd08dc24a50 x27: ffffffd08e08e226
[    4.199539] x26: 0000000000000001 x25: ffffff8100fe5868 x24: ffffffd08dc24e80
[    4.206700] x23: 000000000000001b x22: ffffff8100fe5800 x21: 000000000000001f
[    4.213861] x20: ffffff8101b44300 x19: ffffff8100fdba40 x18: ffffffc0814f5048
[    4.221021] x17: 00000000529c6ef0 x16: 00000000529c6ef0 x15: 000000000000019b
[    4.228182] x14: ffffffd08e4c0bc8 x13: 0000000000000080 x12: 0000000000000080
[    4.235342] x11: 00000000000000c0 x10: 0000000000001c10 x9 : d5b2861fa2804e00
[    4.242503] x8 : d5b2861fa2804e00 x7 : 0000000080808080 x6 : 0000000000000000
[    4.249663] x5 : 0000000000000001 x4 : 00000000f616a6e2 x3 : 0000000000000000
[    4.256824] x2 : 000000000000001b x1 : ffffff8103920000 x0 : ffffff83fdc55a80
[    4.263985] Call trace:
[    4.266431]  brcmf_fweh_activate_events+0x274/0x2e0
[    4.271322]  brcmf_cfg80211_attach+0x12e8/0x1728
[    4.275952]  brcmf_attach+0x270/0x5c0
[    4.279622]  brcmf_sdio_firmware_callback+0x848/0x8d8
[    4.284688]  brcmf_fw_request_done+0x170/0x1b4
[    4.289143]  request_firmware_work_func+0x74/0xc8
[    4.293859]  process_scheduled_works+0x1d0/0x46c
[    4.298491]  worker_thread+0x244/0x300
[    4.302248]  kthread+0x128/0x1bc
[    4.305481]  ret_from_fork+0x10/0x20
[    4.309065] ---[ end trace 0000000000000000 ]---
[    4.339670] EXT4-fs (mmcblk0p7): mounted filesystem 22ed7735-d537-4d5a-8ba0-fb610918ad9e r/w with ordered data mode. Quota mode: none.
[    4.351838] init: [libfs_mgr] check_fs(): mount(/dev/block/mmcblk0p7,/metadata,ext4)=0: Success
[    4.360638] EXT4-fs (mmcblk0p7): unmounting filesystem 22ed7735-d537-4d5a-8ba0-fb610918ad9e.
[    4.372969] init: [libfs_mgr] umount_retry(): unmount(/metadata) succeeded
[    4.379908] init: [libfs_mgr] Not running /system/bin/e2fsck on /dev/block/mmcblk0p7 (executable not in system image)
[    4.390609] init: [libfs_mgr] fsck on /metadata took 241ms
[    4.402199] EXT4-fs (mmcblk0p7): mounted filesystem 22ed7735-d537-4d5a-8ba0-fb610918ad9e r/w with ordered data mode. Quota mode: none.
[    4.420182] EXT4-fs (mmcblk0p5): mounted filesystem d392d8bb-6c67-58f7-b0b2-091ad46c5bc2 ro without journal. Quota mode: none.
[    4.440435] EXT4-fs (mmcblk0p6): mounted filesystem 2b96c597-1e2f-5ee1-9851-c4a9fa9de36e ro without journal. Quota mode: none.
[    4.459816] printk: init: 10 output lines suppressed due to ratelimiting
[    4.622584] init: [libfstab] Using Android DT directory /proc/device-tree/firmware/android/
[    4.633054] init: Skipping mount of system_ext, system is not dynamic.
[    4.639626] init: Skipping mount of product, system is not dynamic.
[    4.645956] init: Opening SELinux policy
[    4.666698] init: Loading SELinux policy
[    4.676760] SELinux:  Class memfd_file not defined in policy.
[    4.682587] SELinux: the above unknown classes and permissions will be denied
[    4.692436] SELinux:  policy capability network_peer_controls=1
[    4.698475] SELinux:  policy capability open_perms=1
[    4.703470] SELinux:  policy capability extended_socket_class=1
[    4.709418] SELinux:  policy capability always_check_network=0
[    4.715272] SELinux:  policy capability cgroup_seclabel=0
[    4.720694] SELinux:  policy capability nnp_nosuid_transition=1
[    4.726633] SELinux:  policy capability genfs_seclabel_symlinks=0
[    4.732748] SELinux:  policy capability ioctl_skip_cloexec=0
[    4.738425] SELinux:  policy capability userspace_initial_context=0
[    4.744721] SELinux: policy capability memfd_class=0
[    4.749699] SELinux: policy capability genfs_seclabel_wildcard=0
[    4.755727] SELinux:  unknown policy capability 12
[    4.765148] audit: type=1403 audit(22.891:2): auid=4294967295 ses=4294967295 lsm=selinux res=1
[    4.770442] selinux: SELinux: Loaded file context from:
[    4.779080] selinux: 		/system/etc/selinux/plat_file_contexts
[    4.784855] selinux: 		/system_ext/etc/selinux/system_ext_file_contexts
[    4.791510] selinux: 		/product/etc/selinux/product_file_contexts
[    4.797644] selinux: 		/vendor/etc/selinux/vendor_file_contexts
[    4.808930] printk: init: 1 output lines suppressed due to ratelimiting
[    4.821572] init: init second stage started!
[    4.839218] selinux: SELinux: Loaded file context from:
[    4.844484] selinux: 		/system/etc/selinux/plat_file_contexts
[    4.850287] selinux: 		/system_ext/etc/selinux/system_ext_file_contexts
[    4.857089] selinux: 		/product/etc/selinux/product_file_contexts
[    4.863242] selinux: 		/vendor/etc/selinux/vendor_file_contexts
[    4.869208] selinux: 		/odm/etc/selinux/odm_file_contexts
[    4.890199] init: [libfstab] Using Android DT directory /proc/device-tree/firmware/android/
[    4.903214] audit: type=1107 audit(23.031:3): pid=1 uid=0 auid=4294967295 ses=4294967295 subj=u:r:init:s0 msg='avc:  denied  { set } for property=ro.boot.audio.tinyalsa.simulate_input pid=1 uid=0 gid=0 scontext=u:r:vendor_init:s0 tcontext=u:object_r:bootloader_prop:s0 tclass=property_service permissive=1'
[    4.903693] init: Overriding previous property 'bluetooth.device.class_of_device':'38,4,32' with new value '38,4,8'
[    4.930373] audit: type=1107 audit(23.031:4): pid=1 uid=0 auid=4294967295 ses=4294967295 subj=u:r:init:s0 msg='avc:  denied  { set } for property=persist.bluetooth.a2dp_aac.vbr_supported pid=1 uid=0 gid=0 scontext=u:r:vendor_init:s0 tcontext=u:object_r:bluetooth_prop:s0 tclass=property_service permissive=1'
[    4.930378] audit: type=1107 audit(23.031:5): pid=1 uid=0 auid=4294967295 ses=4294967295 subj=u:r:init:s0 msg='avc:  denied  { set } for property=ro.lockscreen.disable.default pid=1 uid=0 gid=0 scontext=u:r:vendor_init:s0 tcontext=u:object_r:default_prop:s0 tclass=property_service permissive=1'
[    4.946482] init: Setting product property ro.product.brand to 'Raspberry' (from ro.product.product.brand)
[    4.968192] audit: type=1107 audit(23.031:6): pid=1 uid=0 auid=4294967295 ses=4294967295 subj=u:r:init:s0 msg='avc:  denied  { set } for property=persist.device_config.mglru_native.lru_gen_config pid=1 uid=0 gid=0 scontext=u:r:vendor_init:s0 tcontext=u:object_r:device_config_mglru_native_prop:s0 tclass=property_service permissive=1'
[    5.033656] audit: type=1107 audit(23.067:7): pid=1 uid=0 auid=4294967295 ses=4294967295 subj=u:r:init:s0 msg='avc:  denied  { set } for property=service.sf.prime_shader_cache pid=1 uid=0 gid=0 scontext=u:r:vendor_init:s0 tcontext=u:object_r:system_prop:s0 tclass=property_service permissive=1'
[    5.096932] ueventd: ueventd started!
[    5.101757] selinux: SELinux: Loaded file context from:
[    5.107168] selinux: 		/system/etc/selinux/plat_file_contexts
[    5.112948] selinux: 		/system_ext/etc/selinux/system_ext_file_contexts
[    5.119659] selinux: 		/product/etc/selinux/product_file_contexts
[    5.125790] selinux: 		/vendor/etc/selinux/vendor_file_contexts
[    5.131741] selinux: 		/odm/etc/selinux/odm_file_contexts
[    5.137343] ueventd: Parsing file /system/etc/ueventd.rc...
[    5.143272] ueventd: Added '/vendor/etc/ueventd.rc' to import list
[    5.149493] ueventd: Added '/odm/etc/ueventd.rc' to import list
[    5.156569] audit: type=1400 audit(23.283:8): avc:  denied  { search } for  pid=146 comm="ueventd" name="/" dev="mmcblk0p7" ino=2 scontext=u:r:ueventd:s0 tcontext=u:object_r:unlabeled:s0 tclass=dir permissive=1
[    5.224913] apexd: Started. subcommand = --bootstrap
[    5.232013] apexd-bootstrap: Scanning /system/apex for pre-installed ApexFiles
[    5.239674] apexd-bootstrap: Found pre-installed APEX /system/apex/com.android.permission.apex
[    5.248349] apexd-bootstrap: Found pre-installed APEX /system/apex/com.android.devicelock.apex
[    5.257009] apexd-bootstrap: Found pre-installed APEX /system/apex/com.android.wifi.apex
[    5.265142] apexd-bootstrap: Found pre-installed APEX /system/apex/com.android.tzdata.apex
[    5.273446] apexd-bootstrap: Found pre-installed APEX /system/apex/com.android.runtime.apex
[    5.281834] apexd-bootstrap: Found pre-installed APEX /system/apex/com.android.bt.apex
[    5.289782] apexd-bootstrap: Found pre-installed APEX /system/apex/com.android.i18n.apex
[    5.297908] apexd-bootstrap: Found pre-installed APEX /system/apex/com.android.tethering.apex
[    5.425703] audit: type=1400 audit(23.551:9): avc:  denied  { create } for  pid=43 comm="kdevtmpfs" name="loop16" scontext=u:r:kernel:s0 tcontext=u:object_r:device:s0 tclass=blk_file permissive=1
[    5.443225] audit: type=1400 audit(23.551:10): avc:  denied  { setattr } for  pid=43 comm="kdevtmpfs" name="loop16" dev="devtmpfs" ino=142 scontext=u:r:kernel:s0 tcontext=u:object_r:device:s0 tclass=blk_file permissive=1
[    5.454136] loop0: detected capacity change from 0 to 27936
[    5.454182] loop1: detected capacity change from 0 to 42016
[    5.454349] loop2: detected capacity change from 0 to 202072
[    5.454467] loop3: detected capacity change from 0 to 8632
[    5.457892] loop5: detected capacity change from 0 to 8848
[    5.457933] loop4: detected capacity change from 0 to 23512
[    5.458051] loop6: detected capacity change from 0 to 1672
[    5.458159] loop7: detected capacity change from 0 to 40440
[    5.458263] loop8: detected capacity change from 0 to 17832
[    5.458367] loop9: detected capacity change from 0 to 73472
[    5.570627] EXT4-fs (loop4): mounted filesystem 7d1522e1-9dfa-5edb-a43e-98e3a4d20250 ro without journal. Quota mode: none.
[    5.598267] EXT4-fs (loop2): mounted filesystem 7d1522e1-9dfa-5edb-a43e-98e3a4d20250 ro without journal. Quota mode: none.
[    5.613035] EXT4-fs (loop9): mounted filesystem 7d1522e1-9dfa-5edb-a43e-98e3a4d20250 ro without journal. Quota mode: none.
[    5.613427] EXT4-fs (loop8): mounted filesystem 7d1522e1-9dfa-5edb-a43e-98e3a4d20250 ro without journal. Quota mode: none.
[    5.637819] EXT4-fs (loop6): mounted filesystem 7d1522e1-9dfa-5edb-a43e-98e3a4d20250 ro without journal. Quota mode: none.
[    5.651372] EXT4-fs (loop1): mounted filesystem 7d1522e1-9dfa-5edb-a43e-98e3a4d20250 ro without journal. Quota mode: none.
[    5.651869] EXT4-fs (loop3): mounted filesystem 7d1522e1-9dfa-5edb-a43e-98e3a4d20250 ro without journal. Quota mode: none.
[    5.676090] EXT4-fs (loop7): mounted filesystem 7d1522e1-9dfa-5edb-a43e-98e3a4d20250 ro without journal. Quota mode: none.
[    5.676480] EXT4-fs (loop5): mounted filesystem 7d1522e1-9dfa-5edb-a43e-98e3a4d20250 ro without journal. Quota mode: none.
[    5.689655] EXT4-fs (loop0): mounted filesystem 7d1522e1-9dfa-5edb-a43e-98e3a4d20250 ro without journal. Quota mode: none.
[    5.713658] printk: apexd: 73 output lines suppressed due to ratelimiting
[    5.893161] main[300]: Starting aconfigd_system command: EarlyPlatformInit
console:/ $ [    6.018985] servicemanager: Starting sm instance on /dev/binder
[    6.034323] logd: libprocessgroup: A JoinCgroup action in the SystemMemoryProcess profile is used for controller memory in the cgroup v2 hierarchy and will be ignored
[    6.038251] SELinux: SELinux: Loaded service context from:
[    6.054887] SELinux: 		/system/etc/selinux/plat_service_contexts
[    6.060942] SELinux: 		/system_ext/etc/selinux/system_ext_service_contexts
[    6.067955] SELinux: 		/product/etc/selinux/product_service_contexts
[    6.074356] SELinux: 		/vendor/etc/selinux/vendor_service_contexts
[    6.080601] SELinux: 		/odm/etc/selinux/odm_service_contexts
[    6.092487] logd.auditd: start
[    6.095580] logd.klogd: 5705849682
[    6.129845] logd: Loaded bug_map file: /system_ext/etc/selinux/bug_map
[    6.136443] logd: Loaded bug_map file: /vendor/etc/selinux/selinux_denial_metadata
[    6.150627] logd: Loaded bug_map file: /system/etc/selinux/bug_map
[    6.160252] tune2fs: tune2fs 1.47.2 (1-Jan-2025)
[    6.234269] servicemanager: getDeviceHalManifest: Reading VINTF information.
[    6.251152] servicemanager: Loaded APEX Infos from /bootstrap-apex/apex-info-list.xml
[    6.313587] hw-ProcessState: HwBinder is not supported on this device but this process is calling setThreadPoolConfiguration
[    6.334241] servicemanager: Loaded APEX Infos from /bootstrap-apex/apex-info-list.xml
[    6.344741] EXT4-fs (mmcblk0p3): mounted filesystem b42119fa-31f4-4ba9-acad-7cf1b2749854 r/w with ordered data mode. Quota mode: journalled.
[    6.357666] EXT4-fs (mmcblk0p3): unmounting filesystem b42119fa-31f4-4ba9-acad-7cf1b2749854.
[    6.418054] e2fsck: e2fsck 1.47.2 (1-Jan-2025)
[    6.446251] e2fsck: Pass 1: Checking inodes, blocks, and sizes
[    6.452364] libbinder.BackendUnifiedServiceManager: Thread Pool max thread count is 0. Cannot cache binder as linkToDeath cannot be implemented. serviceName: vold
[    6.500971] e2fsck: Pass 2: Checking directory structure
[    6.511412] e2fsck: Pass 3: Checking directory connectivity
[    6.517012] e2fsck: Pass 4: Checking reference counts
[    6.522090] e2fsck: Pass 5: Checking group summary information
[    6.531590] e2fsck: userdata: 12/707136 files (0.0% non-contiguous), 115232/2827008 blocks
[    6.548926] tune2fs: tune2fs 1.47.2 (1-Jan-2025)
[    6.574371] tune2fs: tune2fs 1.47.2 (1-Jan-2025)
[    6.598694] EXT4-fs (mmcblk0p3): Using encoding defined by superblock: utf8-12.1.0 with flags 0x0
[    6.613951] EXT4-fs (mmcblk0p3): mounted filesystem b42119fa-31f4-4ba9-acad-7cf1b2749854 r/w with ordered data mode. Quota mode: journalled.
[    7.389894] logd: logd reinit
[    7.392966] logd: Cannot read /data/misc/logd/event-log-tags
[    7.397419] apexd: Started. subcommand = (null)
[    7.399408] logd: FrameworkListener: read() failed (Connection reset by peer)
[    7.403696] libbinder.BackendUnifiedServiceManager: Thread Pool max thread count is 0. Cannot cache binder as linkToDeath cannot be implemented. serviceName: vold
[    7.425248] apexd: Scanning /system/apex for pre-installed ApexFiles
[    7.432167] apexd: Found pre-installed APEX /system/apex/com.android.permission.apex
[    7.440146] apexd: Found pre-installed APEX /system/apex/com.android.devicelock.apex
[    7.448001] apexd: Found pre-installed APEX /system/apex/com.android.wifi.apex
[    7.455264] apexd: Found pre-installed APEX /system/apex/com.android.tzdata.apex
[    7.462697] apexd: Found pre-installed APEX /system/apex/com.android.runtime.apex
[    7.470217] apexd: Found pre-installed APEX /system/apex/com.android.bt.apex
[    7.477294] apexd: Found pre-installed APEX /system/apex/com.android.i18n.apex
[    7.574916] EXT4-fs (loop26): mounted filesystem 7d1522e1-9dfa-5edb-a43e-98e3a4d20250 ro without journal. Quota mode: none.
[    7.583463] EXT4-fs (loop37): mounted filesystem 7d1522e1-9dfa-5edb-a43e-98e3a4d20250 ro without journal. Quota mode: none.
[    7.599844] EXT4-fs (loop14): mounted filesystem 7d1522e1-9dfa-5edb-a43e-98e3a4d20250 ro without journal. Quota mode: none.
[    7.626977] EXT4-fs (loop43): mounted filesystem 7d1522e1-9dfa-5edb-a43e-98e3a4d20250 ro without journal. Quota mode: none.
[    7.641033] EXT4-fs (loop32): mounted filesystem 7d1522e1-9dfa-5edb-a43e-98e3a4d20250 ro without journal. Quota mode: none.
[    7.655464] EXT4-fs (loop69): mounted filesystem 7d1522e1-9dfa-5edb-a43e-98e3a4d20250 ro without journal. Quota mode: none.
[    7.666745] EXT4-fs (loop39): mounted filesystem 7d1522e1-9dfa-5edb-a43e-98e3a4d20250 ro without journal. Quota mode: none.
[    7.669493] EXT4-fs (loop16): mounted filesystem 7d1522e1-9dfa-5edb-a43e-98e3a4d20250 ro without journal. Quota mode: none.
[    7.692943] EXT4-fs (loop18): mounted filesystem 7d1522e1-9dfa-5edb-a43e-98e3a4d20250 ro without journal. Quota mode: none.
[    7.706572] EXT4-fs (loop10): mounted filesystem 7d1522e1-9dfa-5edb-a43e-98e3a4d20250 ro without journal. Quota mode: none.
[    7.720476] EXT4-fs (loop68): mounted filesystem 7d1522e1-9dfa-5edb-a43e-98e3a4d20250 ro without journal. Quota mode: none.
[    7.736649] EXT4-fs (loop35): mounted filesystem 7d1522e1-9dfa-5edb-a43e-98e3a4d20250 ro without journal. Quota mode: none.
[    7.750503] EXT4-fs (loop66): mounted filesystem 7d1522e1-9dfa-5edb-a43e-98e3a4d20250 ro without journal. Quota mode: none.
[    7.766035] EXT4-fs (loop23): mounted filesystem 7d1522e1-9dfa-5edb-a43e-98e3a4d20250 ro without journal. Quota mode: none.
[    7.777283] EXT4-fs (loop17): mounted filesystem 7d1522e1-9dfa-5edb-a43e-98e3a4d20250 ro without journal. Quota mode: none.
[    7.790992] EXT4-fs (loop11): mounted filesystem 7d1522e1-9dfa-5edb-a43e-98e3a4d20250 ro without journal. Quota mode: none.
[    7.805298] EXT4-fs (loop31): mounted filesystem 7d1522e1-9dfa-5edb-a43e-98e3a4d20250 ro without journal. Quota mode: none.
[    7.818994] EXT4-fs (loop29): mounted filesystem 7d1522e1-9dfa-5edb-a43e-98e3a4d20250 ro without journal. Quota mode: none.
[    7.830239] EXT4-fs (loop19): mounted filesystem 7d1522e1-9dfa-5edb-a43e-98e3a4d20250 ro without journal. Quota mode: none.
[    7.848255] EXT4-fs (loop30): mounted filesystem 7d1522e1-9dfa-5edb-a43e-98e3a4d20250 ro without journal. Quota mode: none.
[    7.865034] EXT4-fs (loop51): mounted filesystem 7d1522e1-9dfa-5edb-a43e-98e3a4d20250 ro without journal. Quota mode: none.
[    7.879194] EXT4-fs (loop25): mounted filesystem 7d1522e1-9dfa-5edb-a43e-98e3a4d20250 ro without journal. Quota mode: none.
[    7.892787] EXT4-fs (loop42): mounted filesystem 7d1522e1-9dfa-5edb-a43e-98e3a4d20250 ro without journal. Quota mode: none.
[    7.908997] EXT4-fs (loop28): mounted filesystem 7d1522e1-9dfa-5edb-a43e-98e3a4d20250 ro without journal. Quota mode: none.
[    7.923010] EXT4-fs (loop53): mounted filesystem 7d1522e1-9dfa-5edb-a43e-98e3a4d20250 ro without journal. Quota mode: none.
[    7.936893] EXT4-fs (loop65): mounted filesystem 7d1522e1-9dfa-5edb-a43e-98e3a4d20250 ro without journal. Quota mode: none.
[    7.940870] EXT4-fs (loop62): mounted filesystem 7d1522e1-9dfa-5edb-a43e-98e3a4d20250 ro without journal. Quota mode: none.
[    7.962427] EXT4-fs (loop63): mounted filesystem 7d1522e1-9dfa-5edb-a43e-98e3a4d20250 ro without journal. Quota mode: none.
[    7.976335] EXT4-fs (loop58): mounted filesystem 7d1522e1-9dfa-5edb-a43e-98e3a4d20250 ro without journal. Quota mode: none.
[    7.991629] EXT4-fs (loop27): mounted filesystem 7d1522e1-9dfa-5edb-a43e-98e3a4d20250 ro without journal. Quota mode: none.
[    7.993257] EXT4-fs (loop15): mounted filesystem 7d1522e1-9dfa-5edb-a43e-98e3a4d20250 ro without journal. Quota mode: none.
[    8.016986] EXT4-fs (loop12): mounted filesystem 7d1522e1-9dfa-5edb-a43e-98e3a4d20250 ro without journal. Quota mode: none.
[    8.033135] EXT4-fs (loop21): mounted filesystem 7d1522e1-9dfa-5edb-a43e-98e3a4d20250 ro without journal. Quota mode: none.
[    8.059468] EXT4-fs (loop57): mounted filesystem 7d1522e1-9dfa-5edb-a43e-98e3a4d20250 ro without journal. Quota mode: none.
[    8.059833] EXT4-fs (loop56): mounted filesystem 7d1522e1-9dfa-5edb-a43e-98e3a4d20250 ro without journal. Quota mode: none.
[    8.073391] EXT4-fs (loop41): mounted filesystem 7d1522e1-9dfa-5edb-a43e-98e3a4d20250 ro without journal. Quota mode: none.
[    8.095602] EXT4-fs (loop44): mounted filesystem 7d1522e1-9dfa-5edb-a43e-98e3a4d20250 ro without journal. Quota mode: none.
[    8.096259] EXT4-fs (loop38): mounted filesystem 7d1522e1-9dfa-5edb-a43e-98e3a4d20250 ro without journal. Quota mode: none.
[    8.097351] EXT4-fs (loop33): mounted filesystem 7d1522e1-9dfa-5edb-a43e-98e3a4d20250 ro without journal. Quota mode: none.
[    8.097993] EXT4-fs (loop70): mounted filesystem 7d1522e1-9dfa-5edb-a43e-98e3a4d20250 ro without journal. Quota mode: none.
[    8.098946] EXT4-fs (loop67): mounted filesystem 7d1522e1-9dfa-5edb-a43e-98e3a4d20250 ro without journal. Quota mode: none.
[    8.099334] EXT4-fs (loop55): mounted filesystem 7d1522e1-9dfa-5edb-a43e-98e3a4d20250 ro without journal. Quota mode: none.
[    8.103009] EXT4-fs (loop45): mounted filesystem 7d1522e1-9dfa-5edb-a43e-98e3a4d20250 ro without journal. Quota mode: none.
[    8.104321] EXT4-fs (loop50): mounted filesystem 7d1522e1-9dfa-5edb-a43e-98e3a4d20250 ro without journal. Quota mode: none.
[    8.104776] EXT4-fs (loop20): mounted filesystem 7d1522e1-9dfa-5edb-a43e-98e3a4d20250 ro without journal. Quota mode: none.
[    8.105844] EXT4-fs (loop34): mounted filesystem 7d1522e1-9dfa-5edb-a43e-98e3a4d20250 ro without journal. Quota mode: none.

  0.40 RPi: BOOTSYS release VERSION:2bb2ae64 DATE: 2025/03/10 TIME: 17:10:37
  0.44 BOOTMODE: 0x06 partition 0 build-ts BUILD_TIMESTAMP=1741626637 serial 06956aab boardrev e04171 stc 944726
  0.54 AON_RESET: 00000003 PM_RSTS 00001000
  0.58 POWER_OFF_ON_HALT: 0 WAIT_FOR_POWER_BUTTON 0 power-on-reset 1
  0.68 RP1_BOOT chip ID: 0x20001927
  0.73 PCIEx1: PWR 0 DET_WAKE 0
  0.73 part 00000000 reset_info 00000000
  0.76 PMIC reset-event 00000000 rtc 00000000 alarm 00000000 enabled 0
  0.83 uSD voltage 3.3V
  0.89 SDRAM_CONFIG: 1b
  0.89 Initialising SDRAM rank 2 total-size: 128 Gbit 4267 (0x1b 0x1b)
  0.95 DDR 4267 1 1 128 152 BL:1
  2.22 OTP boardrev e04171 bootrom a a
  2.24 Customer key hash 0000000000000000000000000000000000000000000000000000000000000000
  2.31 VC-JTAG unlocked
  2.54 RP1_BOOT chip ID: 0x20001927

  3.89 RP1_BOOT chip ID: 0x20001927
  3.89 RP1_BOOT: fw size 46888
  4.27 PCI2 init
  4.27 PCI2 reset
  4.72 PCIe scan 00001de4:00000001
  4.72 RP1_CHIP_INFO 20001927

  4.75 RPi: BOOTLOADER release VERSION:2bb2ae64 DATE: 2025/03/10 TIME: 17:10:37
  4.82 BOOTMODE: 0x06 partition 0 build-ts BUILD_TIMESTAMP=1741626637 serial 06956aab boardrev e04171 stc 4082600
  4.92 PCIEx1: PWR 0 DET_WAKE 0
  4.95 M.2 PCIe HAT not detected.
  4.19 usb_pd_init status 3
  4.19 USB_PD CONFIG 0 41
  4.91 XHCI-STOP
  4.91 xHC0 ver: 272 HCS: 03000440 140000f1 07ff000a HCC: 0240fe6d
  4.95 USBSTS 1
  4.98 xHC0 ver: 272 HCS: 03000440 140000f1 07ff000a HCC: 0240fe6d
  4.09 xHC0 ports 3 slots 64 intrs 4
  4.20 XHCI-STOP
  4.20 xHC1 ver: 272 HCS: 03000440 140000f1 07ff000a HCC: 0240fe6d
  4.25 USBSTS 1
  4.27 xHC1 ver: 272 HCS: 03000440 140000f1 07ff000a HCC: 0240fe6d
  4.32 xHC1 ports 3 slots 64 intrs 4
  4.40 USB-PD: src-cap PDO object1 0x0a0191f4
  4.41 Current 5000 mA
  4.43 Voltage 5000 mV
  4.45 USB-PD: src-cap PDO object2 0x0002d12c
  4.49 Current 3000 mA
  4.52 Voltage 9000 mV
  4.54 USB-PD: src-cap PDO object3 0x0003c0e1
  4.58 Current 2250 mA
  4.60 Voltage 12000 mV
  4.62 USB-PD: src-cap PDO object4 0x0004b0b4
  4.66 Current 1800 mA
  4.68 Voltage 15000 mV
  4.70 Boot mode: SD (01) order f4
  8.33 SD HOST: 200000000 CTL0: 0x00800000 BUS: 400000 Hz actual: 390625 HZ div: 512 (256) status: 0x1fff0000 delay: 276
  8.44 SD HOST: 200000000 CTL0: 0x00800f00 BUS: 400000 Hz actual: 390625 HZ div: 512 (256) status: 0x1fff0000 delay: 276
  9.81 OCR c0ff8000 [201]
CID: 000353444a554c494580fa91d30f0128
CSD: 400e00325b590000edc87f800a404000
  9.88 SD: bus-width: 4 spec: 2 SCR: 0x02358043 0x00000000
  9.97 SD HOST: 200000000 CTL0: 0x00800f04 BUS: 50000000 Hz actual: 50000000 HZ div: 4 (2) status: 0x1fff0000 delay: 2
  9.09 MBR: 0x00000800,  262144 type: 0x0c
  9.10 MBR: 0x00040800, 7118848 type: 0x05
  9.14 MBR: 0x0070a800,22616064 type: 0x83
  9.18 MBR: 0x00000000,       0 type: 0x00
  9.22 Trying partition: 0
  9.72 type: 32 lba: 2048 'mkfs.fat' ' boot       ' clusters 258078 (1)
  9.76 rsc 32 fat-sectors 2017 root dir cluster 2 sectors 0 entries 0
  9.84 FAT32 clusters 258078
  9.88 [sdcard] autoboot.txt not found
  9.88 Select partition rsts 0 C(boot_partition) 0 EEPROM config 0 result 1
  9.95 Trying partition: 1
  9.00 type: 32 lba: 2048 'mkfs.fat' ' boot       ' clusters 258078 (1)
  9.04 rsc 32 fat-sectors 2017 root dir cluster 2 sectors 0 entries 0
  9.12 FAT32 clusters 258078
  9.15 Read config.txt bytes      302 hnd 0x13ace
  9.18 [sdcard] pieeprom.upd not found
  9.21 usb_max_current_enable default 0 max-current 5000
  9.34 Read bcm2712-rpi-5-b.dtb bytes    78744 hnd 0x11b80
  9.36 dt-match: compatible: raspberrypi,5-model-b match: brcm,bcm2712
  9.42 dt-match: compatible: brcm,bcm2712 match: brcm,bcm2712
  9.54 Read /config.txt bytes      302 hnd 0x13ace
  9.58 Read /config.txt bytes      302 hnd 0x13ace
  9.63 MESS:00:00:09.263575:0: Initial voltage 800000 temp 31235
  9.64 MESS:00:00:09.464020:0: avs_2712: AVS pred 8613 861300 temp 30685
  9.67 MESS:00:00:09.467628:0: vpred 861 mV +0
 10.95 MESS:00:00:10.095881:0: FB framebuffer_swap 1
 10.97 MESS:00:00:10.097751:0: Select resolution HDMI0/2 hotplug 0 max_mode 2
 10.04 MESS:00:00:10.104641:0: Select resolution HDMI1/2 hotplug 0 max_mode 2
 10.24 MESS:00:00:10.124260:0: dtb_file 'bcm2712-rpi-5-b.dtb'
 10.26 Loading 'bcm2712-rpi-5-b.dtb' to 0x00000000 offset 0x100
 10.40 Read bcm2712-rpi-5-b.dtb bytes    78744 hnd 0x11b80
 10.78 Read /overlays/overlay_map.dtb bytes     5971 hnd 0x12152
 10.05 Read /overlays/bcm2712d0.dtbo bytes     1363 hnd 0x1245f
 10.28 MESS:00:00:10.228949:0: Loaded overlay 'bcm2712d0'
 10.92 PCIEx1: PWR 0 DET_WAKE 0
 10.07 Read /config.txt bytes      302 hnd 0x13ace
 10.17 Read /overlays/vc4-kms-v3d-pi5.dtbo bytes     3306 hnd 0x121a9
 10.64 MESS:00:00:10.364424:0: Loaded overlay 'vc4-kms-v3d-pi5'
 10.77 Read /overlays/cma.dtbo bytes      964 hnd 0x1200f
 10.85 MESS:00:00:10.485829:0: Loaded overlay 'cma'
 10.87 MESS:00:00:10.487605:0: dtparam: cma-320=true
 10.04 Read /overlays/dwc2.dtbo bytes      801 hnd 0x120d2
 10.16 MESS:00:00:10.516809:0: Loaded overlay 'dwc2'
 10.18 MESS:00:00:10.518677:0: dtparam: dr_mode=peripheral
 10.07 Read /cmdline.txt bytes      124 hnd 0x11fbe
 10.42 BMD "armstub8-2712.bin" not found
 10.43 fs_open: 'armstub8-2712.bin' 
 10.47 Loading 'u-boot.bin' to 0x00000000 offset 0x200000
 10.88 Read u-boot.bin bytes   708664 hnd 0x13562
 10.90 PCI1 reset
 10.01 PCI2 reset
 10.11 set_reboot_order 0
 10.11 set_reboot_arg1 0
 10.13 USB-OTG disconnect
 10.55 MESS:00:00:10.955435:0: BSC_A no ACK
 10.56 MESS:00:00:10.956668:0: BSC_A no ACK
 10.60 MESS:00:00:10.960593:0: BSC_A no ACK
 10.84 MESS:00:00:10.984527:0: BSC_B no ACK
 10.85 MESS:00:00:10.985753:0: BSC_B no ACK
 10.89 MESS:00:00:10.989689:0: BSC_B no ACK
 11.13 MESS:00:00:11.013456:0: Starting OS 11013 ms
 11.19 MESS:00:00:11.019068:0: 00000040: -> 00000480
 11.20 MESS:00:00:11.020921:0: 00000030: -> 00100080
 11.25 MESS:00:00:11.025634:0: 00000034: -> 00100080
 11.30 MESS:00:00:11.030346:0: 00000038: -> 00100080
 11.35 MESS:00:00:11.035060:0: 0000003c: -> 00100080

NOTICE:  BL31: v2.6(release):v2.6-240-gfc45bc492
NOTICE:  BL31: Built : 12:55:13, Dec  4 2024
[    0.000000] Booting Linux on physical CPU 0x0000000000 [0x414fd0b1]
[    0.000000] Linux version 6.12.73-g8af794a959ec-v8 (kleaf@build-host) (Android (14043575, +pgo, +bolt, +lto, +mlgo, based on r536225) clang version 19.0.1 (https://android.googlesource.com/toolchain/llvm-project b3a530ec6537146650e42be89f1089e9a3588460), LLD 19.0.1) #1 SMP PREEMPT Thu Feb 19 17:32:04 UTC 2026
[    0.000000] KASLR enabled
[    0.000000] random: crng init done
[    0.000000] Machine model: Raspberry Pi 5 Model B Rev 1.1
[    0.000000] efi: UEFI not found.
[    0.000000] Reserved memory: created CMA memory pool at 0x000000002bc00000, size 320 MiB
[    0.000000] OF: reserved mem: initialized node linux,cma, compatible id shared-dma-pool
[    0.000000] OF: reserved mem: 0x000000002bc00000..0x000000003fbfffff (327680 KiB) map reusable linux,cma
[    0.000000] OF: reserved mem: 0x0000000000000000..0x000000000007ffff (512 KiB) nomap non-reusable atf@0
[    0.000000] OF: reserved mem: 0x000000003fd16220..0x000000003fd1625d (0 KiB) nomap non-reusable nvram@0
[    0.000000] NUMA: Faking a node at [mem 0x0000000000000000-0x00000003ffffffff]
[    0.000000] NODE_DATA(0) allocated [mem 0x3fdd9dc80-0x3fdda0a3f]
[    0.000000] Zone ranges:
[    0.000000]   DMA      [mem 0x0000000000000000-0x00000000ffffffff]
[    0.000000]   DMA32    empty
[    0.000000]   Normal   [mem 0x0000000100000000-0x00000003ffffffff]
[    0.000000] Movable zone start for each node
[    0.000000] Early memory node ranges
[    0.000000]   node   0: [mem 0x0000000000000000-0x000000000007ffff]
[    0.000000]   node   0: [mem 0x0000000000080000-0x000000003fbfffff]
[    0.000000]   node   0: [mem 0x0000000040000000-0x00000003ffffffff]
[    0.000000] Initmem setup node 0 [mem 0x0000000000000000-0x00000003ffffffff]
[    0.000000] On node 0, zone DMA: 1024 pages in unavailable ranges
[    0.000000] psci: probing for conduit method from DT.
[    0.000000] psci: PSCIv1.1 detected in firmware.
[    0.000000] psci: Using standard PSCI v0.2 function IDs
[    0.000000] psci: MIGRATE_INFO_TYPE not supported.
[    0.000000] psci: SMC Calling Convention v1.2
[    0.000000] percpu: Embedded 83 pages/cpu s176280 r131072 d32616 u339968
[    0.000000] Detected PIPT I-cache on CPU0
[    0.000000] CPU features: detected: Virtualization Host Extensions
[    0.000000] CPU features: detected: Spectre-v4
[    0.000000] CPU features: detected: Spectre-BHB
[    0.000000] CPU features: kernel page table isolation forced ON by KASLR
[    0.000000] CPU features: detected: Kernel page table isolation (KPTI)
[    0.000000] CPU features: detected: SSBS not fully self-synchronizing
[    0.000000] alternatives: applying boot alternatives
[    0.000000] Kernel command line:  root=/dev/ram0 rootwait androidboot.hardware=rpi5 androidboot.selinux=permissive androidboot.serialno=6113ca6606956aab androidboot.btmacaddr=11:22:06:95:6a:ab
[    0.000000] printk: log buffer data + meta data: 131072 + 458752 = 589824 bytes
[    0.000000] Dentry cache hash table entries: 2097152 (order: 12, 16777216 bytes, linear)
[    0.000000] Inode-cache hash table entries: 1048576 (order: 11, 8388608 bytes, linear)
[    0.000000] Fallback order for Node 0: 0 
[    0.000000] Built 1 zonelists, mobility grouping on.  Total pages: 4193280
[    0.000000] Policy zone: Normal
[    0.000000] mem auto-init: stack:all(zero), heap alloc:off, heap free:off
[    0.000000] software IO TLB: area num 4.
[    0.000000] software IO TLB: mapped [mem 0x00000000fbfff000-0x00000000fffff000] (64MB)
[    0.000000] SLUB: HWalign=64, Order=0-3, MinObjects=0, CPUs=4, Nodes=1
[    0.000000] ftrace: allocating 63501 entries in 249 pages
[    0.000000] ftrace: allocated 249 pages with 6 groups
[    0.000000] rcu: Preemptible hierarchical RCU implementation.
[    0.000000] rcu: 	RCU event tracing is enabled.
[    0.000000] 	Trampoline variant of Tasks RCU enabled.
[    0.000000] 	Rude variant of Tasks RCU enabled.
[    0.000000] 	Tracing variant of Tasks RCU enabled.
[    0.000000] rcu: RCU calculated value of scheduler-enlistment delay is 25 jiffies.
[    0.000000] RCU Tasks: Setting shift to 2 and lim to 1 rcu_task_cb_adjust=1 rcu_task_cpu_ids=4.
[    0.000000] RCU Tasks Rude: Setting shift to 2 and lim to 1 rcu_task_cb_adjust=1 rcu_task_cpu_ids=4.
[    0.000000] RCU Tasks Trace: Setting shift to 2 and lim to 1 rcu_task_cb_adjust=1 rcu_task_cpu_ids=4.
[    0.000000] NR_IRQS: 64, nr_irqs: 64, preallocated irqs: 0
[    0.000000] Root IRQ handler: gic_handle_irq
[    0.000000] GIC: Using split EOI/Deactivate mode
[    0.000000] rcu: srcu_init: Setting srcu_struct sizes based on contention.
[    0.000000] arch_timer: cp15 timer(s) running at 54.00MHz (phys).
[    0.000000] clocksource: arch_sys_counter: mask: 0xffffffffffffff max_cycles: 0xc743ce346, max_idle_ns: 440795203123 ns
[    0.000000] sched_clock: 56 bits at 54MHz, resolution 18ns, wraps every 4398046511102ns
[    0.000124] kfence: initialized - using 2097152 bytes for 255 objects at 0x(____ptrval____)-0x(____ptrval____)
[    0.000180] Calibrating delay loop (skipped), value calculated using timer frequency.. 108.00 BogoMIPS (lpj=216000)
[    0.000184] pid_max: default: 32768 minimum: 301
[    0.000217] LSM: initializing lsm=capability,selinux,bpf
[    0.000248] SELinux:  Initializing.
[    0.000508] LSM support for eBPF active
[    0.000591] Mount-cache hash table entries: 32768 (order: 6, 262144 bytes, linear)
[    0.000632] Mountpoint-cache hash table entries: 32768 (order: 6, 262144 bytes, linear)
[    0.001352] rcu: Hierarchical SRCU implementation.
[    0.001354] rcu: 	Max phase no-delay instances is 1000.
[    0.001406] Timer migration: 1 hierarchy levels; 8 children per group; 1 crossnode level
[    0.001791] EFI services will not be available.
[    0.001858] smp: Bringing up secondary CPUs ...
[    0.002021] Detected PIPT I-cache on CPU1
[    0.002050] CPU1: Booted secondary processor 0x0000000100 [0x414fd0b1]
[    0.002233] Detected PIPT I-cache on CPU2
[    0.002254] CPU2: Booted secondary processor 0x0000000200 [0x414fd0b1]
[    0.002420] Detected PIPT I-cache on CPU3
[    0.002438] CPU3: Booted secondary processor 0x0000000300 [0x414fd0b1]
[    0.002466] smp: Brought up 1 node, 4 CPUs
[    0.002468] SMP: Total of 4 processors activated.
[    0.002469] CPU: All CPU(s) started at EL2
[    0.002470] CPU features: detected: 32-bit EL0 Support
[    0.002472] CPU features: detected: Data cache clean to the PoU not required for I/D coherence
[    0.002473] CPU features: detected: Common not Private translations
[    0.002474] CPU features: detected: CRC32 instructions
[    0.002477] CPU features: detected: RCpc load-acquire (LDAPR)
[    0.002478] CPU features: detected: LSE atomic instructions
[    0.002478] CPU features: detected: Privileged Access Never
[    0.002479] CPU features: detected: RAS Extension Support
[    0.002481] CPU features: detected: Speculative Store Bypassing Safe (SSBS)
[    0.002501] alternatives: applying system-wide alternatives
[    0.004677] CPU features: detected: Hardware dirty bit management on CPU0-3
[    0.004821] Memory: 16010128K/16773120K available (22016K kernel code, 2814K rwdata, 9228K rodata, 2048K init, 749K bss, 429232K reserved, 327680K cma-reserved)
[    0.005255] devtmpfs: initialized
[    0.007533] Enabled cp15_barrier support
[    0.007537] Enabled setend support
[    0.007595] clocksource: jiffies: mask: 0xffffffff max_cycles: 0xffffffff, max_idle_ns: 7645041785100000 ns
[    0.007600] futex hash table entries: 1024 (order: 4, 65536 bytes, linear)
[    0.010849] 2G module region forced by RANDOMIZE_MODULE_REGION_FULL
[    0.010852] 0 pages in range for non-PLT usage
[    0.010854] 515008 pages in range for PLT usage
[    0.010956] pinctrl core: initialized pinctrl subsystem
[    0.011862] NET: Registered PF_NETLINK/PF_ROUTE protocol family
[    0.012159] DMA: preallocated 2048 KiB GFP_KERNEL pool for atomic allocations
[    0.012225] DMA: preallocated 2048 KiB GFP_KERNEL|GFP_DMA pool for atomic allocations
[    0.012248] audit: initializing netlink subsys (disabled)
[    0.012297] audit: type=2000 audit(0.008:1): state=initialized audit_enabled=0 res=1
[    0.012393] thermal_sys: Registered thermal governor 'step_wise'
[    0.012403] cpuidle: using governor menu
[    0.012457] hw-breakpoint: found 6 breakpoint and 4 watchpoint registers.
[    0.012478] ASID allocator initialised with 32768 entries
[    0.012711] Serial: AMBA PL011 UART driver
[    0.013312] /soc@107c000000/interrupt-controller@7fff9000: Fixed dependency cycle(s) with /soc@107c000000/interrupt-controller@7fff9000
[    0.013488] bcm2835-mbox 107c013880.mailbox: mailbox enabled
[    0.013614] 107d001000.serial: ttyAMA10 at MMIO 0x107d001000 (irq = 16, base_baud = 0) is a PL011 AXI
[    0.013622] printk: legacy console [ttyAMA10] enabled
[    0.803724] raspberrypi-firmware soc@107c000000:firmware: Attached to firmware from 2025-03-10T17:10:37, variant start_cd
[    0.818734] raspberrypi-firmware soc@107c000000:firmware: Firmware hash is 2bb2ae6400000000000000000000000000000000
[    0.905237] raid6: neonx8   gen() 12725 MB/s
[    0.977251] raid6: neonx4   gen() 12747 MB/s
[    1.049268] raid6: neonx2   gen() 11668 MB/s
[    1.121282] raid6: neonx1   gen()  9153 MB/s
[    1.193307] raid6: int64x8  gen()  5196 MB/s
[    1.265313] raid6: int64x4  gen()  5601 MB/s
[    1.337333] raid6: int64x2  gen()  4920 MB/s
[    1.409348] raid6: int64x1  gen()  4141 MB/s
[    1.413627] raid6: using algorithm neonx4 gen() 12747 MB/s
[    1.485360] raid6: .... xor() 9724 MB/s, rmw enabled
[    1.490338] raid6: using neon recovery algorithm
[    1.495094] bcm2835-dma 1000010000.dma: DMA legacy API manager, dmachans=0x1
[    1.502444] iommu: Default domain type: Translated
[    1.507256] iommu: DMA domain TLB invalidation policy: strict mode
[    1.513574] SCSI subsystem initialized
[    1.517360] usbcore: registered new interface driver usbfs
[    1.522871] usbcore: registered new interface driver hub
[    1.528203] usbcore: registered new device driver usb
[    1.533364] mc: Linux media interface: v0.10
[    1.537654] videodev: Linux video capture interface: v2.00
[    1.543170] pps_core: LinuxPPS API ver. 1 registered
[    1.548148] pps_core: Software ver. 5.3.6 - Copyright 2005-2007 Rodolfo Giometti <giometti@linux.it>
[    1.557317] PTP clock support registered
[    1.561287] Advanced Linux Sound Architecture Driver Initialized.
[    1.567535] Bluetooth: Core ver 2.22
[    1.571122] NET: Registered PF_BLUETOOTH protocol family
[    1.576451] Bluetooth: HCI device and connection manager initialized
[    1.582827] Bluetooth: HCI socket layer initialized
[    1.587717] Bluetooth: L2CAP socket layer initialized
[    1.592785] Bluetooth: SCO socket layer initialized
[    1.597830] clocksource: Switched to clocksource arch_sys_counter
[    1.604078] VFS: Disk quotas dquot_6.6.0
[    1.608745] VFS: Dquot-cache hash table entries: 512 (order 0, 4096 bytes)
[    1.615904] NET: Registered PF_INET protocol family
[    1.621134] IP idents hash table entries: 262144 (order: 9, 2097152 bytes, linear)
[    1.631502] tcp_listen_portaddr_hash hash table entries: 8192 (order: 5, 131072 bytes, linear)
[    1.640220] Table-perturb hash table entries: 65536 (order: 6, 262144 bytes, linear)
[    1.648009] TCP established hash table entries: 131072 (order: 8, 1048576 bytes, linear)
[    1.656474] TCP bind hash table entries: 65536 (order: 9, 2097152 bytes, linear)
[    1.665429] TCP: Hash tables configured (established 131072 bind 65536)
[    1.672253] MPTCP token hash table entries: 16384 (order: 7, 393216 bytes, linear)
[    1.680159] UDP hash table entries: 8192 (order: 6, 262144 bytes, linear)
[    1.687102] UDP-Lite hash table entries: 8192 (order: 6, 262144 bytes, linear)
[    1.694536] NET: Registered PF_UNIX/PF_LOCAL protocol family
[    1.700470] NET: Registered PF_XDP protocol family
[    1.705285] PCI: CLS 0 bytes, default 64
[    1.709288] Trying to unpack rootfs image as initramfs...
[    1.719705] kvm [1]: nv: 554 coarse grained trap handlers
[    1.725343] kvm [1]: IPA Size Limit: 40 bits
[    1.729709] kvm [1]: vgic interrupt IRQ9
[    1.733710] kvm [1]: VHE mode initialized successfully
[    1.733957] Freeing initrd memory: 1508K
[    1.743380] Initialise system trusted keyrings
[    1.747965] workingset: timestamp_bits=42 max_order=22 bucket_order=0
[    1.754882] Key type cifs.idmap registered
[    1.759017] fuse: init (API version 7.41)
[    1.774872] xor: measuring software checksum speed
[    1.779859]    8regs           : 18195 MB/sec
[    1.784403]    32regs          : 18690 MB/sec
[    1.788920]    arm64_neon      : 22030 MB/sec
[    1.793287] xor: using function: arm64_neon (22030 MB/sec)
[    1.798791] Key type asymmetric registered
[    1.802899] Asymmetric key parser 'x509' registered
[    1.807806] Block layer SCSI generic (bsg) driver version 0.4 loaded (major 244)
[    1.815285] io scheduler mq-deadline registered
[    1.819830] io scheduler kyber registered
[    1.823855] io scheduler bfq registered
[    1.828060] irq_brcmstb_l2: registered L2 intc (/soc@107c000000/interrupt-controller@7d510600, parent irq: 27)
[    1.838148] irq_brcmstb_l2: registered L2 intc (/soc@107c000000/interrupt-controller@7c502000, parent irq: 28)
[    1.848227] irq_brcmstb_l2: registered L2 intc (/soc@107c000000/intc@7d508380, parent irq: 29)
[    1.856908] irq_brcmstb_l2: registered L2 intc (/soc@107c000000/intc@7d508400, parent irq: 30)
[    1.865587] irq_brcmstb_l2: registered L2 intc (/soc@107c000000/intc@7d503000, parent irq: 31)
[    1.875251] ledtrig-cpu: registered to indicate activity on CPUs
[    1.909993] bcm7271-uart 107d50c000.serial: error -EINVAL: unable to register 8250 port
[    1.918036] bcm7271-uart 107d50c000.serial: probe with driver bcm7271-uart failed with error -22
[    1.927056] iproc-rng200 107d208000.rng: hwrng registered
[    1.932507] vc-mem: phys_addr:0x00000000 mem_base=0x00000000 mem_size:0x00000000(0 MiB)
[    1.940635] rpi-gpiomem 107d508500.gpiomem: window base 0x107d508500 size 0x00000040
[    1.948437] rpi-gpiomem 107d508500.gpiomem: initialised 1 regions as /dev/gpiomem1
[    1.956047] rpi-gpiomem 107d517c00.gpiomem: window base 0x107d517c00 size 0x00000040
[    1.963839] rpi-gpiomem 107d517c00.gpiomem: initialised 1 regions as /dev/gpiomem2
[    1.971449] rpi-gpiomem 107d504100.gpiomem: window base 0x107d504100 size 0x00000020
[    1.979242] rpi-gpiomem 107d504100.gpiomem: initialised 1 regions as /dev/gpiomem3
[    1.986850] rpi-gpiomem 107d510700.gpiomem: window base 0x107d510700 size 0x00000020
[    1.994643] rpi-gpiomem 107d510700.gpiomem: initialised 1 regions as /dev/gpiomem4
[    2.002360] bcm2712-iommu-cache 1000005b00.iommuc: bcm2712_iommu_cache_probe
[    2.012385] brd: module loaded
[    2.017938] loop: module loaded
[    2.021178] zram: Added device: zram0
[    2.025013] bcm2835-power bcm2835-power: Broadcom BCM2835 power domains driver
[    2.032472] Loading iSCSI transport class v2.0-870.
[    2.038239] wireguard: WireGuard 1.0.0 loaded. See www.wireguard.com for information.
[    2.046120] wireguard: Copyright (C) 2015-2019 Jason A. Donenfeld <Jason@zx2c4.com>. All Rights Reserved.
[    2.056308] tun: Universal TUN/TAP device driver, 1.6
[    2.061577] usbcore: registered new interface driver brcmfmac
[    2.067350] usbcore: registered new device driver r8152-cfgselector
[    2.073645] usbcore: registered new interface driver r8152
[    2.079157] usbcore: registered new interface driver lan78xx
[    2.084840] usbcore: registered new interface driver asix
[    2.090263] usbcore: registered new interface driver ax88179_178a
[    2.096384] usbcore: registered new interface driver cdc_ether
[    2.102243] usbcore: registered new interface driver smsc95xx
[    2.108014] usbcore: registered new interface driver cdc_ncm
[    2.113697] usbcore: registered new interface driver r8153_ecm
[    2.119610] dwc_otg: version 3.00a 10-AUG-2012 (platform bus)
[    2.126438] dwc2 1000480000.usb: supply vusb_d not found, using dummy regulator
[    2.133814] dwc2 1000480000.usb: supply vusb_a not found, using dummy regulator
[    2.241342] dwc2 1000480000.usb: EPs: 8, dedicated fifos, 4080 entries in SPRAM
[    2.248792] usbcore: registered new interface driver cdc_acm
[    2.254473] cdc_acm: USB Abstract Control Model driver for USB modems and ISDN adapters
[    2.262516] usbcore: registered new interface driver usblp
[    2.268049] usbcore: registered new interface driver uas
[    2.273387] usbcore: registered new interface driver usb-storage
[    2.279434] usbcore: registered new interface driver ch341
[    2.284940] usbserial: USB Serial support registered for ch341-uart
[    2.291234] usbcore: registered new interface driver cp210x
[    2.296826] usbserial: USB Serial support registered for cp210x
[    2.302771] usbcore: registered new interface driver pl2303
[    2.308363] usbserial: USB Serial support registered for pl2303
[    2.314409] mousedev: PS/2 mouse device common for all mice
[    2.320010] usbcore: registered new interface driver xpad
[    2.325432] usbcore: registered new interface driver usb_acecad
[    2.331381] usbcore: registered new interface driver aiptek
[    2.336976] usbcore: registered new interface driver hanwang
[    2.342665] usbcore: registered new interface driver kbtab
[    2.348198] usbcore: registered new interface driver usbtouchscreen
[    2.362034] rpi-rtc soc@107c000000:rpi_rtc: registered as rtc0
[    2.369264] rpi-rtc soc@107c000000:rpi_rtc: setting system clock to 1970-01-01T00:00:20 UTC (20)
[    2.378101] i2c_dev: i2c /dev entries driver
[    2.382492] brcmstb-i2c 107d508200.i2c:  @97500hz registered in interrupt mode
[    2.389808] brcmstb-i2c 107d508280.i2c:  @97500hz registered in interrupt mode
[    2.397176] ir_imon_decoder: IR iMON protocol handler initialized
[    2.403291] IR JVC protocol handler initialized
[    2.407834] IR MCE Keyboard/mouse protocol handler initialized
[    2.413686] IR NEC protocol handler initialized
[    2.418229] IR RC5(x/sz) protocol handler initialized
[    2.423294] IR RC6 protocol handler initialized
[    2.427837] IR RCMM protocol handler initialized
[    2.432466] IR SANYO protocol handler initialized
[    2.437184] IR Sharp protocol handler initialized
[    2.441901] IR Sony protocol handler initialized
[    2.446530] IR XMP protocol handler initialized
[    2.451194] usbcore: registered new interface driver uvcvideo
[    2.457293] bcm2835-wdt bcm2835-wdt: Poweroff handler already present!
[    2.463849] bcm2835-wdt bcm2835-wdt: Broadcom BCM2835 watchdog timer
[    2.470236] device-mapper: uevent: version 1.0.3
[    2.474899] device-mapper: ioctl: 4.48.0-ioctl (2023-03-01) initialised: dm-devel@lists.linux.dev
[    2.483849] Bluetooth: HCI UART driver ver 2.3
[    2.488306] Bluetooth: HCI UART protocol H4 registered
[    2.493476] Bluetooth: HCI UART protocol Broadcom registered
[    2.501192] sdhci: Secure Digital Host Controller Interface driver
[    2.507396] sdhci: Copyright(c) Pierre Ossman
[    2.511803] sdhci-pltfm: SDHCI platform and OF driver helper
[    2.517545] SMCCC: SOC_ID: ARCH_SOC_ID not implemented, skipping ....
[    2.524025] hid: raw HID events driver (C) Jiri Kosina
[    2.529837] usbcore: registered new interface driver usbhid
[    2.535431] usbhid: USB HID core driver
[    2.539324] ashmem: initialized
[    2.542512] SPI driver st-accel-spi has no spi_device_id for st,lis302dl-spi
[    2.549589] SPI driver st-accel-spi has no spi_device_id for st,lis3lv02dl-accel
[    2.557015] SPI driver st-accel-spi has no spi_device_id for st,lis3dh-accel
[    2.564092] SPI driver st-accel-spi has no spi_device_id for st,lsm330d-accel
[    2.571253] SPI driver st-accel-spi has no spi_device_id for st,lsm330dl-accel
[    2.578503] SPI driver st-accel-spi has no spi_device_id for st,lsm330dlc-accel
[    2.585837] SPI driver st-accel-spi has no spi_device_id for st,lis331dlh-accel
[    2.593174] SPI driver st-accel-spi has no spi_device_id for st,lsm330-accel
[    2.600248] SPI driver st-accel-spi has no spi_device_id for st,lsm303agr-accel
[    2.607585] SPI driver st-accel-spi has no spi_device_id for st,lis2dh12-accel
[    2.614834] SPI driver st-accel-spi has no spi_device_id for st,lng2dm-accel
[    2.621909] SPI driver st-accel-spi has no spi_device_id for st,h3lis331dl-accel
[    2.629331] SPI driver st-accel-spi has no spi_device_id for st,lis331dl-accel
[    2.636582] SPI driver st-accel-spi has no spi_device_id for st,lsm303c-accel
[    2.643780] SPI driver st-magn-spi has no spi_device_id for st,lis3mdl-magn
[    2.650769] SPI driver st-magn-spi has no spi_device_id for st,lsm303agr-magn
[    2.657929] SPI driver st-magn-spi has no spi_device_id for st,lsm9ds1-magn
[    2.664917] SPI driver st-magn-spi has no spi_device_id for st,lsm303c-magn
[    2.672175] hw perfevents: enabled with armv8_cortex_a76 PMU driver, 7 (0,8000003f) counters available
[    2.681775] usbcore: registered new interface driver snd-usb-audio
[    2.688476] GACT probability NOT on
[    2.691976] Mirror/redirect action on
[    2.695663] netem: version 1.3
[    2.698737] u32 classifier
[    2.701445]     input device check on
[    2.705116]     Actions configured
[    2.709584] xt_time: kernel timezone is -0000
[    2.714000] ipip: IPv4 and MPLS over IPv4 tunneling driver
[    2.719619] gre: GRE over IPv4 demultiplexor driver
[    2.724512] ip_gre: GRE over IPv4 tunneling driver
[    2.729513] IPv4 over IPsec tunneling driver
[    2.733872] Initializing XFRM netlink socket
[    2.738164] IPsec XFRM device driver
[    2.741765] NET: Registered PF_INET6 protocol family
[    2.747110] Segment Routing with IPv6
[    2.750791] In-situ OAM (IOAM) with IPv6
[    2.754745] mip6: Mobile IPv6
[    2.757819] sit: IPv6, IPv4 and MPLS over IPv4 tunneling driver
[    2.763934] ip6_gre: GRE over IPv6 tunneling driver
[    2.768914] NET: Registered PF_PACKET protocol family
[    2.773996] NET: Registered PF_KEY protocol family
[    2.778809] Key type dns_resolver registered
[    2.783124] NET: Registered PF_VSOCK protocol family
[    2.793275] registered taskstats version 1
[    2.797446] Loading compiled-in X.509 certificates
[    2.805902] Demotion targets for Node 0: null
[    2.810317] Key type .fscrypt registered
[    2.814494] Key type fscrypt-provisioning registered
[    2.819981] Btrfs loaded, zoned=no, fsverity=yes
[    2.825886] brcm-pcie 1000120000.pcie: host bridge /axi/pcie@1000120000 ranges:
[    2.833730] brcm-pcie 1000120000.pcie:   No bus range found for /axi/pcie@1000120000, using [bus 00-ff]
[    2.843190] brcm-pcie 1000120000.pcie:      MEM 0x1f00000000..0x1ffffffffb -> 0x0000000000
[    2.851493] brcm-pcie 1000120000.pcie:      MEM 0x1c00000000..0x1effffffff -> 0x0400000000
[    2.859798] brcm-pcie 1000120000.pcie:   IB MEM 0x1f00000000..0x1f003fffff -> 0x0000000000
[    2.868107] brcm-pcie 1000120000.pcie:   IB MEM 0x0000000000..0x0fffffffff -> 0x1000000000
[    2.876411] brcm-pcie 1000120000.pcie:   IB MEM 0x1000130000..0x1000130fff -> 0xfffffff000
[    2.886184] brcm-pcie 1000120000.pcie: PCI host bridge to bus 0002:00
[    2.892652] pci_bus 0002:00: root bus resource [bus 00-ff]
[    2.898179] pci_bus 0002:00: root bus resource [mem 0x1f00000000-0x1ffffffffb] (bus address [0x00000000-0xfffffffb])
[    2.908756] pci_bus 0002:00: root bus resource [mem 0x1c00000000-0x1effffffff pref] (bus address [0x400000000-0x6ffffffff])
[    2.919947] pci 0002:00:00.0: [14e4:2712] type 01 class 0x060400 PCIe Root Port
[    2.927294] pci 0002:00:00.0: PCI bridge to [bus 00]
[    2.932286] pci 0002:00:00.0:   bridge window [mem 0x1f80000000-0x1fbfffffff]
[    2.939474] pci 0002:00:00.0: PME# supported from D0 D3hot
[    2.945583] pci 0002:00:00.0: bridge configuration invalid ([bus 00-00]), reconfiguring
[    3.053843] brcm-pcie 1000120000.pcie: clkreq-mode set to default
[    3.059963] brcm-pcie 1000120000.pcie: link up, 5.0 GT/s PCIe x4 (!SSC)
[    3.066629] pci 0002:01:00.0: [1de4:0001] type 00 class 0x020000 PCIe Endpoint
[    3.073901] pci 0002:01:00.0: BAR 0 [mem 0xffffc000-0xffffffff]
[    3.079852] pci 0002:01:00.0: BAR 1 [mem 0xffc00000-0xffffffff]
[    3.085803] pci 0002:01:00.0: BAR 2 [mem 0xffff0000-0xffffffff]
[    3.091807] pci 0002:01:00.0: supports D1
[    3.095830] pci 0002:01:00.0: PME# supported from D0 D1 D3hot D3cold
[    3.109848] pci_bus 0002:01: busn_res: [bus 01-ff] end is updated to 01
[    3.116498] pci 0002:00:00.0: bridge window [mem 0x1f00000000-0x1f005fffff]: assigned
[    3.124366] pci 0002:01:00.0: BAR 1 [mem 0x1f00000000-0x1f003fffff]: assigned
[    3.131534] pci 0002:01:00.0: BAR 2 [mem 0x1f00400000-0x1f0040ffff]: assigned
[    3.138702] pci 0002:01:00.0: BAR 0 [mem 0x1f00410000-0x1f00413fff]: assigned
[    3.145868] pci 0002:00:00.0: PCI bridge to [bus 01]
[    3.150849] pci 0002:00:00.0:   bridge window [mem 0x1f00000000-0x1f005fffff]
[    3.158017] pci_bus 0002:00: resource 4 [mem 0x1f00000000-0x1ffffffffb]
[    3.164657] pci_bus 0002:00: resource 5 [mem 0x1c00000000-0x1effffffff pref]
[    3.171731] pci_bus 0002:01: resource 1 [mem 0x1f00000000-0x1f005fffff]
[    3.178471] pcieport 0002:00:00.0: enabling device (0000 -> 0002)
[    3.184619] pcieport 0002:00:00.0: PME: Signaling with IRQ 42
[    3.190456] pcieport 0002:00:00.0: AER: enabled with IRQ 42
[    3.196146] rp1 0002:01:00.0: bar0 len 0x4000, start 0x1f00410000, end 0x1f00413fff, flags, 0x40200
[    3.205242] rp1 0002:01:00.0: bar1 len 0x400000, start 0x1f00000000, end 0x1f003fffff, flags, 0x40200
[    3.214513] rp1 0002:01:00.0: enabling device (0000 -> 0002)
[    3.220897] rp1 0002:01:00.0: chip_id 0x20001927
[    3.230405] rpi-gpiomem 1f000d0000.gpiomem: window base 0x1f000d0000 size 0x00030000
[    3.238259] rpi-gpiomem 1f000d0000.gpiomem: initialised 1 regions as /dev/gpiomem0
[    3.246060] bcm2712-iommu 1000005100.iommu: IOVA aperture 0xa00000000..0xb00000000 including DMA offset 0x0
[    3.255886] bcm2712-iommu 1000005100.iommu: bcm2712_iommu_init: DEBUG_INFO = 0x20804774
[    3.264012] bcm2712-iommu 1000005200.iommu: IOVA aperture 0xa00000000..0xa80000000 including DMA offset 0x0
[    3.273832] bcm2712-iommu 1000005200.iommu: bcm2712_iommu_init: DEBUG_INFO = 0x20804774
[    3.281930] bcm2712-iommu 1000005280.iommu: IOVA aperture 0x1a00000000..0x1a80000000 including DMA offset 0x1000000000
[    3.292702] bcm2712-iommu 1000005280.iommu: bcm2712_iommu_init: DEBUG_INFO = 0x20804774
[    3.310571] v3d 1002000000.v3d: [drm] Transparent Hugepage support is recommended for optimal performance on this platform!
[    3.322042] [drm] Initialized v3d 1.0.0 for 1002000000.v3d on minor 0
[    3.331963] vc4_hvs 107c580000.hvs: bcm2712_iommu_of_xlate: MMU 1000005200.iommu
[    3.339400] vc4_hvs 107c580000.hvs: bcm2712_iommu_probe_device: MMU 1000005200.iommu
[    3.347180] vc4_hvs 107c580000.hvs: bcm2712_iommu_device_group: MMU 1000005200.iommu
[    3.354957] vc4_hvs 107c580000.hvs: Adding to iommu group 1
[    3.360557] vc4_hvs 107c580000.hvs: bcm2712_iommu_attach_dev: MMU 1000005200.iommu
[    3.368216] vc4-drm axi:gpu: bcm2712_iommu_of_xlate: MMU 1000005200.iommu
[    3.375036] vc4-drm axi:gpu: bcm2712_iommu_probe_device: MMU 1000005200.iommu
[    3.382208] vc4-drm axi:gpu: bcm2712_iommu_device_group: MMU 1000005200.iommu
[    3.389373] vc4-drm axi:gpu: Adding to iommu group 1
[    3.394357] vc4-drm axi:gpu: bcm2712_iommu_attach_dev: MMU 1000005200.iommu
[    3.406072] vc4-drm axi:gpu: bound 107c580000.hvs (ops vc4_hvs_ops)
[    3.417319] input: vc4-hdmi-0 HDMI Jack as /devices/platform/soc@107c000000/107c701400.hdmi/sound/card0/input0
[    3.430013] vc4-drm axi:gpu: bound 107c701400.hdmi (ops vc4_hdmi_ops)
[    3.437935] input: vc4-hdmi-1 HDMI Jack as /devices/platform/soc@107c000000/107c706400.hdmi/sound/card1/input1
[    3.451406] vc4-drm axi:gpu: bound 107c706400.hdmi (ops vc4_hdmi_ops)
[    3.457934] vc4-drm axi:gpu: bound 107c500000.mop (ops vc4_txp_ops)
[    3.464268] vc4-drm axi:gpu: bound 107c501000.moplet (ops vc4_txp_ops)
[    3.470864] vc4-drm axi:gpu: bound 107c410000.pixelvalve (ops vc4_crtc_ops)
[    3.477898] vc4-drm axi:gpu: bound 107c411000.pixelvalve (ops vc4_crtc_ops)
[    3.485555] [drm] Initialized vc4 0.0.0 for axi:gpu on minor 1
[    3.494013] vc4-drm axi:gpu: [drm] Cannot find any crtc or sizes
[    3.500215] rpi-hevc-dec 1000800000.codec: bcm2712_iommu_of_xlate: MMU 1000005100.iommu
[    3.508267] rpi-hevc-dec 1000800000.codec: bcm2712_iommu_probe_device: MMU 1000005100.iommu
[    3.516662] rpi-hevc-dec 1000800000.codec: bcm2712_iommu_device_group: MMU 1000005100.iommu
[    3.522635] vc4-drm axi:gpu: [drm] Cannot find any crtc or sizes
[    3.525052] rpi-hevc-dec 1000800000.codec: Adding to iommu group 0
[    3.534497] vc4-drm axi:gpu: [drm] Cannot find any crtc or sizes
[    3.537281] rpi-hevc-dec 1000800000.codec: bcm2712_iommu_attach_dev: MMU 1000005100.iommu
[    3.554166] rpi-hevc-dec 1000800000.codec: Device registered as /dev/video19
[    3.561343] pispbe 1000880000.pisp_be: bcm2712_iommu_of_xlate: MMU 1000005100.iommu
[    3.569039] pispbe 1000880000.pisp_be: bcm2712_iommu_probe_device: MMU 1000005100.iommu
[    3.577080] pispbe 1000880000.pisp_be: bcm2712_iommu_device_group: MMU 1000005100.iommu
[    3.585127] pispbe 1000880000.pisp_be: Adding to iommu group 0
[    3.590987] pispbe 1000880000.pisp_be: bcm2712_iommu_attach_dev: MMU 1000005100.iommu
[    3.600201] genirq: irq_chip rp1_irq_chip did not update eff. affinity mask of irq 104
[    3.609096] sdhci-brcmstb 1000fff000.mmc: Got CD GPIO
[    3.609609] mmc1: CQHCI version 5.10
[    3.614256] mmc0: CQHCI version 5.10
[    3.623718] macb 1f00100000.ethernet eth0: Cadence GEM rev 0x00070109 at 0x1f00100000 irq 110 (88:a2:9e:11:aa:ea)
[    3.635522] dw_axi_dmac_platform 1f00188000.dma: DesignWare AXI DMA Controller, 8 channels
[    3.644074] xhci-hcd xhci-hcd.0: xHCI Host Controller
[    3.649161] xhci-hcd xhci-hcd.0: new USB bus registered, assigned bus number 1
[    3.656846] xhci-hcd xhci-hcd.0: hcc params 0x0240fe6d hci version 0x110 quirks 0x0000808000000810
[    3.657120] mmc0: SDHCI controller on 1000fff000.mmc [1000fff000.mmc] using ADMA 64-bit
[    3.665850] xhci-hcd xhci-hcd.0: irq 135, io mem 0x1f00200000
[    3.679737] xhci-hcd xhci-hcd.0: xHCI Host Controller
[    3.684835] xhci-hcd xhci-hcd.0: new USB bus registered, assigned bus number 2
[    3.692088] xhci-hcd xhci-hcd.0: Host supports USB 3.0 SuperSpeed
[    3.698242] usb usb1: New USB device found, idVendor=1d6b, idProduct=0002, bcdDevice= 6.12
[    3.706566] usb usb1: New USB device strings: Mfr=3, Product=2, SerialNumber=1
[    3.713841] usb usb1: Product: xHCI Host Controller
[    3.718759] usb usb1: Manufacturer: Linux 6.12.73-g8af794a959ec-v8 xhci-hcd
[    3.725771] usb usb1: SerialNumber: xhci-hcd.0
[    3.730356] hub 1-0:1.0: USB hub found
[    3.736156] hub 1-0:1.0: 2 ports detected
[    3.740300] usb usb2: New USB device found, idVendor=1d6b, idProduct=0003, bcdDevice= 6.12
[    3.748606] usb usb2: New USB device strings: Mfr=3, Product=2, SerialNumber=1
[    3.755857] usb usb2: Product: xHCI Host Controller
[    3.760775] usb usb2: Manufacturer: Linux 6.12.73-g8af794a959ec-v8 xhci-hcd
[    3.767828] usb usb2: SerialNumber: xhci-hcd.0
[    3.772387] hub 2-0:1.0: USB hub found
[    3.776158] hub 2-0:1.0: 1 port detected
[    3.780370] xhci-hcd xhci-hcd.1: xHCI Host Controller
[    3.785448] xhci-hcd xhci-hcd.1: new USB bus registered, assigned bus number 3
[    3.793124] xhci-hcd xhci-hcd.1: hcc params 0x0240fe6d hci version 0x110 quirks 0x0000808000000810
[    3.802133] xhci-hcd xhci-hcd.1: irq 140, io mem 0x1f00300000
[    3.806685] mmc1: SDHCI controller on 1001100000.mmc [1001100000.mmc] using ADMA 64-bit
[    3.807965] xhci-hcd xhci-hcd.1: xHCI Host Controller
[    3.821027] xhci-hcd xhci-hcd.1: new USB bus registered, assigned bus number 4
[    3.828306] xhci-hcd xhci-hcd.1: Host supports USB 3.0 SuperSpeed
[    3.834456] usb usb3: New USB device found, idVendor=1d6b, idProduct=0002, bcdDevice= 6.12
[    3.842781] usb usb3: New USB device strings: Mfr=3, Product=2, SerialNumber=1
[    3.850040] usb usb3: Product: xHCI Host Controller
[    3.854936] usb usb3: Manufacturer: Linux 6.12.73-g8af794a959ec-v8 xhci-hcd
[    3.861929] usb usb3: SerialNumber: xhci-hcd.1
[    3.866486] hub 3-0:1.0: USB hub found
[    3.870264] hub 3-0:1.0: 2 ports detected
[    3.874390] usb usb4: New USB device found, idVendor=1d6b, idProduct=0003, bcdDevice= 6.12
[    3.882718] usb usb4: New USB device strings: Mfr=3, Product=2, SerialNumber=1
[    3.889971] usb usb4: Product: xHCI Host Controller
[    3.894880] usb usb4: Manufacturer: Linux 6.12.73-g8af794a959ec-v8 xhci-hcd
[    3.901934] usb usb4: SerialNumber: xhci-hcd.1
[    3.906477] hub 4-0:1.0: USB hub found
[    3.910252] hub 4-0:1.0: 1 port detected
[    3.915202] input: pwr_button as /devices/platform/pwr_button/input/input2
[    3.922192] of_cfs_init
[    3.924659] of_cfs_init: OK
[    3.927513] cfg80211: Loading compiled-in X.509 certificates for regulatory database
[    3.935533] Loaded X.509 cert 'benh@debian.org: 577e021cb980e0e820821ba7b54b4961b8b4fadf'
[    3.943914] Loaded X.509 cert 'romain.perier@gmail.com: 3abbc6ec146e09d1b6016ab9d6cf71dd233f0328'
[    3.949914] mmc0: new ultra high speed SDR104 SDHC card at address aaaa
[    3.952987] Loaded X.509 cert 'sforshee: 00b28ddf47aef9cea7'
[    3.959665] mmcblk0: mmc0:aaaa JULIE 29.7 GiB
[    3.965303] Loaded X.509 cert 'wens: 61c038651aabdcf94bd0ac7ff06c7248db18c600'
[    3.974497]  mmcblk0: p1 p2 < p5 p6 p7 > p3
[    3.977321] clk: Disabling unused clocks
[    3.985057] mmcblk0: mmc0:aaaa JULIE 29.7 GiB (quirks 0x00004000)
[    3.990203] mmc1: new ultra high speed DDR50 SDIO card at address 0001
[    3.995486] PM: genpd: Disabling unused power domains
[    4.002829] ALSA device list:
[    4.005801]   #0: vc4-hdmi-0
[    4.008689]   #1: vc4-hdmi-1
[    4.012896] brcmfmac: brcmf_fw_alloc_request: using brcm/brcmfmac43455-sdio for chip BCM4345/6
[    4.021597] brcmfmac mmc1:0001:1: Direct firmware load for brcm/brcmfmac43455-sdio.raspberrypi,5-model-b.bin failed with error -2
[    4.034141] Freeing unused kernel memory: 2048K
[    4.038846] Run /init as init process
[    4.043555] init: init first stage started!
[    4.047836] init: Unable to open /lib/modules, skipping module loading.
[    4.054586] init: [libfstab] Using Android DT directory /proc/device-tree/firmware/android/
[    4.063018] init: [libfstab] ReadFstabFromDt(): failed to read fstab from dt
[    4.070409] init: Failed to read vbmeta partitions.
[    4.082062] init: [libfs_mgr] superblock s_max_mnt_count:65535,/dev/block/mmcblk0p7
[    4.089800] init: [libfs_mgr] Filesystem on /dev/block/mmcblk0p7 was not cleanly shutdown; state flags: 0x1, incompat feature flags: 0x2c6
[    4.189042] EXT4-fs (mmcblk0p7): recovery complete
[    4.194688] EXT4-fs (mmcblk0p7): mounted filesystem 22ed7735-d537-4d5a-8ba0-fb610918ad9e r/w with ordered data mode. Quota mode: none.
[    4.206869] init: [libfs_mgr] check_fs(): mount(/dev/block/mmcblk0p7,/metadata,ext4)=0: Success
[    4.215691] EXT4-fs (mmcblk0p7): unmounting filesystem 22ed7735-d537-4d5a-8ba0-fb610918ad9e.
[    4.215775] brcmfmac: brcmf_c_process_txcap_blob: no txcap_blob available (err=-2)
[    4.227591] init: [libfs_mgr] umount_retry(): unmount(/metadata) succeeded
[    4.231994] brcmfmac: brcmf_c_preinit_dcmds: Firmware: BCM4345/6 wl0: Aug 29 2023 01:47:08 version 7.45.265 (28bca26 CY) FWID 01-b677b91b
[    4.238701] init: [libfs_mgr] Not running /system/bin/e2fsck on /dev/block/mmcblk0p7 (executable not in system image)
[    4.267633] EXT4-fs (mmcblk0p7): mounted filesystem 22ed7735-d537-4d5a-8ba0-fb610918ad9e r/w with ordered data mode. Quota mode: none.
[    4.272030] ------------[ cut here ]------------
[    4.284407] memcpy: detected field-spanning write (size 27) of single field "eventmask_msg->mask" at drivers/net/wireless/broadcom/brcm80211/brcmfmac/fweh.c:461 (size 1)
[    4.285653] EXT4-fs (mmcblk0p5): mounted filesystem d392d8bb-6c67-58f7-b0b2-091ad46c5bc2 ro without journal. Quota mode: none.
[    4.299624] WARNING: CPU: 1 PID: 131 at drivers/net/wireless/broadcom/brcm80211/brcmfmac/fweh.c:461 brcmf_fweh_activate_events+0x274/0x2e0
[    4.319909] EXT4-fs (mmcblk0p6): mounted filesystem 2b96c597-1e2f-5ee1-9851-c4a9fa9de36e ro without journal. Quota mode: none.
[    4.323528] Modules linked in:
[    4.323531] CPU: 1 UID: 0 PID: 131 Comm: kworker/1:2 Not tainted 6.12.73-g8af794a959ec-v8 #1
[    4.346489] Hardware name: Raspberry Pi 5 Model B Rev 1.1 (DT)
[    4.352339] Workqueue: events request_firmware_work_func
[    4.357669] pstate: 60000009 (nZCv daif -PAN -UAO -TCO -DIT -SSBS BTYPE=--)
[    4.364655] pc : brcmf_fweh_activate_events+0x274/0x2e0
[    4.369895] lr : brcmf_fweh_activate_events+0x270/0x2e0
[    4.375136] sp : ffffffc0816fbb10
[    4.378455] x29: ffffffc0816fbb10 x28: ffffffd08dc24a50 x27: ffffffd08e08e226
[    4.385616] x26: 0000000000000001 x25: ffffff8101376868 x24: ffffffd08dc24e80
[    4.392777] x23: 000000000000001b x22: ffffff8101376800 x21: 000000000000001f
[    4.399938] x20: ffffff81020790c0 x19: ffffff810108fa40 x18: ffffffc0815f5048
[    4.407098] x17: 0000000010e2957a x16: 0000000010e2957a x15: 7373656c65726977
[    4.414259] x14: 000000000000000d x13: 0000000000000101 x12: 0000000000000f01
[    4.421420] x11: 0000000000000008 x10: 00000000ffffffff x9 : d2411f393f558500
[    4.428581] x8 : d2411f393f558500 x7 : 205d373034343832 x6 : 322e34202020205b
[    4.435741] x5 : ffffffd08e7a4340 x4 : ffffffc0816fb697 x3 : ffffffd08cec95c0
[    4.442901] x2 : 000000000000001b x1 : 0000000000000000 x0 : 000000000000009d
[    4.450063] Call trace:
[    4.452508]  brcmf_fweh_activate_events+0x274/0x2e0
[    4.457400]  brcmf_cfg80211_attach+0x12e8/0x1728
[    4.462029]  brcmf_attach+0x270/0x5c0
[    4.465700]  brcmf_sdio_firmware_callback+0x848/0x8d8
[    4.470767]  brcmf_fw_request_done+0x170/0x1b4
[    4.475221]  request_firmware_work_func+0x74/0xc8
[    4.479937]  process_scheduled_works+0x1d0/0x46c
[    4.484568]  worker_thread+0x244/0x300
[    4.488326]  kthread+0x128/0x1bc
[    4.491559]  ret_from_fork+0x10/0x20
[    4.495142] ---[ end trace 0000000000000000 ]---
[    4.506749] printk: init: 11 output lines suppressed due to ratelimiting
[    4.669750] init: [libfstab] Using Android DT directory /proc/device-tree/firmware/android/
[    4.682247] init: Skipping mount of system_ext, system is not dynamic.
[    4.688810] init: Skipping mount of product, system is not dynamic.
[    4.695120] init: Opening SELinux policy
[    4.715830] init: Loading SELinux policy
[    4.726114] SELinux:  Class memfd_file not defined in policy.
[    4.731891] SELinux: the above unknown classes and permissions will be denied
[    4.741734] SELinux:  policy capability network_peer_controls=1
[    4.747760] SELinux:  policy capability open_perms=1
[    4.752750] SELinux:  policy capability extended_socket_class=1
[    4.758694] SELinux:  policy capability always_check_network=0
[    4.764549] SELinux:  policy capability cgroup_seclabel=0
[    4.769965] SELinux:  policy capability nnp_nosuid_transition=1
[    4.775913] SELinux:  policy capability genfs_seclabel_symlinks=0
[    4.782037] SELinux:  policy capability ioctl_skip_cloexec=0
[    4.787716] SELinux:  policy capability userspace_initial_context=0
[    4.794004] SELinux: policy capability memfd_class=0
[    4.798984] SELinux: policy capability genfs_seclabel_wildcard=0
[    4.805010] SELinux:  unknown policy capability 12
[    4.814932] audit: type=1403 audit(22.943:2): auid=4294967295 ses=4294967295 lsm=selinux res=1
[    4.819815] selinux: SELinux: Loaded file context from:
[    4.828861] selinux: 		/system/etc/selinux/plat_file_contexts
[    4.834635] selinux: 		/system_ext/etc/selinux/system_ext_file_contexts
[    4.841278] selinux: 		/product/etc/selinux/product_file_contexts
[    4.847397] selinux: 		/vendor/etc/selinux/vendor_file_contexts
[    4.858607] printk: init: 1 output lines suppressed due to ratelimiting
[    4.871252] init: init second stage started!
[    4.888486] selinux: SELinux: Loaded file context from:
[    4.893786] selinux: 		/system/etc/selinux/plat_file_contexts
[    4.899599] selinux: 		/system_ext/etc/selinux/system_ext_file_contexts
[    4.906260] selinux: 		/product/etc/selinux/product_file_contexts
[    4.912394] selinux: 		/vendor/etc/selinux/vendor_file_contexts
[    4.918348] selinux: 		/odm/etc/selinux/odm_file_contexts
[    4.939383] init: [libfstab] Using Android DT directory /proc/device-tree/firmware/android/
[    4.952373] audit: type=1107 audit(23.079:3): pid=1 uid=0 auid=4294967295 ses=4294967295 subj=u:r:init:s0 msg='avc:  denied  { set } for property=ro.boot.audio.tinyalsa.simulate_input pid=1 uid=0 gid=0 scontext=u:r:vendor_init:s0 tcontext=u:object_r:bootloader_prop:s0 tclass=property_service permissive=1'
[    4.952867] init: Overriding previous property 'bluetooth.device.class_of_device':'38,4,32' with new value '38,4,8'
[    4.979545] audit: type=1107 audit(23.079:4): pid=1 uid=0 auid=4294967295 ses=4294967295 subj=u:r:init:s0 msg='avc:  denied  { set } for property=persist.bluetooth.a2dp_aac.vbr_supported pid=1 uid=0 gid=0 scontext=u:r:vendor_init:s0 tcontext=u:object_r:bluetooth_prop:s0 tclass=property_service permissive=1'
[    4.995815] init: Setting product property ro.product.brand to 'Raspberry' (from ro.product.product.brand)
[    5.017346] audit: type=1107 audit(23.079:5): pid=1 uid=0 auid=4294967295 ses=4294967295 subj=u:r:init:s0 msg='avc:  denied  { set } for property=ro.lockscreen.disable.default pid=1 uid=0 gid=0 scontext=u:r:vendor_init:s0 tcontext=u:object_r:default_prop:s0 tclass=property_service permissive=1'
[    5.017352] audit: type=1107 audit(23.079:6): pid=1 uid=0 auid=4294967295 ses=4294967295 subj=u:r:init:s0 msg='avc:  denied  { set } for property=persist.device_config.mglru_native.lru_gen_config pid=1 uid=0 gid=0 scontext=u:r:vendor_init:s0 tcontext=u:object_r:device_config_mglru_native_prop:s0 tclass=property_service permissive=1'
[    5.082823] audit: type=1107 audit(23.119:7): pid=1 uid=0 auid=4294967295 ses=4294967295 subj=u:r:init:s0 msg='avc:  denied  { set } for property=service.sf.prime_shader_cache pid=1 uid=0 gid=0 scontext=u:r:vendor_init:s0 tcontext=u:object_r:system_prop:s0 tclass=property_service permissive=1'
[    5.144621] ueventd: ueventd started!
[    5.149307] selinux: SELinux: Loaded file context from:
[    5.154558] selinux: 		/system/etc/selinux/plat_file_contexts
[    5.160323] selinux: 		/system_ext/etc/selinux/system_ext_file_contexts
[    5.166961] selinux: 		/product/etc/selinux/product_file_contexts
[    5.173075] selinux: 		/vendor/etc/selinux/vendor_file_contexts
[    5.179016] selinux: 		/odm/etc/selinux/odm_file_contexts
[    5.184614] ueventd: Parsing file /system/etc/ueventd.rc...
[    5.191307] ueventd: Added '/vendor/etc/ueventd.rc' to import list
[    5.197519] ueventd: Added '/odm/etc/ueventd.rc' to import list
[    5.219930] apexd: Started. subcommand = --bootstrap
[    5.236915] apexd-bootstrap: Scanning /system/apex for pre-installed ApexFiles
[    5.244603] apexd-bootstrap: Found pre-installed APEX /system/apex/com.android.permission.apex
[    5.253271] apexd-bootstrap: Found pre-installed APEX /system/apex/com.android.devicelock.apex
[    5.261932] apexd-bootstrap: Found pre-installed APEX /system/apex/com.android.wifi.apex
[    5.270166] apexd-bootstrap: Found pre-installed APEX /system/apex/com.android.tzdata.apex
[    5.278468] apexd-bootstrap: Found pre-installed APEX /system/apex/com.android.runtime.apex
[    5.286860] apexd-bootstrap: Found pre-installed APEX /system/apex/com.android.bt.apex
[    5.294808] apexd-bootstrap: Found pre-installed APEX /system/apex/com.android.i18n.apex
[    5.302934] apexd-bootstrap: Found pre-installed APEX /system/apex/com.android.tethering.apex
[    5.430630] audit: type=1400 audit(23.559:8): avc:  denied  { create } for  pid=43 comm="kdevtmpfs" name="loop16" scontext=u:r:kernel:s0 tcontext=u:object_r:device:s0 tclass=blk_file permissive=1
[    5.448268] audit: type=1400 audit(23.559:9): avc:  denied  { setattr } for  pid=43 comm="kdevtmpfs" name="loop16" dev="devtmpfs" ino=142 scontext=u:r:kernel:s0 tcontext=u:object_r:device:s0 tclass=blk_file permissive=1
[    5.456411] loop1: detected capacity change from 0 to 42016
[    5.456564] loop2: detected capacity change from 0 to 202072
[    5.456671] loop3: detected capacity change from 0 to 8632
[    5.456781] loop4: detected capacity change from 0 to 23512
[    5.456889] loop5: detected capacity change from 0 to 8848
[    5.456990] loop6: detected capacity change from 0 to 1672
[    5.457087] loop7: detected capacity change from 0 to 40440
[    5.457193] loop8: detected capacity change from 0 to 17832
[    5.467941] loop9: detected capacity change from 0 to 73472
[    5.586333] EXT4-fs (loop5): mounted filesystem 7d1522e1-9dfa-5edb-a43e-98e3a4d20250 ro without journal. Quota mode: none.
[    5.588299] EXT4-fs (loop1): mounted filesystem 7d1522e1-9dfa-5edb-a43e-98e3a4d20250 ro without journal. Quota mode: none.
[    5.597533] EXT4-fs (loop3): mounted filesystem 7d1522e1-9dfa-5edb-a43e-98e3a4d20250 ro without journal. Quota mode: none.
[    5.619726] EXT4-fs (loop7): mounted filesystem 7d1522e1-9dfa-5edb-a43e-98e3a4d20250 ro without journal. Quota mode: none.
[    5.622851] EXT4-fs (loop0): mounted filesystem 7d1522e1-9dfa-5edb-a43e-98e3a4d20250 ro without journal. Quota mode: none.
[    5.644871] EXT4-fs (loop2): mounted filesystem 7d1522e1-9dfa-5edb-a43e-98e3a4d20250 ro without journal. Quota mode: none.
[    5.647539] EXT4-fs (loop8): mounted filesystem 7d1522e1-9dfa-5edb-a43e-98e3a4d20250 ro without journal. Quota mode: none.
[    5.656017] EXT4-fs (loop4): mounted filesystem 7d1522e1-9dfa-5edb-a43e-98e3a4d20250 ro without journal. Quota mode: none.
[    5.667128] EXT4-fs (loop6): mounted filesystem 7d1522e1-9dfa-5edb-a43e-98e3a4d20250 ro without journal. Quota mode: none.
[    5.696605] EXT4-fs (loop9): mounted filesystem 7d1522e1-9dfa-5edb-a43e-98e3a4d20250 ro without journal. Quota mode: none.
[    5.711932] printk: apexd: 73 output lines suppressed due to ratelimiting
[    5.890594] main[304]: Starting aconfigd_system command: EarlyPlatformInit
console:/ $ [    6.013969] servicemanager: Starting sm instance on /dev/binder
[    6.023614] logd: libprocessgroup: A JoinCgroup action in the SystemMemoryProcess profile is used for controller memory in the cgroup v2 hierarchy and will be ignored
[    6.028801] SELinux: SELinux: Loaded service context from:
[    6.044182] SELinux: 		/system/etc/selinux/plat_service_contexts
[    6.050274] SELinux: 		/system_ext/etc/selinux/system_ext_service_contexts
[    6.050477] logd.auditd: start
[    6.057201] SELinux: 		/product/etc/selinux/product_service_contexts
[    6.060357] logd.klogd: 5714522756
[    6.066656] SELinux: 		/vendor/etc/selinux/vendor_service_contexts
[    6.071597] EXT4-fs (mmcblk0p3): Using encoding defined by superblock: utf8-12.1.0 with flags 0x0
[    6.076273] SELinux: 		/odm/etc/selinux/odm_service_contexts
[    6.125283] logd: Loaded bug_map file: /system_ext/etc/selinux/bug_map
[    6.131901] logd: Loaded bug_map file: /vendor/etc/selinux/selinux_denial_metadata
[    6.150924] logd: Loaded bug_map file: /system/etc/selinux/bug_map
[    6.329816] servicemanager: getDeviceHalManifest: Reading VINTF information.
[    6.342404] servicemanager: Loaded APEX Infos from /bootstrap-apex/apex-info-list.xml
[    6.358694] EXT4-fs (mmcblk0p3): recovery complete
[    6.373031] EXT4-fs (mmcblk0p3): mounted filesystem b42119fa-31f4-4ba9-acad-7cf1b2749854 r/w with ordered data mode. Quota mode: journalled.
[    6.385911] EXT4-fs (mmcblk0p3): unmounting filesystem b42119fa-31f4-4ba9-acad-7cf1b2749854.
[    6.457142] servicemanager: Loaded APEX Infos from /bootstrap-apex/apex-info-list.xml
[    6.487646] e2fsck: e2fsck 1.47.2 (1-Jan-2025)
[    6.492768] hw-ProcessState: HwBinder is not supported on this device but this process is calling setThreadPoolConfiguration
[    6.531977] e2fsck: Pass 1: Checking inodes, blocks, and sizes
[    6.593348] libbinder.BackendUnifiedServiceManager: Thread Pool max thread count is 0. Cannot cache binder as linkToDeath cannot be implemented. serviceName: vold
[    6.631072] e2fsck: Pass 2: Checking directory structure
[    6.649754] e2fsck: Pass 3: Checking directory connectivity
[    6.659746] e2fsck: Pass 4: