
  0.88 RPi: BOOTSYS release VERSION:2bb2ae64 DATE: 2025/03/10 TIME: 17:10:37
  0.92 BOOTMODE: 0x06 partition 0 build-ts BUILD_TIMESTAMP=1741626637 serial 06956aab boardrev e04171 stc 892649
  0.02 AON_RESET: 00000003 PM_RSTS 00001000
  0.06 POWER_OFF_ON_HALT: 0 WAIT_FOR_POWER_BUTTON 0 power-on-reset 1
  0.16 RP1_BOOT chip ID: 0x20001927
  0.21 PCIEx1: PWR 0 DET_WAKE 0
  0.21 part 00000000 reset_info 00000000
  0.24 PMIC reset-event 00000000 rtc 00000000 alarm 00000000 enabled 0
  0.31 uSD voltage 3.3V
  0.37 SDRAM_CONFIG: 1b
  0.37 Initialising SDRAM rank 2 total-size: 128 Gbit 4267 (0x1b 0x1b)
  0.43 DDR 4267 1 1 128 152 BL:1
  2.72 OTP boardrev e04171 bootrom a a
  2.74 Customer key hash 0000000000000000000000000000000000000000000000000000000000000000
  2.81 VC-JTAG unlocked
  2.03 RP1_BOOT chip ID: 0x20001927

  3.39 RP1_BOOT chip ID: 0x20001927
  3.39 RP1_BOOT: fw size 46888
  3.77 PCI2 init
  3.77 PCI2 reset
  4.22 PCIe scan 00001de4:00000001
  4.22 RP1_CHIP_INFO 20001927

  4.25 RPi: BOOTLOADER release VERSION:2bb2ae64 DATE: 2025/03/10 TIME: 17:10:37
  4.32 BOOTMODE: 0x06 partition 0 build-ts BUILD_TIMESTAMP=1741626637 serial 06956aab boardrev e04171 stc 4032467
  4.42 PCIEx1: PWR 0 DET_WAKE 0
  4.45 M.2 PCIe HAT not detected.
  4.69 usb_pd_init status 3
  4.69 USB_PD CONFIG 0 41
  4.41 XHCI-STOP
  4.41 xHC0 ver: 272 HCS: 03000440 140000f1 07ff000a HCC: 0240fe6d
  4.45 USBSTS 1
  4.48 xHC0 ver: 272 HCS: 03000440 140000f1 07ff000a HCC: 0240fe6d
  4.53 xHC0 ports 3 slots 64 intrs 4
  4.65 XHCI-STOP
  4.65 xHC1 ver: 272 HCS: 03000440 140000f1 07ff000a HCC: 0240fe6d
  4.69 USBSTS 1
  4.72 xHC1 ver: 272 HCS: 03000440 140000f1 07ff000a HCC: 0240fe6d
  4.77 xHC1 ports 3 slots 64 intrs 4
  4.84 Boot mode: SD (01) order f4
  4.36 USB-PD: src-cap PDO object1 0x0a0191f4
  4.37 Current 5000 mA
  4.39 Voltage 5000 mV
  4.41 USB-PD: src-cap PDO object2 0x0002d12c
  4.45 Current 3000 mA
  4.47 Voltage 9000 mV
  4.49 USB-PD: src-cap PDO object3 0x0003c0e1
  4.53 Current 2250 mA
  4.55 Voltage 12000 mV
  4.58 USB-PD: src-cap PDO object4 0x0004b0b4
  4.62 Current 1800 mA
  4.64 Voltage 15000 mV
  8.80 SD HOST: 200000000 CTL0: 0x00800000 BUS: 400000 Hz actual: 390625 HZ div: 512 (256) status: 0x1fff0000 delay: 276
  8.91 SD HOST: 200000000 CTL0: 0x00800f00 BUS: 400000 Hz actual: 390625 HZ div: 512 (256) status: 0x1fff0000 delay: 276
  9.26 OCR c0ff8000 [197]
CID: 000353444a554c494580fa91d30f0128
CSD: 400e00325b590000edc87f800a404000
  9.33 SD: bus-width: 4 spec: 2 SCR: 0x02358043 0x00000000
  9.42 SD HOST: 200000000 CTL0: 0x00800f04 BUS: 50000000 Hz actual: 50000000 HZ div: 4 (2) status: 0x1fff0000 delay: 2
  9.54 MBR: 0x00000800,  262144 type: 0x0c
  9.55 MBR: 0x00040800, 7118848 type: 0x05
  9.59 MBR: 0x0070a800,22616064 type: 0x83
  9.63 MBR: 0x00000000,       0 type: 0x00
  9.67 Trying partition: 0
  9.17 type: 32 lba: 2048 'mkfs.fat' ' boot       ' clusters 258078 (1)
  9.21 rsc 32 fat-sectors 2017 root dir cluster 2 sectors 0 entries 0
  9.29 FAT32 clusters 258078
  9.32 [sdcard] autoboot.txt not found
  9.33 Select partition rsts 0 C(boot_partition) 0 EEPROM config 0 result 1
  9.40 Trying partition: 1
  9.45 type: 32 lba: 2048 'mkfs.fat' ' boot       ' clusters 258078 (1)
  9.49 rsc 32 fat-sectors 2017 root dir cluster 2 sectors 0 entries 0
  9.57 FAT32 clusters 258078
  9.62 Read config.txt bytes      642 hnd 0x15cf0
  9.65 [sdcard] pieeprom.upd not found
  9.67 usb_max_current_enable default 0 max-current 5000
  9.78 Read bcm2712-rpi-5-b.dtb bytes    78768 hnd 0x13da0
  9.81 dt-match: compatible: raspberrypi,5-model-b match: brcm,bcm2712
  9.87 dt-match: compatible: brcm,bcm2712 match: brcm,bcm2712
  9.00 Read /config.txt bytes      642 hnd 0x15cf0
  9.06 Read /config.txt bytes      642 hnd 0x15cf0
  9.11 MESS:00:00:09.211570:0: Initial voltage 800000 temp 30685
  9.12 MESS:00:00:09.412008:0: avs_2712: AVS pred 8621 862100 temp 31784
  9.15 MESS:00:00:09.415617:0: vpred 862 mV +0
 10.43 MESS:00:00:10.043878:0: FB framebuffer_swap 1
 10.45 MESS:00:00:10.045748:0: Select resolution HDMI0/2 hotplug 0 max_mode 2
 10.52 MESS:00:00:10.052638:0: Select resolution HDMI1/2 hotplug 0 max_mode 2
 10.72 MESS:00:00:10.072144:0: dtb_file 'bcm2712-rpi-5-b.dtb'
 10.74 Loading 'bcm2712-rpi-5-b.dtb' to 0x00000000 offset 0x100
 10.88 Read bcm2712-rpi-5-b.dtb bytes    78768 hnd 0x13da0
 10.25 Read /overlays/overlay_map.dtb bytes     5971 hnd 0x14374
 10.52 Read /overlays/bcm2712d0.dtbo bytes     1363 hnd 0x14681
 10.75 MESS:00:00:10.175567:0: Loaded overlay 'bcm2712d0'
 10.39 PCIEx1: PWR 0 DET_WAKE 0
 10.56 Read /config.txt bytes      642 hnd 0x15cf0
 10.65 Read /overlays/vc4-kms-v3d-pi5.dtbo bytes     3306 hnd 0x143cb
 10.12 MESS:00:00:10.312685:0: Loaded overlay 'vc4-kms-v3d-pi5'
 10.25 Read /overlays/cma.dtbo bytes      964 hnd 0x1422f
 10.33 MESS:00:00:10.433937:0: Loaded overlay 'cma'
 10.35 MESS:00:00:10.435713:0: dtparam: cma-320=true
 10.52 Read /overlays/dwc2.dtbo bytes      801 hnd 0x142f4
 10.64 MESS:00:00:10.464681:0: Loaded overlay 'dwc2'
 10.66 MESS:00:00:10.466548:0: dtparam: dr_mode=peripheral
 10.55 Read /cmdline.txt bytes      124 hnd 0x141de
 10.91 BMD "armstub8-2712.bin" not found
 10.92 fs_open: 'armstub8-2712.bin' 
 10.96 Loading 'u-boot.bin' to 0x00000000 offset 0x200000
 10.37 Read u-boot.bin bytes   708720 hnd 0x15784
 10.40 PCI1 reset
 10.51 PCI2 reset
 10.61 set_reboot_order 0
 10.61 set_reboot_arg1 0
 10.63 USB-OTG disconnect
 10.04 MESS:00:00:10.904862:0: BSC_A no ACK
 10.06 MESS:00:00:10.906095:0: BSC_A no ACK
 10.10 MESS:00:00:10.910020:0: BSC_A no ACK
 10.33 MESS:00:00:10.933954:0: BSC_B no ACK
 10.35 MESS:00:00:10.935180:0: BSC_B no ACK
 10.39 MESS:00:00:10.939116:0: BSC_B no ACK
 10.62 MESS:00:00:10.962882:0: Starting OS 10962 ms
 10.68 MESS:00:00:10.968496:0: 00000040: -> 00000480
 10.70 MESS:00:00:10.970350:0: 00000030: -> 00100080
 10.75 MESS:00:00:10.975062:0: 00000034: -> 00100080
 10.79 MESS:00:00:10.979775:0: 00000038: -> 00100080
 10.84 MESS:00:00:10.984488:0: 0000003c: -> 00100080

NOTICE:  BL31: v2.6(release):v2.6-240-gfc45bc492
NOTICE:  BL31: Built : 12:55:13, Dec  4 2024


U-Boot 2026.04-rc4-00007-g0ee55fafa287 (May 02 2026 - 17:17:14 +0000)

DRAM:  16 GiB
RPI 5 Model B (0xe04171)
Core:  25 devices, 11 uclasses, devicetree: board
MMC:   mmc@fff000: 0, mmc@1100000: 1
Loading Environment from FAT... Unable to read "uboot.env" from mmc0:1... 
In:    serial,usbkbd
Out:   serial,vidconsole
Err:   serial,vidconsole
mbox: Header response code invalid
bcm2835: Could not query MAC address
Net:   No ethernet found.

starting USB...
USB DWC2
Bus usb@480000: 1 USB Device(s) found
       scanning usb for storage devices... 0 Storage Device(s) found
Hit any key to stop autoboot: 2Hit any key to stop autoboot: 1Hit any key to stop autoboot: 0
Cannot persist EFI variables without system partition
** Booting bootflow '<NULL>' with efi_mgr
Loading Boot0000 'mmc 0' failed
EFI boot manager: Cannot load any image
Boot failed (err=-14)
** Booting bootflow 'mmc@fff000.bootdev.part_1' with script
=== Android U-Boot Boot Script ===
Loading kernel Image...
41630208 bytes read in 1776 ms (22.4 MiB/s)
Loading ramdisk...
1544522 bytes read in 68 ms (21.7 MiB/s)
Booting Android...
Moving Image from 0x80000 to 0x200000, end=0x2a70000
## Flattened Device Tree blob at 3f7303b0
   Booting using the fdt blob at 0x3f7303b0
Working FDT set to 3f7303b0
   Loading Ramdisk to 1fe86000, end 1ffff14a ... OK
   Loading Device Tree to 000000001fe6f000, end 000000001fe859d5 ... OK
Working FDT set to 1fe6f000

Starting kernel ...

[    0.000000][    T0] Booting Linux on physical CPU 0x0000000000 [0x414fd0b1]
[    0.000000][    T0] Linux version 6.12.77-v8-g55b572d3ed0e (ghalthot@eae525dc05ec) (aarch64-linux-gnu-gcc (Ubuntu 13.3.0-6ubuntu2~24.04.1) 13.3.0, GNU ld (GNU Binutils for Ubuntu) 2.42) #5 SMP PREEMPT Sat May  2 17:17:01 UTC 2026
[    0.000000][    T0] KASLR enabled
[    0.000000][    T0] random: crng init done
[    0.000000][    T0] Machine model: Raspberry Pi 5 Model B Rev 1.1
[    0.000000][    T0] printk: debug: ignoring loglevel setting.
[    0.000000][    T0] efi: UEFI not found.
[    0.000000][    T0] Reserved memory: created CMA memory pool at 0x000000002bc00000, size 320 MiB
[    0.000000][    T0] OF: reserved mem: initialized node linux,cma, compatible id shared-dma-pool
[    0.000000][    T0] OF: reserved mem: 0x000000002bc00000..0x000000003fbfffff (327680 KiB) map reusable linux,cma
[    0.000000][    T0] OF: reserved mem: 0x0000000000000000..0x000000000007ffff (512 KiB) nomap non-reusable atf@0
[    0.000000][    T0] OF: reserved mem: 0x000000003fd16380..0x000000003fd163bd (0 KiB) nomap non-reusable nvram@0
[    0.000000][    T0] NUMA: Faking a node at [mem 0x0000000000000000-0x00000003ffffffff]
[    0.000000][    T0] NODE_DATA(0) allocated [mem 0x3fdf1e600-0x3fdf20a3f]
[    0.000000][    T0] Zone ranges:
[    0.000000][    T0]   DMA32    [mem 0x0000000000000000-0x00000000ffffffff]
[    0.000000][    T0]   Normal   [mem 0x0000000100000000-0x00000003ffffffff]
[    0.000000][    T0] Movable zone start for each node
[    0.000000][    T0] Early memory node ranges
[    0.000000][    T0]   node   0: [mem 0x0000000000000000-0x000000000007ffff]
[    0.000000][    T0]   node   0: [mem 0x0000000000080000-0x000000003fbfffff]
[    0.000000][    T0]   node   0: [mem 0x0000000040000000-0x00000003ffffffff]
[    0.000000][    T0] Initmem setup node 0 [mem 0x0000000000000000-0x00000003ffffffff]
[    0.000000][    T0] On node 0, zone DMA32: 1024 pages in unavailable ranges
[    0.000000][    T0] psci: probing for conduit method from DT.
[    0.000000][    T0] psci: PSCIv1.1 detected in firmware.
[    0.000000][    T0] psci: Using standard PSCI v0.2 function IDs
[    0.000000][    T0] psci: MIGRATE_INFO_TYPE not supported.
[    0.000000][    T0] psci: SMC Calling Convention v1.2
[    0.000000][    T0] percpu: Embedded 84 pages/cpu s181016 r131072 d31976 u344064
[    0.000000][    T0] pcpu-alloc: s181016 r131072 d31976 u344064 alloc=84*4096
[    0.000000][    T0] pcpu-alloc: [0] 0 [0] 1 [0] 2 [0] 3 
[    0.000000][    T0] Detected PIPT I-cache on CPU0
[    0.000000][    T0] CPU features: detected: Virtualization Host Extensions
[    0.000000][    T0] CPU features: detected: Spectre-v4
[    0.000000][    T0] CPU features: detected: Spectre-BHB
[    0.000000][    T0] CPU features: kernel page table isolation forced ON by KASLR
[    0.000000][    T0] CPU features: detected: Kernel page table isolation (KPTI)
[    0.000000][    T0] CPU features: detected: SSBS not fully self-synchronizing
[    0.000000][    T0] alternatives: applying boot alternatives
[    0.000000][    T0] Kernel command line: stack_depot_disable=on cgroup_disable=pressure  root=/dev/ram0 rootwait androidboot.hardware=rpi5 androidboot.selinux=permissive ignore_loglevel loglevel=7 initcall_debug androidboot.verifiedbootstate=orange androidboot.vbmeta.device_state=unlocked  androidboot.serialno=6113ca6606956aab androidboot.btmacaddr=11:22:06:95:6a:ab
[    0.000000][    T0] cgroup: Disabling pressure control group feature
[    0.000000][    T0] printk: log buffer data + meta data: 131072 + 458752 = 589824 bytes
[    0.000000][    T0] Dentry cache hash table entries: 2097152 (order: 12, 16777216 bytes, linear)
[    0.000000][    T0] Inode-cache hash table entries: 1048576 (order: 11, 8388608 bytes, linear)
[    0.000000][    T0] Fallback order for Node 0: 0 
[    0.000000][    T0] Built 1 zonelists, mobility grouping on.  Total pages: 4193280
[    0.000000][    T0] Policy zone: Normal
[    0.000000][    T0] mem auto-init: stack:all(zero), heap alloc:on, heap free:off
[    0.000000][    T0] stackdepot: disabled
[    0.000000][    T0] software IO TLB: area num 4.
[    0.000000][    T0] software IO TLB: mapped [mem 0x00000000fbfff000-0x00000000fffff000] (64MB)
[    0.000000][    T0] SLUB: HWalign=64, Order=0-3, MinObjects=0, CPUs=4, Nodes=1
[    0.000000][    T0] rcu: Preemptible hierarchical RCU implementation.
[    0.000000][    T0] rcu: 	RCU event tracing is enabled.
[    0.000000][    T0] rcu: 	RCU priority boosting: priority 1 delay 500 ms.
[    0.000000][    T0] 	Trampoline variant of Tasks RCU enabled.
[    0.000000][    T0] 	Tracing variant of Tasks RCU enabled.
[    0.000000][    T0] rcu: RCU calculated value of scheduler-enlistment delay is 25 jiffies.
[    0.000000][    T0] RCU Tasks: Setting shift to 2 and lim to 1 rcu_task_cb_adjust=1 rcu_task_cpu_ids=4.
[    0.000000][    T0] RCU Tasks Trace: Setting shift to 2 and lim to 1 rcu_task_cb_adjust=1 rcu_task_cpu_ids=4.
[    0.000000][    T0] NR_IRQS: 64, nr_irqs: 64, preallocated irqs: 0
[    0.000000][    T0] Root IRQ handler: gic_handle_irq
[    0.000000][    T0] GIC: Using split EOI/Deactivate mode
[    0.000000][    T0] rcu: 	Offload RCU callbacks from CPUs: 0-3.
[    0.000000][    T0] rcu: srcu_init: Setting srcu_struct sizes based on contention.
[    0.000000][    T0] arch_timer: cp15 timer(s) running at 54.00MHz (phys).
[    0.000000][    T0] clocksource: arch_sys_counter: mask: 0xffffffffffffff max_cycles: 0xc743ce346, max_idle_ns: 440795203123 ns
[    0.000000][    T0] sched_clock: 56 bits at 54MHz, resolution 18ns, wraps every 4398046511102ns
[    0.000075][    T0] kfence: initialized - using 524288 bytes for 63 objects at 0x(____ptrval____)-0x(____ptrval____)
[    0.000113][    T0] calling  hvc_console_init+0x0/0x34 @ 0
[    0.000121][    T0] initcall hvc_console_init+0x0/0x34 returned 0 after 0 usecs
[    0.000123][    T0] calling  univ8250_console_init+0x0/0x48 @ 0
[    0.000126][    T0] initcall univ8250_console_init+0x0/0x48 returned -19 after 0 usecs
[    0.000157][    T0] Calibrating delay loop (skipped), value calculated using timer frequency.. 108.00 BogoMIPS (lpj=216000)
[    0.000160][    T0] pid_max: default: 32768 minimum: 301
[    0.000195][    T0] LSM: initializing lsm=capability,landlock,safesetid,selinux,bpf
[    0.000254][    T0] landlock: Up and running.
[    0.000259][    T0] SELinux:  Initializing.
[    0.000628][    T0] LSM support for eBPF active
[    0.000696][    T0] Mount-cache hash table entries: 32768 (order: 6, 262144 bytes, linear)
[    0.000738][    T0] Mountpoint-cache hash table entries: 32768 (order: 6, 262144 bytes, linear)
[    0.001442][    T1] calling  trace_init_flags_sys_enter+0x0/0x1c @ 1
[    0.001451][    T1] initcall trace_init_flags_sys_enter+0x0/0x1c returned 0 after 0 usecs
[    0.001454][    T1] calling  trace_init_flags_sys_exit+0x0/0x20 @ 1
[    0.001456][    T1] initcall trace_init_flags_sys_exit+0x0/0x20 returned 0 after 0 usecs
[    0.001459][    T1] calling  cpu_suspend_init+0x0/0xb0 @ 1
[    0.001463][    T1] initcall cpu_suspend_init+0x0/0xb0 returned 0 after 0 usecs
[    0.001466][    T1] calling  prevent_bootmem_remove_init+0x0/0x70 @ 1
[    0.001470][    T1] initcall prevent_bootmem_remove_init+0x0/0x70 returned 0 after 0 usecs
[    0.001471][    T1] calling  asids_init+0x0/0xc4 @ 1
[    0.001482][    T1] initcall asids_init+0x0/0xc4 returned 0 after 0 usecs
[    0.001483][    T1] calling  spawn_ksoftirqd+0x0/0x58 @ 1
[    0.001514][    T1] initcall spawn_ksoftirqd+0x0/0x58 returned 0 after 0 usecs
[    0.001516][    T1] calling  init_signal_sysctls+0x0/0x48 @ 1
[    0.001524][    T1] initcall init_signal_sysctls+0x0/0x48 returned 0 after 0 usecs
[    0.001527][    T1] calling  init_umh_sysctls+0x0/0x48 @ 1
[    0.001531][    T1] initcall init_umh_sysctls+0x0/0x48 returned 0 after 0 usecs
[    0.001533][    T1] calling  migration_init+0x0/0x84 @ 1
[    0.001536][    T1] initcall migration_init+0x0/0x84 returned 0 after 0 usecs
[    0.001538][    T1] calling  printk_set_kthreads_ready+0x0/0x60 @ 1
[    0.001542][    T1] initcall printk_set_kthreads_ready+0x0/0x60 returned 0 after 0 usecs
[    0.001545][    T1] calling  srcu_bootup_announce+0x0/0x9c @ 1
[    0.001548][    T1] rcu: Hierarchical SRCU implementation.
[    0.001549][    T1] rcu: 	Max phase no-delay instances is 1000.
[    0.001550][    T1] initcall srcu_bootup_announce+0x0/0x9c returned 0 after 0 usecs
[    0.001553][    T1] calling  rcu_spawn_gp_kthread+0x0/0x290 @ 1
[    0.001684][    T1] initcall rcu_spawn_gp_kthread+0x0/0x290 returned 0 after 0 usecs
[    0.001689][    T1] calling  check_cpu_stall_init+0x0/0x3c @ 1
[    0.001692][    T1] initcall check_cpu_stall_init+0x0/0x3c returned 0 after 0 usecs
[    0.001695][    T1] calling  rcu_sysrq_init+0x0/0x48 @ 1
[    0.001698][    T1] initcall rcu_sysrq_init+0x0/0x48 returned 0 after 0 usecs
[    0.001701][    T1] calling  tmigr_init+0x0/0x1dc @ 1
[    0.001703][    T1] Timer migration: 1 hierarchy levels; 8 children per group; 1 crossnode level
[    0.001708][    T1] initcall tmigr_init+0x0/0x1dc returned 0 after 0 usecs
[    0.001709][    T1] calling  cpu_stop_init+0x0/0xdc @ 1
[    0.001735][    T1] initcall cpu_stop_init+0x0/0xdc returned 0 after 0 usecs
[    0.001737][    T1] calling  init_kprobes+0x0/0x168 @ 1
[    0.001899][    T1] initcall init_kprobes+0x0/0x168 returned 0 after 0 usecs
[    0.001902][    T1] calling  init_trace_printk+0x0/0x34 @ 1
[    0.001905][    T1] initcall init_trace_printk+0x0/0x34 returned 0 after 0 usecs
[    0.001907][    T1] calling  event_trace_enable_again+0x0/0x68 @ 1
[    0.001910][    T1] initcall event_trace_enable_again+0x0/0x68 returned 0 after 0 usecs
[    0.001912][    T1] calling  irq_work_init_threads+0x0/0x8 @ 1
[    0.001915][    T1] initcall irq_work_init_threads+0x0/0x8 returned 0 after 0 usecs
[    0.001917][    T1] calling  jump_label_init_module+0x0/0x2c @ 1
[    0.001920][    T1] initcall jump_label_init_module+0x0/0x2c returned 0 after 0 usecs
[    0.001922][    T1] calling  init_zero_pfn+0x0/0x28 @ 1
[    0.001925][    T1] initcall init_zero_pfn+0x0/0x28 returned 0 after 0 usecs
[    0.001928][    T1] calling  init_fs_inode_sysctls+0x0/0x44 @ 1
[    0.001933][    T1] initcall init_fs_inode_sysctls+0x0/0x44 returned 0 after 0 usecs
[    0.001935][    T1] calling  init_fs_locks_sysctls+0x0/0x44 @ 1
[    0.001938][    T1] initcall init_fs_locks_sysctls+0x0/0x44 returned 0 after 0 usecs
[    0.001941][    T1] calling  init_fs_sysctls+0x0/0x44 @ 1
[    0.001944][    T1] initcall init_fs_sysctls+0x0/0x44 returned 0 after 0 usecs
[    0.001947][    T1] calling  init_security_keys_sysctls+0x0/0x44 @ 1
[    0.001954][    T1] initcall init_security_keys_sysctls+0x0/0x44 returned 0 after 0 usecs
[    0.001956][    T1] calling  dynamic_debug_init+0x0/0x2f8 @ 1
[    0.001960][    T1] dyndbg: Ignore empty _ddebug table in a CONFIG_DYNAMIC_DEBUG_CORE build
[    0.001961][    T1] initcall dynamic_debug_init+0x0/0x2f8 returned 0 after 0 usecs
[    0.001964][    T1] calling  brcmstb_soc_device_early_init+0x0/0x13c @ 1
[    0.002139][    T1] initcall brcmstb_soc_device_early_init+0x0/0x13c returned 0 after 0 usecs
[    0.002142][    T1] calling  brcmstb_biuctrl_init+0x0/0x840 @ 1
[    0.002168][    T1] initcall brcmstb_biuctrl_init+0x0/0x840 returned 0 after 0 usecs
[    0.002170][    T1] calling  proc_uid_sys_stats_init+0x0/0x1b4 @ 1
[    0.002180][    T1] initcall proc_uid_sys_stats_init+0x0/0x1b4 returned 0 after 0 usecs
[    0.002182][    T1] calling  efi_memreserve_root_init+0x0/0x60 @ 1
[    0.002186][    T1] initcall efi_memreserve_root_init+0x0/0x60 returned 0 after 0 usecs
[    0.002188][    T1] calling  arm_enable_runtime_services+0x0/0x1f8 @ 1
[    0.002191][    T1] EFI services will not be available.
[    0.002192][    T1] initcall arm_enable_runtime_services+0x0/0x1f8 returned 0 after 0 usecs
[    0.002195][    T1] calling  efi_earlycon_remap_fb+0x0/0x84 @ 1
[    0.002197][    T1] initcall efi_earlycon_remap_fb+0x0/0x84 returned 0 after 0 usecs
[    0.002200][    T1] calling  dummy_timer_register+0x0/0x44 @ 1
[    0.002206][    T1] initcall dummy_timer_register+0x0/0x44 returned 0 after 0 usecs
[    0.002208][    T1] calling  idle_inject_init+0x0/0x2c @ 1
[    0.002252][    T1] initcall idle_inject_init+0x0/0x2c returned 0 after 0 usecs
[    0.002325][    T1] smp: Bringing up secondary CPUs ...
[    0.002534][    T0] Detected PIPT I-cache on CPU1
[    0.002567][    T0] CPU1: Booted secondary processor 0x0000000100 [0x414fd0b1]
[    0.002831][    T0] Detected PIPT I-cache on CPU2
[    0.002856][    T0] CPU2: Booted secondary processor 0x0000000200 [0x414fd0b1]
[    0.003113][    T0] Detected PIPT I-cache on CPU3
[    0.003132][    T0] CPU3: Booted secondary processor 0x0000000300 [0x414fd0b1]
[    0.003170][    T1] smp: Brought up 1 node, 4 CPUs
[    0.003172][    T1] SMP: Total of 4 processors activated.
[    0.003173][    T1] CPU: All CPU(s) started at EL2
[    0.003176][    T1] CPU features: detected: 32-bit EL0 Support
[    0.003177][    T1] CPU features: detected: Data cache clean to the PoU not required for I/D coherence
[    0.003178][    T1] CPU features: detected: Common not Private translations
[    0.003179][    T1] CPU features: detected: CRC32 instructions
[    0.003182][    T1] CPU features: detected: RCpc load-acquire (LDAPR)
[    0.003183][    T1] CPU features: detected: LSE atomic instructions
[    0.003184][    T1] CPU features: detected: Privileged Access Never
[    0.003185][    T1] CPU features: detected: RAS Extension Support
[    0.003186][    T1] CPU features: detected: Speculative Store Bypassing Safe (SSBS)
[    0.003209][    T1] alternatives: applying system-wide alternatives
[    0.005058][    T1] CPU features: detected: Hardware dirty bit management on CPU0-3
[    0.005122][    T1] Memory: 16006728K/16773120K available (22144K kernel code, 2894K rwdata, 9388K rodata, 6080K init, 676K bss, 431780K reserved, 327680K cma-reserved)
[    0.009254][    T1] calling  bpf_jit_charge_init+0x0/0x54 @ 1
[    0.009264][    T1] initcall bpf_jit_charge_init+0x0/0x54 returned 0 after 0 usecs
[    0.009267][    T1] calling  init_mmap_min_addr+0x0/0x24 @ 1
[    0.009270][    T1] initcall init_mmap_min_addr+0x0/0x24 returned 0 after 0 usecs
[    0.009273][    T1] calling  pci_realloc_setup_params+0x0/0x70 @ 1
[    0.009276][    T1] initcall pci_realloc_setup_params+0x0/0x70 returned 0 after 0 usecs
[    0.009278][    T1] calling  inet_frag_wq_init+0x0/0x5c @ 1
[    0.009363][    T1] initcall inet_frag_wq_init+0x0/0x5c returned 0 after 0 usecs
[    0.009424][    T1] calling  fpsimd_init+0x0/0xf0 @ 1
[    0.009430][    T1] initcall fpsimd_init+0x0/0xf0 returned 0 after 0 usecs
[    0.009433][    T1] calling  tagged_addr_init+0x0/0x44 @ 1
[    0.009439][    T1] initcall tagged_addr_init+0x0/0x44 returned 0 after 0 usecs
[    0.009441][    T1] calling  init_amu_fie+0x0/0x30 @ 1
[    0.009444][    T1] initcall init_amu_fie+0x0/0x30 returned 0 after 0 usecs
[    0.009446][    T1] calling  arm64_efi_rt_init+0x0/0xf4 @ 1
[    0.009450][    T1] initcall arm64_efi_rt_init+0x0/0xf4 returned 0 after 0 usecs
[    0.009453][    T1] calling  armv8_deprecated_init+0x0/0x1e0 @ 1
[    0.009460][    T1] Enabled cp15_barrier support
[    0.009463][    T1] Enabled setend support
[    0.009465][    T1] initcall armv8_deprecated_init+0x0/0x1e0 returned 0 after 0 usecs
[    0.009468][    T1] calling  map_entry_trampoline+0x0/0x15c @ 1
[    0.009476][    T1] initcall map_entry_trampoline+0x0/0x15c returned 0 after 0 usecs
[    0.009478][    T1] calling  alloc_frozen_cpus+0x0/0x8 @ 1
[    0.009480][    T1] initcall alloc_frozen_cpus+0x0/0x8 returned 0 after 0 usecs
[    0.009482][    T1] calling  cpu_hotplug_pm_sync_init+0x0/0x34 @ 1
[    0.009485][    T1] initcall cpu_hotplug_pm_sync_init+0x0/0x34 returned 0 after 0 usecs
[    0.009487][    T1] calling  wq_sysfs_init+0x0/0x3c @ 1
[    0.009510][    T1] initcall wq_sysfs_init+0x0/0x3c returned 0 after 0 usecs
[    0.009513][    T1] calling  ksysfs_init+0x0/0xdc @ 1
[    0.009520][    T1] initcall ksysfs_init+0x0/0xdc returned 0 after 0 usecs
[    0.009522][    T1] calling  schedutil_gov_init+0x0/0x2c @ 1
[    0.009525][    T1] initcall schedutil_gov_init+0x0/0x2c returned 0 after 0 usecs
[    0.009527][    T1] calling  pm_init+0x0/0xc0 @ 1
[    0.009549][    T1] initcall pm_init+0x0/0xc0 returned 0 after 0 usecs
[    0.009551][    T1] calling  pm_disk_init+0x0/0x34 @ 1
[    0.009556][    T1] initcall pm_disk_init+0x0/0x34 returned 0 after 0 usecs
[    0.009559][    T1] calling  swsusp_header_init+0x0/0x84 @ 1
[    0.009562][    T1] initcall swsusp_header_init+0x0/0x84 returned 0 after 0 usecs
[    0.009565][    T1] calling  rcu_set_runtime_mode+0x0/0x34 @ 1
[    0.009569][    T1] initcall rcu_set_runtime_mode+0x0/0x34 returned 0 after 0 usecs
[    0.009571][    T1] calling  init_jiffies_clocksource+0x0/0x34 @ 1
[    0.009574][    T1] clocksource: jiffies: mask: 0xffffffff max_cycles: 0xffffffff, max_idle_ns: 7645041785100000 ns
[    0.009576][    T1] initcall init_jiffies_clocksource+0x0/0x34 returned 0 after 0 usecs
[    0.009578][    T1] calling  futex_init+0x0/0x108 @ 1
[    0.009593][    T1] futex hash table entries: 1024 (order: 4, 65536 bytes, linear)
[    0.009616][    T1] initcall futex_init+0x0/0x108 returned 0 after 0 usecs
[    0.009619][    T1] calling  cgroup_wq_init+0x0/0x94 @ 1
[    0.009626][    T1] initcall cgroup_wq_init+0x0/0x94 returned 0 after 0 usecs
[    0.009627][    T1] calling  cgroup1_wq_init+0x0/0x48 @ 1
[    0.009630][    T1] initcall cgroup1_wq_init+0x0/0x48 returned 0 after 0 usecs
[    0.009632][    T1] calling  trace_events_eprobe_init_early+0x0/0x68 @ 1
[    0.009635][    T1] initcall trace_events_eprobe_init_early+0x0/0x68 returned 0 after 0 usecs
[    0.009638][    T1] calling  trace_events_synth_init_early+0x0/0x64 @ 1
[    0.009640][    T1] initcall trace_events_synth_init_early+0x0/0x64 returned 0 after 0 usecs
[    0.009642][    T1] calling  init_kprobe_trace_early+0x0/0x50 @ 1
[    0.009645][    T1] initcall init_kprobe_trace_early+0x0/0x50 returned 0 after 0 usecs
[    0.009648][    T1] calling  cpu_pm_init+0x0/0x30 @ 1
[    0.009651][    T1] initcall cpu_pm_init+0x0/0x30 returned 0 after 0 usecs
[    0.009653][    T1] calling  bpf_offload_init+0x0/0x7c @ 1
[    0.009656][    T1] initcall bpf_offload_init+0x0/0x7c returned 0 after 0 usecs
[    0.009659][    T1] calling  cgroup_bpf_wq_init+0x0/0x50 @ 1
[    0.009662][    T1] initcall cgroup_bpf_wq_init+0x0/0x50 returned 0 after 0 usecs
[    0.009665][    T1] calling  init_mmap_rnd_bits+0x0/0x34 @ 1
[    0.009668][    T1] initcall init_mmap_rnd_bits+0x0/0x34 returned 0 after 0 usecs
[    0.009671][    T1] calling  init_sysctl_perf_event_mlock+0x0/0x20 @ 1
[    0.009674][    T1] initcall init_sysctl_perf_event_mlock+0x0/0x20 returned 0 after 0 usecs
[    0.009677][    T1] calling  cma_init_reserved_areas+0x0/0x4f0 @ 1
[    0.012782][    T1] initcall cma_init_reserved_areas+0x0/0x4f0 returned 0 after 0 usecs
[    0.012787][    T1] calling  gcma_init+0x0/0xa8 @ 1
[    0.012803][    T1] initcall gcma_init+0x0/0xa8 returned 0 after 0 usecs
[    0.012805][    T1] calling  execmem_late_init+0x0/0x148 @ 1
[    0.012808][    T1] 22416 pages in range for non-PLT usage
[    0.012809][    T1] 513936 pages in range for PLT usage
[    0.012810][    T1] initcall execmem_late_init+0x0/0x148 returned 0 after 0 usecs
[    0.012813][    T1] calling  fsnotify_init+0x0/0xac @ 1
[    0.012831][    T1] initcall fsnotify_init+0x0/0xac returned 0 after 0 usecs
[    0.012833][    T1] calling  filelock_init+0x0/0x170 @ 1
[    0.012848][    T1] initcall filelock_init+0x0/0x170 returned 0 after 0 usecs
[    0.012851][    T1] calling  init_misc_binfmt+0x0/0x68 @ 1
[    0.012856][    T1] initcall init_misc_binfmt+0x0/0x68 returned 0 after 0 usecs
[    0.012860][    T1] calling  init_script_binfmt+0x0/0x34 @ 1
[    0.012862][    T1] initcall init_script_binfmt+0x0/0x34 returned 0 after 0 usecs
[    0.012865][    T1] calling  init_elf_binfmt+0x0/0x3c @ 1
[    0.012867][    T1] initcall init_elf_binfmt+0x0/0x3c returned 0 after 0 usecs
[    0.012870][    T1] calling  init_compat_elf_binfmt+0x0/0x3c @ 1
[    0.012873][    T1] initcall init_compat_elf_binfmt+0x0/0x3c returned 0 after 0 usecs
[    0.012875][    T1] calling  configfs_init+0x0/0x108 @ 1
[    0.012889][    T1] initcall configfs_init+0x0/0x108 returned 0 after 0 usecs
[    0.012893][    T1] calling  debugfs_init+0x0/0xcc @ 1
[    0.012896][    T1] initcall debugfs_init+0x0/0xcc returned 0 after 0 usecs
[    0.012898][    T1] calling  tracefs_init+0x0/0xe0 @ 1
[    0.012902][    T1] initcall tracefs_init+0x0/0xe0 returned 0 after 0 usecs
[    0.012903][    T1] calling  securityfs_init+0x0/0xd4 @ 1
[    0.012955][    T1] initcall securityfs_init+0x0/0xd4 returned 0 after 0 usecs
[    0.012959][    T1] calling  register_xor_blocks+0x0/0x54 @ 1
[    0.012962][    T1] initcall register_xor_blocks+0x0/0x54 returned 0 after 0 usecs
[    0.012966][    T1] calling  pinctrl_init+0x0/0xdc @ 1
[    0.012968][    T1] pinctrl core: initialized pinctrl subsystem
[    0.012987][    T1] initcall pinctrl_init+0x0/0xdc returned 0 after 0 usecs
[    0.012989][    T1] calling  gpiolib_dev_init+0x0/0x1b0 @ 1
[    0.013009][    T1] initcall gpiolib_dev_init+0x0/0x1b0 returned 0 after 0 usecs
[    0.013011][    T1] calling  clk_hifiberry_dacpro_init+0x0/0x30 @ 1
[    0.013018][    T1] initcall clk_hifiberry_dacpro_init+0x0/0x30 returned 0 after 0 usecs
[    0.013020][    T1] calling  genpd_bus_init+0x0/0x30 @ 1
[    0.013025][    T1] initcall genpd_bus_init+0x0/0x30 returned 0 after 0 usecs
[    0.013028][    T1] calling  virtio_init+0x0/0x3c @ 1
[    0.013043][    T1] initcall virtio_init+0x0/0x3c returned 0 after 0 usecs
[    0.013046][    T1] calling  regulator_init+0x0/0xec @ 1
[    0.013162][    T1] probe of reg-dummy returned 0 after 0 usecs
[    0.013166][    T1] initcall regulator_init+0x0/0xec returned 0 after 4000 usecs
[    0.013169][    T1] calling  iommu_init+0x0/0x4c @ 1
[    0.013173][    T1] initcall iommu_init+0x0/0x4c returned 0 after 0 usecs
[    0.013175][    T1] calling  component_debug_init+0x0/0x40 @ 1
[    0.013181][    T1] initcall component_debug_init+0x0/0x40 returned 0 after 0 usecs
[    0.013185][    T1] calling  soc_bus_register+0x0/0x60 @ 1
[    0.013192][    T1] initcall soc_bus_register+0x0/0x60 returned 0 after 0 usecs
[    0.013195][    T1] calling  register_cpufreq_notifier+0x0/0x44 @ 1
[    0.013198][    T1] initcall register_cpufreq_notifier+0x0/0x44 returned 0 after 0 usecs
[    0.013201][    T1] calling  opp_debug_init+0x0/0x40 @ 1
[    0.013206][    T1] initcall opp_debug_init+0x0/0x40 returned 0 after 0 usecs
[    0.013208][    T1] calling  cpufreq_core_init+0x0/0x124 @ 1
[    0.013211][    T1] initcall cpufreq_core_init+0x0/0x124 returned 0 after 0 usecs
[    0.013214][    T1] calling  cpufreq_gov_performance_init+0x0/0x2c @ 1
[    0.013216][    T1] initcall cpufreq_gov_performance_init+0x0/0x2c returned 0 after 0 usecs
[    0.013219][    T1] calling  cpufreq_gov_powersave_init+0x0/0x2c @ 1
[    0.013221][    T1] initcall cpufreq_gov_powersave_init+0x0/0x2c returned 0 after 0 usecs
[    0.013223][    T1] calling  CPU_FREQ_GOV_ONDEMAND_init+0x0/0x30 @ 1
[    0.013225][    T1] initcall CPU_FREQ_GOV_ONDEMAND_init+0x0/0x30 returned 0 after 0 usecs
[    0.013228][    T1] calling  CPU_FREQ_GOV_CONSERVATIVE_init+0x0/0x2c @ 1
[    0.013230][    T1] initcall CPU_FREQ_GOV_CONSERVATIVE_init+0x0/0x2c returned 0 after 0 usecs
[    0.013232][    T1] calling  cpufreq_dt_platdev_init+0x0/0x140 @ 1
[    0.013243][    T1] initcall cpufreq_dt_platdev_init+0x0/0x140 returned -19 after 0 usecs
[    0.013246][    T1] calling  cpuidle_init+0x0/0x38 @ 1
[    0.013253][    T1] initcall cpuidle_init+0x0/0x38 returned 0 after 0 usecs
[    0.013255][    T1] calling  psci_idle_init_domains+0x0/0x30 @ 1
[    0.013261][    T1] initcall psci_idle_init_domains+0x0/0x30 returned 0 after 0 usecs
[    0.013263][    T1] calling  rpi_firmware_init+0x0/0x64 @ 1
[    0.013269][    T1] initcall rpi_firmware_init+0x0/0x64 returned 0 after 0 usecs
[    0.013271][    T1] calling  arm_dmi_init+0x0/0x8 @ 1
[    0.013274][    T1] initcall arm_dmi_init+0x0/0x8 returned 0 after 0 usecs
[    0.013277][    T1] calling  arch_timer_evtstrm_register+0x0/0x70 @ 1
[    0.013324][    T1] initcall arch_timer_evtstrm_register+0x0/0x70 returned 0 after 0 usecs
[    0.013328][    T1] calling  sock_init+0x0/0x110 @ 1
[    0.014799][    T1] initcall sock_init+0x0/0x110 returned 0 after 0 usecs
[    0.014805][    T1] calling  net_inuse_init+0x0/0x40 @ 1
[    0.014811][    T1] initcall net_inuse_init+0x0/0x40 returned 0 after 0 usecs
[    0.014815][    T1] calling  sock_struct_check+0x0/0x8 @ 1
[    0.014818][    T1] initcall sock_struct_check+0x0/0x8 returned 0 after 0 usecs
[    0.014820][    T1] calling  init_default_flow_dissectors+0x0/0x6c @ 1
[    0.014823][    T1] initcall init_default_flow_dissectors+0x0/0x6c returned 0 after 0 usecs
[    0.014826][    T1] calling  netlink_proto_init+0x0/0x2b8 @ 1
[    0.014863][    T1] NET: Registered PF_NETLINK/PF_ROUTE protocol family
[    0.014884][    T1] initcall netlink_proto_init+0x0/0x2b8 returned 0 after 0 usecs
[    0.014887][    T1] calling  genl_init+0x0/0x78 @ 1
[    0.014896][    T1] initcall genl_init+0x0/0x78 returned 0 after 0 usecs
[    0.014983][    T1] calling  debug_monitors_init+0x0/0x44 @ 1
[    0.015011][    T1] initcall debug_monitors_init+0x0/0x44 returned 0 after 0 usecs
[    0.015014][    T1] calling  irq_sysfs_init+0x0/0x114 @ 1
[    0.015074][    T1] initcall irq_sysfs_init+0x0/0x114 returned 0 after 0 usecs
[    0.015077][    T1] calling  dma_atomic_pool_init+0x0/0x1a8 @ 1
[    0.015478][    T1] DMA: preallocated 2048 KiB GFP_KERNEL pool for atomic allocations
[    0.015857][    T1] DMA: preallocated 2048 KiB GFP_KERNEL|GFP_DMA32 pool for atomic allocations
[    0.015872][    T1] initcall dma_atomic_pool_init+0x0/0x1a8 returned 0 after 0 usecs
[    0.015874][    T1] calling  audit_init+0x0/0x198 @ 1
[    0.015891][    T1] audit: initializing netlink subsys (disabled)
[    0.015997][    T1] initcall audit_init+0x0/0x198 returned 0 after 0 usecs
[    0.015999][    T1] calling  release_early_probes+0x0/0x68 @ 1
[    0.016000][   T50] audit: type=2000 audit(0.012:1): state=initialized audit_enabled=0 res=1
[    0.016002][    T1] initcall release_early_probes+0x0/0x68 returned 0 after 0 usecs
[    0.016004][    T1] calling  bdi_class_init+0x0/0x58 @ 1
[    0.016022][    T1] initcall bdi_class_init+0x0/0x58 returned 0 after 0 usecs
[    0.016025][    T1] calling  mm_sysfs_init+0x0/0x48 @ 1
[    0.016028][    T1] initcall mm_sysfs_init+0x0/0x48 returned 0 after 0 usecs
[    0.016031][    T1] calling  init_per_zone_wmark_min+0x0/0x40 @ 1
[    0.016038][    T1] initcall init_per_zone_wmark_min+0x0/0x40 returned 0 after 0 usecs
[    0.016040][    T1] calling  ramoops_init+0x0/0x74 @ 1
[    0.016050][    T1] initcall ramoops_init+0x0/0x74 returned 0 after 0 usecs
[    0.016052][    T1] calling  gpiolib_sysfs_init+0x0/0x48 @ 1
[    0.016057][    T1] initcall gpiolib_sysfs_init+0x0/0x48 returned 0 after 0 usecs
[    0.016059][    T1] calling  pcibus_class_init+0x0/0x30 @ 1
[    0.016062][    T1] initcall pcibus_class_init+0x0/0x30 returned 0 after 0 usecs
[    0.016065][    T1] calling  pci_driver_init+0x0/0x44 @ 1
[    0.016077][    T1] initcall pci_driver_init+0x0/0x44 returned 0 after 0 usecs
[    0.016079][    T1] calling  backlight_class_init+0x0/0xbc @ 1
[    0.016083][    T1] initcall backlight_class_init+0x0/0xbc returned 0 after 0 usecs
[    0.016085][    T1] calling  amba_init+0x0/0x2c @ 1
[    0.016091][    T1] initcall amba_init+0x0/0x2c returned 0 after 0 usecs
[    0.016093][    T1] calling  __rp1_clk_driver_init+0x0/0x30 @ 1
[    0.016098][    T1] initcall __rp1_clk_driver_init+0x0/0x30 returned 0 after 0 usecs
[    0.016100][    T1] calling  __bcm2835_clk_driver_init+0x0/0x30 @ 1
[    0.016105][    T1] initcall __bcm2835_clk_driver_init+0x0/0x30 returned 0 after 0 usecs
[    0.016107][    T1] calling  tty_class_init+0x0/0x30 @ 1
[    0.016111][    T1] initcall tty_class_init+0x0/0x30 returned 0 after 0 usecs
[    0.016114][    T1] calling  serdev_init+0x0/0x40 @ 1
[    0.016123][    T1] initcall serdev_init+0x0/0x40 returned 0 after 0 usecs
[    0.016125][    T1] calling  iommu_dev_init+0x0/0x2c @ 1
[    0.016129][    T1] initcall iommu_dev_init+0x0/0x2c returned 0 after 0 usecs
[    0.016132][    T1] calling  mipi_dsi_bus_init+0x0/0x2c @ 1
[    0.016138][    T1] initcall mipi_dsi_bus_init+0x0/0x2c returned 0 after 0 usecs
[    0.016141][    T1] calling  devlink_class_init+0x0/0x74 @ 1
[    0.016146][    T1] initcall devlink_class_init+0x0/0x74 returned 0 after 0 usecs
[    0.016149][    T1] calling  software_node_init+0x0/0x4c @ 1
[    0.016152][    T1] initcall software_node_init+0x0/0x4c returned 0 after 0 usecs
[    0.016155][    T1] calling  wakeup_sources_debugfs_init+0x0/0x48 @ 1
[    0.016160][    T1] initcall wakeup_sources_debugfs_init+0x0/0x48 returned 0 after 0 usecs
[    0.016163][    T1] calling  wakeup_sources_sysfs_init+0x0/0x3c @ 1
[    0.016170][    T1] initcall wakeup_sources_sysfs_init+0x0/0x3c returned 0 after 0 usecs
[    0.016173][    T1] calling  regmap_initcall+0x0/0x28 @ 1
[    0.016177][    T1] initcall regmap_initcall+0x0/0x28 returned 0 after 0 usecs
[    0.016180][    T1] calling  sram_init+0x0/0x30 @ 1
[    0.016185][    T1] initcall sram_init+0x0/0x30 returned 0 after 0 usecs
[    0.016186][    T1] calling  syscon_init+0x0/0x30 @ 1
[    0.016191][    T1] initcall syscon_init+0x0/0x30 returned 0 after 0 usecs
[    0.016193][    T1] calling  spi_init+0x0/0x134 @ 1
[    0.016202][    T1] initcall spi_init+0x0/0x134 returned 0 after 0 usecs
[    0.016203][    T1] calling  spmi_init+0x0/0x40 @ 1
[    0.016208][    T1] initcall spmi_init+0x0/0x40 returned 0 after 0 usecs
[    0.016210][    T1] calling  i2c_init+0x0/0x114 @ 1
[    0.016222][    T1] initcall i2c_init+0x0/0x114 returned 0 after 0 usecs
[    0.016224][    T1] calling  thermal_init+0x0/0x20c @ 1
[    0.016244][    T1] thermal_sys: Registered thermal governor 'bang_bang'
[    0.016245][    T1] thermal_sys: Registered thermal governor 'step_wise'
[    0.016246][    T1] thermal_sys: Registered thermal governor 'user_space'
[    0.016247][    T1] thermal_sys: Registered thermal governor 'power_allocator'
[    0.016250][    T1] initcall thermal_init+0x0/0x20c returned 0 after 0 usecs
[    0.016252][    T1] calling  init_menu+0x0/0x2c @ 1
[    0.016262][    T1] cpuidle: using governor menu
[    0.016262][    T1] initcall init_menu+0x0/0x2c returned 0 after 0 usecs
[    0.016265][    T1] calling  teo_governor_init+0x0/0x2c @ 1
[    0.016267][    T1] initcall teo_governor_init+0x0/0x2c returned 0 after 0 usecs
[    0.016269][    T1] calling  rpmsg_init+0x0/0xc4 @ 1
[    0.016277][    T1] initcall rpmsg_init+0x0/0xc4 returned 0 after 0 usecs
[    0.016279][    T1] calling  rpmsg_chrdev_init+0x0/0xc4 @ 1
[    0.016288][    T1] initcall rpmsg_chrdev_init+0x0/0xc4 returned 0 after 0 usecs
[    0.016290][    T1] calling  kobject_uevent_init+0x0/0x2c @ 1
[    0.016296][    T1] initcall kobject_uevent_init+0x0/0x2c returned 0 after 0 usecs
[    0.016367][    T1] calling  reserve_memblock_reserved_regions+0x0/0x19c @ 1
[    0.016381][    T1] initcall reserve_memblock_reserved_regions+0x0/0x19c returned 0 after 0 usecs
[    0.016384][    T1] calling  aarch32_alloc_vdso_pages+0x0/0x168 @ 1
[    0.016389][    T1] initcall aarch32_alloc_vdso_pages+0x0/0x168 returned 0 after 0 usecs
[    0.016391][    T1] calling  vdso_init+0x0/0x150 @ 1
[    0.016394][    T1] initcall vdso_init+0x0/0x150 returned 0 after 0 usecs
[    0.016396][    T1] calling  arch_hw_breakpoint_init+0x0/0x120 @ 1
[    0.016400][    T1] hw-breakpoint: found 6 breakpoint and 4 watchpoint registers.
[    0.016425][    T1] initcall arch_hw_breakpoint_init+0x0/0x120 returned 0 after 0 usecs
[    0.016428][    T1] calling  adjust_protection_map+0x0/0x2c @ 1
[    0.016430][    T1] initcall adjust_protection_map+0x0/0x2c returned 0 after 0 usecs
[    0.016432][    T1] calling  asids_update_limit+0x0/0xcc @ 1
[    0.016435][    T1] ASID allocator initialised with 32768 entries
[    0.016437][    T1] initcall asids_update_limit+0x0/0xcc returned 0 after 0 usecs
[    0.016439][    T1] calling  kcmp_cookies_init+0x0/0x5c @ 1
[    0.016441][    T1] initcall kcmp_cookies_init+0x0/0x5c returned 0 after 0 usecs
[    0.016443][    T1] calling  cryptomgr_init+0x0/0x2c @ 1
[    0.016446][    T1] initcall cryptomgr_init+0x0/0x2c returned 0 after 0 usecs
[    0.016448][    T1] calling  dma_channel_table_init+0x0/0x1e0 @ 1
[    0.016455][    T1] initcall dma_channel_table_init+0x0/0x1e0 returned 0 after 0 usecs
[    0.016457][    T1] calling  dma_bus_init+0x0/0x1c8 @ 1
[    0.016499][    T1] initcall dma_bus_init+0x0/0x1c8 returned 0 after 0 usecs
[    0.016502][    T1] calling  brcmstb_soc_device_init+0x0/0x180 @ 1
[    0.016696][    T1] initcall brcmstb_soc_device_init+0x0/0x180 returned 0 after 0 usecs
[    0.016699][    T1] calling  serial_base_init+0x0/0xa4 @ 1
[    0.016712][    T1] initcall serial_base_init+0x0/0xa4 returned 0 after 0 usecs
[    0.016714][    T1] calling  pl011_init+0x0/0xb0 @ 1
[    0.016717][    T1] Serial: AMBA PL011 UART driver
[    0.016727][    T1] initcall pl011_init+0x0/0xb0 returned 0 after 0 usecs
[    0.016730][    T1] calling  iommu_dma_init+0x0/0x24 @ 1
[    0.016740][    T1] initcall iommu_dma_init+0x0/0x24 returned 0 after 0 usecs
[    0.016742][    T1] calling  sdei_init+0x0/0x30 @ 1
[    0.016748][    T1] initcall sdei_init+0x0/0x30 returned 0 after 0 usecs
[    0.016751][    T1] calling  bcm2835_mbox_init+0x0/0x30 @ 1
[    0.016756][    T1] initcall bcm2835_mbox_init+0x0/0x30 returned 0 after 0 usecs
[    0.016758][    T1] calling  of_platform_default_populate_init+0x0/0x100 @ 1
[    0.017023][    T1] probe of psci returned 0 after 0 usecs
[    0.017464][    T1] /soc@107c000000/interrupt-controller@7fff9000: Fixed dependency cycle(s) with /soc@107c000000/interrupt-controller@7fff9000
[    0.017646][    T1] bcm2835-mbox 107c013880.mailbox: mailbox enabled
[    0.017653][    T1] probe of 107c013880.mailbox returned 0 after 0 usecs
[    0.017767][    T1] probe of 107d001000.serial:0 returned 0 after 0 usecs
[    0.017787][    T1] probe of 107d001000.serial:0.0 returned 0 after 0 usecs
[    0.017808][    T1] 107d001000.serial: ttyAMA10 at MMIO 0x107d001000 (irq = 16, base_baud = 0) is a PL011 rev3
[    0.017816][    T1] printk: legacy console [ttyAMA10] enabled
[    3.095643][    T1] probe of 107d001000.serial returned 0 after 1816000 usecs
[    3.110904][    T1] raspberrypi-firmware soc@107c000000:firmware: Attached to firmware from 2025-03-10T17:10:37, variant start_cd
[    3.126610][    T1] raspberrypi-firmware soc@107c000000:firmware: Firmware hash is 2bb2ae6400000000000000000000000000000000
[    3.141831][    T1] probe of soc@107c000000:firmware returned 0 after 40000 usecs
[    3.151172][    T1] initcall of_platform_default_populate_init+0x0/0x100 returned 0 after 1872000 usecs
[    3.160689][    T1] calling  register_mte_tcf_preferred_sysctl+0x0/0xc4 @ 1
[    3.167679][    T1] initcall register_mte_tcf_preferred_sysctl+0x0/0xc4 returned 0 after 0 usecs
[    3.176500][    T1] calling  uid_cache_init+0x0/0x110 @ 1
[    3.181928][    T1] initcall uid_cache_init+0x0/0x110 returned 0 after 0 usecs
[    3.189178][    T1] calling  param_sysfs_init+0x0/0x70 @ 1
[    3.194685][    T1] initcall param_sysfs_init+0x0/0x70 returned 0 after 0 usecs
[    3.202021][    T1] calling  user_namespace_sysctl_init+0x0/0xf0 @ 1
[    3.208411][    T1] initcall user_namespace_sysctl_init+0x0/0xf0 returned 0 after 0 usecs
[    3.216620][    T1] calling  proc_schedstat_init+0x0/0x4c @ 1
[    3.222390][    T1] initcall proc_schedstat_init+0x0/0x4c returned 0 after 0 usecs
[    3.229989][    T1] calling  pm_sysrq_init+0x0/0x34 @ 1
[    3.235250][    T1] initcall pm_sysrq_init+0x0/0x34 returned 0 after 0 usecs
[    3.242326][    T1] calling  create_proc_profile+0x0/0x70 @ 1
[    3.248092][    T1] initcall create_proc_profile+0x0/0x70 returned 0 after 0 usecs
[    3.255690][    T1] calling  cgroup_sysfs_init+0x0/0x38 @ 1
[    3.261282][    T1] initcall cgroup_sysfs_init+0x0/0x38 returned 0 after 0 usecs
[    3.268705][    T1] calling  hung_task_init+0x0/0x9c @ 1
[    3.274064][    T1] initcall hung_task_init+0x0/0x9c returned 0 after 0 usecs
[    3.281226][    T1] calling  trace_eval_init+0x0/0xbc @ 1
[    3.286652][    T1] initcall trace_eval_init+0x0/0xbc returned 0 after 0 usecs
[    3.293902][    T1] calling  send_signal_irq_work_init+0x0/0x70 @ 1
[    3.300191][    T1] initcall send_signal_irq_work_init+0x0/0x70 returned 0 after 0 usecs
[    3.308313][    T1] calling  dev_map_init+0x0/0x30 @ 1
[    3.313471][    T1] initcall dev_map_init+0x0/0x30 returned 0 after 0 usecs
[    3.320460][    T1] calling  netns_bpf_init+0x0/0x30 @ 1
[    3.325790][    T1] initcall netns_bpf_init+0x0/0x30 returned 0 after 0 usecs
[    3.332952][    T1] calling  oom_init+0x0/0x6c @ 1
[    3.337795][    T1] initcall oom_init+0x0/0x6c returned 0 after 0 usecs
[    3.344435][    T1] calling  init_user_buckets+0x0/0x4c @ 1
[    3.350050][    T1] initcall init_user_buckets+0x0/0x4c returned 0 after 0 usecs
[    3.357474][    T1] calling  default_bdi_init+0x0/0x48 @ 1
[    3.363019][    T1] initcall default_bdi_init+0x0/0x48 returned 0 after 0 usecs
[    3.370357][    T1] calling  cgwb_init+0x0/0x4c @ 1
[    3.375251][    T1] initcall cgwb_init+0x0/0x4c returned 0 after 0 usecs
[    3.381977][    T1] calling  percpu_enable_async+0x0/0x14 @ 1
[    3.387743][    T1] initcall percpu_enable_async+0x0/0x14 returned 0 after 0 usecs
[    3.395341][    T1] calling  kcompactd_init+0x0/0x114 @ 1
[    3.400781][    T1] initcall kcompactd_init+0x0/0x114 returned 0 after 0 usecs
[    3.408032][    T1] calling  init_user_reserve+0x0/0x30 @ 1
[    3.413624][    T1] initcall init_user_reserve+0x0/0x30 returned 0 after 0 usecs
[    3.421048][    T1] calling  init_admin_reserve+0x0/0x30 @ 1
[    3.426725][    T1] initcall init_admin_reserve+0x0/0x30 returned 0 after 0 usecs
[    3.434236][    T1] calling  init_reserve_notifier+0x0/0x58 @ 1
[    3.440176][    T1] initcall init_reserve_notifier+0x0/0x58 returned 0 after 0 usecs
[    3.447949][    T1] calling  swap_init_sysfs+0x0/0x9c @ 1
[    3.453367][    T1] initcall swap_init_sysfs+0x0/0x9c returned 0 after 0 usecs
[    3.460616][    T1] calling  swapfile_init+0x0/0x114 @ 1
[    3.465944][    T1] initcall swapfile_init+0x0/0x114 returned 0 after 0 usecs
[    3.473105][    T1] calling  memory_tier_init+0x0/0x134 @ 1
[    3.478712][    T1] initcall memory_tier_init+0x0/0x134 returned 0 after 0 usecs
[    3.486136][    T1] calling  numa_init_sysfs+0x0/0x9c @ 1
[    3.491553][    T1] initcall numa_init_sysfs+0x0/0x9c returned 0 after 0 usecs
[    3.498802][    T1] calling  hugepage_init+0x0/0x4a0 @ 1
[    3.504226][    T1] initcall hugepage_init+0x0/0x4a0 returned 0 after 0 usecs
[    3.511389][    T1] calling  memcg1_init+0x0/0xf8 @ 1
[    3.516456][    T1] initcall memcg1_init+0x0/0xf8 returned 0 after 0 usecs
[    3.523355][    T1] calling  mem_cgroup_swap_init+0x0/0x7c @ 1
[    3.529212][    T1] initcall mem_cgroup_swap_init+0x0/0x7c returned 0 after 0 usecs
[    3.536898][    T1] calling  gcma_sysfs_init+0x0/0x48 @ 1
[    3.542318][    T1] initcall gcma_sysfs_init+0x0/0x48 returned 0 after 0 usecs
[    3.549567][    T1] calling  cma_sysfs_init+0x0/0x1bc @ 1
[    3.554986][    T1] initcall cma_sysfs_init+0x0/0x1bc returned 0 after 0 usecs
[    3.562235][    T1] calling  seqiv_module_init+0x0/0x2c @ 1
[    3.567827][    T1] initcall seqiv_module_init+0x0/0x2c returned 0 after 0 usecs
[    3.575251][    T1] calling  echainiv_module_init+0x0/0x2c @ 1
[    3.581104][    T1] initcall echainiv_module_init+0x0/0x2c returned 0 after 0 usecs
[    3.588789][    T1] calling  rsa_init+0x0/0x64 @ 1
[    3.593595][    T1] initcall rsa_init+0x0/0x64 returned 0 after 0 usecs
[    3.600243][    T1] calling  crypto_cmac_module_init+0x0/0x2c @ 1
[    3.606358][    T1] initcall crypto_cmac_module_init+0x0/0x2c returned 0 after 0 usecs
[    3.614305][    T1] calling  hmac_module_init+0x0/0x2c @ 1
[    3.619808][    T1] initcall hmac_module_init+0x0/0x2c returned 0 after 0 usecs
[    3.627145][    T1] calling  crypto_xcbc_module_init+0x0/0x2c @ 1
[    3.633259][    T1] initcall crypto_xcbc_module_init+0x0/0x2c returned 0 after 0 usecs
[    3.641206][    T1] calling  crypto_null_mod_init+0x0/0xa8 @ 1
[    3.647060][    T1] initcall crypto_null_mod_init+0x0/0xa8 returned 0 after 0 usecs
[    3.654746][    T1] calling  md5_mod_init+0x0/0x2c @ 1
[    3.659901][    T1] initcall md5_mod_init+0x0/0x2c returned 0 after 0 usecs
[    3.666888][    T1] calling  sha1_generic_mod_init+0x0/0x2c @ 1
[    3.672828][    T1] initcall sha1_generic_mod_init+0x0/0x2c returned 0 after 0 usecs
[    3.680601][    T1] calling  sha256_generic_mod_init+0x0/0x30 @ 1
[    3.686716][    T1] initcall sha256_generic_mod_init+0x0/0x30 returned 0 after 0 usecs
[    3.694663][    T1] calling  sha512_generic_mod_init+0x0/0x30 @ 1
[    3.700778][    T1] initcall sha512_generic_mod_init+0x0/0x30 returned 0 after 0 usecs
[    3.708725][    T1] calling  sha3_generic_mod_init+0x0/0x30 @ 1
[    3.714666][    T1] initcall sha3_generic_mod_init+0x0/0x30 returned 0 after 0 usecs
[    3.722439][    T1] calling  blake2b_mod_init+0x0/0x30 @ 1
[    3.727945][    T1] initcall blake2b_mod_init+0x0/0x30 returned 0 after 0 usecs
[    3.735281][    T1] calling  crypto_ecb_module_init+0x0/0x2c @ 1
[    3.741308][    T1] initcall crypto_ecb_module_init+0x0/0x2c returned 0 after 0 usecs
[    3.749168][    T1] calling  crypto_cbc_module_init+0x0/0x2c @ 1
[    3.755194][    T1] initcall crypto_cbc_module_init+0x0/0x2c returned 0 after 0 usecs
[    3.763054][    T1] calling  crypto_cts_module_init+0x0/0x2c @ 1
[    3.769081][    T1] initcall crypto_cts_module_init+0x0/0x2c returned 0 after 0 usecs
[    3.776941][    T1] calling  xts_module_init+0x0/0x2c @ 1
[    3.782357][    T1] initcall xts_module_init+0x0/0x2c returned 0 after 0 usecs
[    3.789607][    T1] calling  crypto_ctr_module_init+0x0/0x30 @ 1
[    3.795634][    T1] initcall crypto_ctr_module_init+0x0/0x30 returned 0 after 0 usecs
[    3.803494][    T1] calling  crypto_xctr_module_init+0x0/0x2c @ 1
[    3.809608][    T1] initcall crypto_xctr_module_init+0x0/0x2c returned 0 after 0 usecs
[    3.817556][    T1] calling  hctr2_module_init+0x0/0x30 @ 1
[    3.823146][    T1] initcall hctr2_module_init+0x0/0x30 returned 0 after 0 usecs
[    3.830570][    T1] calling  adiantum_module_init+0x0/0x2c @ 1
[    3.836423][    T1] initcall adiantum_module_init+0x0/0x2c returned 0 after 0 usecs
[    3.844108][    T1] calling  nhpoly1305_mod_init+0x0/0x2c @ 1
[    3.849874][    T1] initcall nhpoly1305_mod_init+0x0/0x2c returned 0 after 0 usecs
[    3.857472][    T1] calling  crypto_gcm_module_init+0x0/0xd4 @ 1
[    3.863502][    T1] initcall crypto_gcm_module_init+0x0/0xd4 returned 0 after 0 usecs
[    3.871363][    T1] calling  crypto_ccm_module_init+0x0/0x30 @ 1
[    3.877390][    T1] initcall crypto_ccm_module_init+0x0/0x30 returned 0 after 0 usecs
[    3.885250][    T1] calling  chacha20poly1305_module_init+0x0/0x30 @ 1
[    3.891802][    T1] initcall chacha20poly1305_module_init+0x0/0x30 returned 0 after 0 usecs
[    3.900186][    T1] calling  des_generic_mod_init+0x0/0x30 @ 1
[    3.906039][    T1] initcall des_generic_mod_init+0x0/0x30 returned 0 after 0 usecs
[    3.913726][    T1] calling  aes_init+0x0/0x2c @ 1
[    3.918531][    T1] initcall aes_init+0x0/0x2c returned 0 after 0 usecs
[    3.925169][    T1] calling  chacha_generic_mod_init+0x0/0x30 @ 1
[    3.931286][    T1] initcall chacha_generic_mod_init+0x0/0x30 returned 0 after 0 usecs
[    3.939233][    T1] calling  poly1305_mod_init+0x0/0x2c @ 1
[    3.944825][    T1] initcall poly1305_mod_init+0x0/0x2c returned 0 after 0 usecs
[    3.952248][    T1] calling  deflate_mod_init+0x0/0x60 @ 1
[    3.957754][    T1] initcall deflate_mod_init+0x0/0x60 returned 0 after 0 usecs
[    3.965090][    T1] calling  crc32c_mod_init+0x0/0x2c @ 1
[    3.970507][    T1] initcall crc32c_mod_init+0x0/0x2c returned 0 after 0 usecs
[    3.977756][    T1] calling  crc32_mod_init+0x0/0x2c @ 1
[    3.983086][    T1] initcall crc32_mod_init+0x0/0x2c returned 0 after 0 usecs
[    3.990248][    T1] calling  crypto_authenc_module_init+0x0/0x2c @ 1
[    3.996624][    T1] initcall crypto_authenc_module_init+0x0/0x2c returned 0 after 0 usecs
[    4.004834][    T1] calling  crypto_authenc_esn_module_init+0x0/0x2c @ 1
[    4.011559][    T1] initcall crypto_authenc_esn_module_init+0x0/0x2c returned 0 after 0 usecs
[    4.020118][    T1] calling  lzo_mod_init+0x0/0x60 @ 1
[    4.025273][    T1] initcall lzo_mod_init+0x0/0x60 returned 0 after 0 usecs
[    4.032260][    T1] calling  lzorle_mod_init+0x0/0x60 @ 1
[    4.037678][    T1] initcall lzorle_mod_init+0x0/0x60 returned 0 after 0 usecs
[    4.044928][    T1] calling  lz4_mod_init+0x0/0x60 @ 1
[    4.050084][    T1] initcall lz4_mod_init+0x0/0x60 returned 0 after 0 usecs
[    4.057071][    T1] calling  xxhash_mod_init+0x0/0x2c @ 1
[    4.062488][    T1] initcall xxhash_mod_init+0x0/0x2c returned 0 after 0 usecs
[    4.069738][    T1] calling  prng_mod_init+0x0/0x30 @ 1
[    4.074980][    T1] initcall prng_mod_init+0x0/0x30 returned 0 after 0 usecs
[    4.082060][    T1] calling  drbg_init+0x0/0xc8 @ 1
[    4.086959][    T1] initcall drbg_init+0x0/0xc8 returned 0 after 0 usecs
[    4.093685][    T1] calling  ghash_mod_init+0x0/0x2c @ 1
[    4.099015][    T1] initcall ghash_mod_init+0x0/0x2c returned 0 after 0 usecs
[    4.106177][    T1] calling  polyval_mod_init+0x0/0x2c @ 1
[    4.111682][    T1] initcall polyval_mod_init+0x0/0x2c returned 0 after 0 usecs
[    4.119019][    T1] calling  zstd_mod_init+0x0/0x74 @ 1
[    4.124263][    T1] initcall zstd_mod_init+0x0/0x74 returned 0 after 0 usecs
[    4.131337][    T1] calling  essiv_module_init+0x0/0x2c @ 1
[    4.136928][    T1] initcall essiv_module_init+0x0/0x2c returned 0 after 0 usecs
[    4.144352][    T1] calling  ecdh_init+0x0/0xb4 @ 1
[    4.149248][    T1] initcall ecdh_init+0x0/0xb4 returned 0 after 0 usecs
[    4.155973][    T1] calling  init_bio+0x0/0xf4 @ 1
[    4.160801][    T1] initcall init_bio+0x0/0xf4 returned 0 after 0 usecs
[    4.167441][    T1] calling  blk_ioc_init+0x0/0x8c @ 1
[    4.172600][    T1] initcall blk_ioc_init+0x0/0x8c returned 0 after 0 usecs
[    4.179587][    T1] calling  blk_mq_init+0x0/0x150 @ 1
[    4.184742][    T1] initcall blk_mq_init+0x0/0x150 returned 0 after 0 usecs
[    4.191730][    T1] calling  genhd_device_init+0x0/0x74 @ 1
[    4.197393][    T1] initcall genhd_device_init+0x0/0x74 returned 0 after 0 usecs
[    4.204819][    T1] calling  blkcg_punt_bio_init+0x0/0x48 @ 1
[    4.210620][    T1] initcall blkcg_punt_bio_init+0x0/0x48 returned 0 after 0 usecs
[    4.218221][    T1] calling  bio_crypt_ctx_init+0x0/0x160 @ 1
[    4.224001][    T1] initcall bio_crypt_ctx_init+0x0/0x160 returned 0 after 0 usecs
[    4.231599][    T1] calling  blk_crypto_sysfs_init+0x0/0x5c @ 1
[    4.237539][    T1] initcall blk_crypto_sysfs_init+0x0/0x5c returned 0 after 0 usecs
[    4.245312][    T1] calling  io_wq_init+0x0/0x58 @ 1
[    4.250293][    T1] initcall io_wq_init+0x0/0x58 returned 0 after 0 usecs
[    4.257106][    T1] calling  raid6_select_algo+0x0/0x434 @ 1
[    4.327763][    T1] raid6: neonx8   gen() 12712 MB/s
[    4.399780][    T1] raid6: neonx4   gen() 12619 MB/s
[    4.471797][    T1] raid6: neonx2   gen() 10630 MB/s
[    4.543812][    T1] raid6: neonx1   gen()  8403 MB/s
[    4.615828][    T1] raid6: int64x8  gen()  5510 MB/s
[    4.687846][    T1] raid6: int64x4  gen()  5594 MB/s
[    4.759861][    T1] raid6: int64x2  gen()  4923 MB/s
[    4.831877][    T1] raid6: int64x1  gen()  4053 MB/s
[    4.836855][    T1] raid6: using algorithm neonx8 gen() 12712 MB/s
[    4.907894][    T1] raid6: .... xor() 9709 MB/s, rmw enabled
[    4.913570][    T1] raid6: using neon recovery algorithm
[    4.918900][    T1] initcall raid6_select_algo+0x0/0x434 returned 0 after 656000 usecs
[    4.926848][    T1] calling  sg_pool_init+0x0/0x1a0 @ 1
[    4.932112][    T1] initcall sg_pool_init+0x0/0x1a0 returned 0 after 0 usecs
[    4.939188][    T1] calling  gpiolib_debugfs_init+0x0/0x48 @ 1
[    4.945044][    T1] initcall gpiolib_debugfs_init+0x0/0x48 returned 0 after 0 usecs
[    4.952729][    T1] calling  pca953x_init+0x0/0x30 @ 1
[    4.957890][    T1] initcall pca953x_init+0x0/0x30 returned 0 after 0 usecs
[    4.964877][    T1] calling  pwm_init+0x0/0x8c @ 1
[    4.969685][    T1] initcall pwm_init+0x0/0x8c returned 0 after 0 usecs
[    4.976323][    T1] calling  leds_init+0x0/0x2c @ 1
[    4.981216][    T1] initcall leds_init+0x0/0x2c returned 0 after 0 usecs
[    4.987941][    T1] calling  pci_slot_init+0x0/0x68 @ 1
[    4.993186][    T1] initcall pci_slot_init+0x0/0x68 returned 0 after 0 usecs
[    5.000261][    T1] calling  fbmem_init+0x0/0x8c @ 1
[    5.005246][    T1] initcall fbmem_init+0x0/0x8c returned 0 after 0 usecs
[    5.012059][    T1] calling  bcm2835_dma_init+0x0/0x30 @ 1
[    5.017635][    T1] bcm2835-dma 1000010000.dma: DMA legacy API manager, dmachans=0x1
[    5.025542][    T1] probe of 1000010000.dma returned 0 after 8000 usecs
[    5.032313][    T1] probe of 1000010600.dma returned 0 after 0 usecs
[    5.038704][    T1] initcall bcm2835_dma_init+0x0/0x30 returned 0 after 20000 usecs
[    5.046397][    T1] calling  regulator_fixed_voltage_init+0x0/0x30 @ 1
[    5.052986][    T1] initcall regulator_fixed_voltage_init+0x0/0x30 returned 0 after 0 usecs
[    5.053142][   T12] probe of soc@107c000000:fixedregulator_5v0 returned 0 after 0 usecs
[    5.053155][   T14] probe of soc@107c000000:fixedregulator_3v3 returned 0 after 0 usecs
[    5.053161][   T14] probe of sd-vcc-reg returned -517 after 0 usecs
[    5.053167][   T14] probe of wl-on-reg returned -517 after 0 usecs
[    5.053173][   T14] probe of cam0_reg returned -517 after 0 usecs
[    5.053177][   T14] probe of cam1_reg returned -517 after 0 usecs
[    5.053216][   T14] probe of cam_dummy_reg returned 0 after 0 usecs
[    5.053254][   T14] probe of rp1_vdd_3v3 returned 0 after 0 usecs
[    5.061375][    T1] calling  gpio_regulator_init+0x0/0x30 @ 1
[    5.120350][   T61] probe of sd-io-1v8-reg returned -517 after 0 usecs
[    5.120351][    T1] initcall gpio_regulator_init+0x0/0x30 returned 0 after 0 usecs
[    5.134500][    T1] calling  misc_init+0x0/0xf0 @ 1
[    5.139404][    T1] initcall misc_init+0x0/0xf0 returned 0 after 0 usecs
[    5.146131][    T1] calling  iommu_subsys_init+0x0/0x1e0 @ 1
[    5.151809][    T1] iommu: Default domain type: Translated
[    5.157312][    T1] iommu: DMA domain TLB invalidation policy: strict mode
[    5.164211][    T1] initcall iommu_subsys_init+0x0/0x1e0 returned 0 after 12000 usecs
[    5.172072][    T1] calling  cn_init+0x0/0x11c @ 1
[    5.176890][    T1] initcall cn_init+0x0/0x11c returned 0 after 0 usecs
[    5.183529][    T1] calling  register_cpu_capacity_sysctl+0x0/0x4c @ 1
[    5.190115][    T1] initcall register_cpu_capacity_sysctl+0x0/0x4c returned 0 after 0 usecs
[    5.198501][    T1] calling  libnvdimm_init+0x0/0x90 @ 1
[    5.203856][    T1] initcall libnvdimm_init+0x0/0x90 returned 0 after 0 usecs
[    5.211017][    T1] calling  dax_core_init+0x0/0x140 @ 1
[    5.216377][    T1] initcall dax_core_init+0x0/0x140 returned 0 after 0 usecs
[    5.223539][    T1] calling  dma_buf_init+0x0/0xbc @ 1
[    5.228702][    T1] initcall dma_buf_init+0x0/0xbc returned 0 after 0 usecs
[    5.235689][    T1] calling  dma_heap_init+0x0/0xfc @ 1
[    5.240936][    T1] initcall dma_heap_init+0x0/0xfc returned 0 after 0 usecs
[    5.248011][    T1] calling  init_scsi+0x0/0x98 @ 1
[    5.252937][    T1] SCSI subsystem initialized
[    5.257392][    T1] initcall init_scsi+0x0/0x98 returned 0 after 4000 usecs
[    5.264379][    T1] calling  phy_init+0x0/0x3d8 @ 1
[    5.269292][    T1] initcall phy_init+0x0/0x3d8 returned 0 after 0 usecs
[    5.276019][    T1] calling  usb_common_init+0x0/0x40 @ 1
[    5.281437][    T1] initcall usb_common_init+0x0/0x40 returned 0 after 0 usecs
[    5.288685][    T1] calling  usb_init+0x0/0x1ac @ 1
[    5.293592][    T1] usbcore: registered new interface driver usbfs
[    5.299806][    T1] usbcore: registered new interface driver hub
[    5.305841][    T1] usbcore: registered new device driver usb
[    5.311607][    T1] initcall usb_init+0x0/0x1ac returned 0 after 20000 usecs
[    5.318682][    T1] calling  usb_udc_init+0x0/0x84 @ 1
[    5.323842][    T1] initcall usb_udc_init+0x0/0x84 returned 0 after 0 usecs
[    5.330829][    T1] calling  usb_roles_init+0x0/0x30 @ 1
[    5.336160][    T1] initcall usb_roles_init+0x0/0x30 returned 0 after 0 usecs
[    5.343321][    T1] calling  serio_init+0x0/0x68 @ 1
[    5.348305][    T1] initcall serio_init+0x0/0x68 returned 0 after 0 usecs
[    5.355117][    T1] calling  input_init+0x0/0x170 @ 1
[    5.360190][    T1] initcall input_init+0x0/0x170 returned 0 after 0 usecs
[    5.367091][    T1] calling  rtc_init+0x0/0x44 @ 1
[    5.371902][    T1] initcall rtc_init+0x0/0x44 returned 0 after 0 usecs
[    5.378540][    T1] calling  dw_i2c_init_driver+0x0/0x30 @ 1
[    5.384240][    T1] initcall dw_i2c_init_driver+0x0/0x30 returned 0 after 0 usecs
[    5.391752][    T1] calling  i2c_gpio_init+0x0/0x6c @ 1
[    5.397006][    T1] initcall i2c_gpio_init+0x0/0x6c returned 0 after 0 usecs
[    5.404081][    T1] calling  media_devnode_init+0x0/0xb8 @ 1
[    5.409759][    T1] mc: Linux media interface: v0.10
[    5.414742][    T1] initcall media_devnode_init+0x0/0xb8 returned 0 after 4000 usecs
[    5.422515][    T1] calling  v4l2_async_init+0x0/0x5c @ 1
[    5.427935][    T1] initcall v4l2_async_init+0x0/0x5c returned 0 after 0 usecs
[    5.435186][    T1] calling  videodev_init+0x0/0xb4 @ 1
[    5.440427][    T1] videodev: Linux video capture interface: v2.00
[    5.446629][    T1] initcall videodev_init+0x0/0xb4 returned 0 after 4000 usecs
[    5.453966][    T1] calling  rc_core_init+0x0/0xd4 @ 1
[    5.459124][    T1] initcall rc_core_init+0x0/0xd4 returned 0 after 0 usecs
[    5.466111][    T1] calling  cec_devnode_init+0x0/0xf4 @ 1
[    5.471620][    T1] initcall cec_devnode_init+0x0/0xf4 returned 0 after 0 usecs
[    5.478956][    T1] calling  pps_init+0x0/0x100 @ 1
[    5.483850][    T1] pps_core: LinuxPPS API ver. 1 registered
[    5.489526][    T1] pps_core: Software ver. 5.3.6 - Copyright 2005-2007 Rodolfo Giometti <giometti@linux.it>
[    5.499392][    T1] initcall pps_init+0x0/0x100 returned 0 after 16000 usecs
[    5.506466][    T1] calling  ptp_init+0x0/0xd8 @ 1
[    5.511272][    T1] PTP clock support registered
[    5.515900][    T1] initcall ptp_init+0x0/0xd8 returned 0 after 4000 usecs
[    5.522800][    T1] calling  power_supply_class_init+0x0/0x30 @ 1
[    5.528918][    T1] initcall power_supply_class_init+0x0/0x30 returned 0 after 0 usecs
[    5.536865][    T1] calling  hwmon_init+0x0/0x64 @ 1
[    5.541846][    T1] initcall hwmon_init+0x0/0x64 returned 0 after 0 usecs
[    5.548658][    T1] calling  mmc_init+0x0/0x60 @ 1
[    5.553473][    T1] initcall mmc_init+0x0/0x60 returned 0 after 0 usecs
[    5.560112][    T1] calling  scmi_bus_init+0x0/0x60 @ 1
[    5.565358][    T1] scmi_core: SCMI protocol bus registered
[    5.570947][    T1] initcall scmi_bus_init+0x0/0x60 returned 0 after 4000 usecs
[    5.578283][    T1] calling  efisubsys_init+0x0/0x448 @ 1
[    5.583699][    T1] initcall efisubsys_init+0x0/0x448 returned 0 after 0 usecs
[    5.590948][    T1] calling  devfreq_init+0x0/0x118 @ 1
[    5.596235][    T1] initcall devfreq_init+0x0/0x118 returned 0 after 0 usecs
[    5.603310][    T1] calling  devfreq_event_init+0x0/0x88 @ 1
[    5.608989][    T1] initcall devfreq_event_init+0x0/0x88 returned 0 after 0 usecs
[    5.616500][    T1] calling  devfreq_simple_ondemand_init+0x0/0x2c @ 1
[    5.623051][    T1] initcall devfreq_simple_ondemand_init+0x0/0x2c returned 0 after 0 usecs
[    5.631434][    T1] calling  devfreq_performance_init+0x0/0x2c @ 1
[    5.637635][    T1] initcall devfreq_performance_init+0x0/0x2c returned 0 after 0 usecs
[    5.645669][    T1] calling  devfreq_powersave_init+0x0/0x2c @ 1
[    5.651696][    T1] initcall devfreq_powersave_init+0x0/0x2c returned 0 after 0 usecs
[    5.659555][    T1] calling  devfreq_userspace_init+0x0/0x2c @ 1
[    5.665581][    T1] initcall devfreq_userspace_init+0x0/0x2c returned 0 after 0 usecs
[    5.673440][    T1] calling  devfreq_passive_init+0x0/0x2c @ 1
[    5.679292][    T1] initcall devfreq_passive_init+0x0/0x2c returned 0 after 0 usecs
[    5.686978][    T1] calling  iio_init+0x0/0xe0 @ 1
[    5.691791][    T1] initcall iio_init+0x0/0xe0 returned 0 after 0 usecs
[    5.698429][    T1] calling  arm_pmu_hp_init+0x0/0x84 @ 1
[    5.703848][    T1] initcall arm_pmu_hp_init+0x0/0x84 returned 0 after 0 usecs
[    5.711097][    T1] calling  ras_init+0x0/0x28 @ 1
[    5.715908][    T1] initcall ras_init+0x0/0x28 returned 0 after 0 usecs
[    5.722546][    T1] calling  nvmem_init+0x0/0x74 @ 1
[    5.727534][    T1] initcall nvmem_init+0x0/0x74 returned 0 after 0 usecs
[    5.734347][    T1] calling  init_soundcore+0x0/0x2c @ 1
[    5.739677][    T1] initcall init_soundcore+0x0/0x2c returned 0 after 0 usecs
[    5.746838][    T1] calling  alsa_sound_init+0x0/0xc4 @ 1
[    5.752259][    T1] Advanced Linux Sound Architecture Driver Initialized.
[    5.759070][    T1] initcall alsa_sound_init+0x0/0xc4 returned 0 after 8000 usecs
[    5.766581][    T1] calling  proto_init+0x0/0x2c @ 1
[    5.771563][    T1] initcall proto_init+0x0/0x2c returned 0 after 0 usecs
[    5.778375][    T1] calling  net_dev_init+0x0/0x3c4 @ 1
[    5.783714][    T1] initcall net_dev_init+0x0/0x3c4 returned 0 after 0 usecs
[    5.790790][    T1] calling  neigh_init+0x0/0xb4 @ 1
[    5.795771][    T1] initcall neigh_init+0x0/0xb4 returned 0 after 0 usecs
[    5.802584][    T1] calling  fib_notifier_init+0x0/0x2c @ 1
[    5.808176][    T1] initcall fib_notifier_init+0x0/0x2c returned 0 after 0 usecs
[    5.815600][    T1] calling  netdev_genl_init+0x0/0x64 @ 1
[    5.821113][    T1] initcall netdev_genl_init+0x0/0x64 returned 0 after 0 usecs
[    5.828450][    T1] calling  page_pool_user_init+0x0/0x30 @ 1
[    5.834215][    T1] initcall page_pool_user_init+0x0/0x30 returned 0 after 0 usecs
[    5.841813][    T1] calling  fib_rules_init+0x0/0xf4 @ 1
[    5.847143][    T1] initcall fib_rules_init+0x0/0xf4 returned 0 after 0 usecs
[    5.854305][    T1] calling  init_cgroup_netprio+0x0/0x30 @ 1
[    5.860071][    T1] initcall init_cgroup_netprio+0x0/0x30 returned 0 after 0 usecs
[    5.867668][    T1] calling  pktsched_init+0x0/0x158 @ 1
[    5.873000][    T1] initcall pktsched_init+0x0/0x158 returned 0 after 0 usecs
[    5.880162][    T1] calling  tc_filter_init+0x0/0x134 @ 1
[    5.885583][    T1] initcall tc_filter_init+0x0/0x134 returned 0 after 0 usecs
[    5.892833][    T1] calling  tc_action_init+0x0/0x80 @ 1
[    5.898162][    T1] initcall tc_action_init+0x0/0x80 returned 0 after 0 usecs
[    5.905324][    T1] calling  ethnl_init+0x0/0x9c @ 1
[    5.910339][    T1] initcall ethnl_init+0x0/0x9c returned 0 after 0 usecs
[    5.917153][    T1] calling  nexthop_init+0x0/0x124 @ 1
[    5.922396][    T1] initcall nexthop_init+0x0/0x124 returned 0 after 0 usecs
[    5.929469][    T1] calling  devlink_init+0x0/0xa8 @ 1
[    5.934664][    T1] initcall devlink_init+0x0/0xa8 returned 0 after 0 usecs
[    5.941652][    T1] calling  bt_init+0x0/0xf8 @ 1
[    5.946370][    T1] Bluetooth: Core ver 2.22
[    5.950655][    T1] NET: Registered PF_BLUETOOTH protocol family
[    5.956681][    T1] Bluetooth: HCI device and connection manager initialized
[    5.963755][    T1] Bluetooth: HCI socket layer initialized
[    5.969345][    T1] Bluetooth: L2CAP socket layer initialized
[    5.975110][    T1] Bluetooth: SCO socket layer initialized
[    5.980701][    T1] initcall bt_init+0x0/0xf8 returned 0 after 36000 usecs
[    5.987601][    T1] calling  wireless_nlevent_init+0x0/0x74 @ 1
[    5.993542][    T1] initcall wireless_nlevent_init+0x0/0x74 returned 0 after 0 usecs
[    6.001314][    T1] calling  rfkill_init+0x0/0x16c @ 1
[    6.006485][    T1] initcall rfkill_init+0x0/0x16c returned 0 after 0 usecs
[    6.013477][    T1] calling  vsprintf_init_hashval+0x0/0x8db4 @ 1
[    6.019592][    T1] initcall vsprintf_init_hashval+0x0/0x8db4 returned 0 after 0 usecs
[    6.027540][    T1] calling  init_32bit_el0_mask+0x0/0x60 @ 1
[    6.033306][    T1] initcall init_32bit_el0_mask+0x0/0x60 returned 0 after 0 usecs
[    6.040909][    T1] calling  watchdog_init+0x0/0xd8 @ 1
[    6.046175][    T1] initcall watchdog_init+0x0/0xd8 returned 0 after 0 usecs
[    6.053327][    T1] calling  create_debug_debugfs_entry+0x0/0x40 @ 1
[    6.059707][    T1] initcall create_debug_debugfs_entry+0x0/0x40 returned 0 after 0 usecs
[    6.067921][    T1] calling  iomem_init_inode+0x0/0xd4 @ 1
[    6.073436][    T1] initcall iomem_init_inode+0x0/0xd4 returned 0 after 0 usecs
[    6.080773][    T1] calling  em_debug_init+0x0/0x44 @ 1
[    6.086017][    T1] initcall em_debug_init+0x0/0x44 returned 0 after 0 usecs
[    6.093092][    T1] calling  clocksource_done_booting+0x0/0x6c @ 1
[    6.099304][    T1] clocksource: Switched to clocksource arch_sys_counter
[    6.106117][    T1] initcall clocksource_done_booting+0x0/0x6c returned 0 after 6816 usecs
[    6.114415][    T1] calling  tracer_init_tracefs+0x0/0x124 @ 1
[    6.120272][    T1] initcall tracer_init_tracefs+0x0/0x124 returned 0 after 3 usecs
[    6.127960][    T1] calling  init_trace_printk_function_export+0x0/0x4c @ 1
[    6.134954][    T1] initcall init_trace_printk_function_export+0x0/0x4c returned 0 after 6 usecs
[    6.143776][    T1] calling  trace_events_synth_init+0x0/0x70 @ 1
[    6.149892][    T1] initcall trace_events_synth_init+0x0/0x70 returned 0 after 1 usecs
[    6.157840][    T1] calling  bpf_event_init+0x0/0x30 @ 1
[    6.163169][    T1] initcall bpf_event_init+0x0/0x30 returned 0 after 0 usecs
[    6.170331][    T1] calling  init_kprobe_trace+0x0/0x218 @ 1
[    6.176013][    T1] initcall init_kprobe_trace+0x0/0x218 returned 0 after 2 usecs
[    6.183525][    T1] calling  init_dynamic_event+0x0/0x4c @ 1
[    6.189205][    T1] initcall init_dynamic_event+0x0/0x4c returned 0 after 1 usecs
[    6.196716][    T1] calling  bpf_init+0x0/0x90 @ 1
[    6.201525][    T1] initcall bpf_init+0x0/0x90 returned 0 after 3 usecs
[    6.208163][    T1] calling  secretmem_init+0x0/0x70 @ 1
[    6.213500][    T1] initcall secretmem_init+0x0/0x70 returned 0 after 7 usecs
[    6.220663][    T1] calling  init_fs_stat_sysctls+0x0/0x54 @ 1
[    6.226520][    T1] initcall init_fs_stat_sysctls+0x0/0x54 returned 0 after 5 usecs
[    6.234206][    T1] calling  init_fs_exec_sysctls+0x0/0x44 @ 1
[    6.240059][    T1] initcall init_fs_exec_sysctls+0x0/0x44 returned 0 after 0 usecs
[    6.247744][    T1] calling  init_pipe_fs+0x0/0x88 @ 1
[    6.252903][    T1] initcall init_pipe_fs+0x0/0x88 returned 0 after 4 usecs
[    6.259891][    T1] calling  init_fs_namei_sysctls+0x0/0x44 @ 1
[    6.265833][    T1] initcall init_fs_namei_sysctls+0x0/0x44 returned 0 after 1 usecs
[    6.273606][    T1] calling  init_fs_dcache_sysctls+0x0/0x44 @ 1
[    6.279634][    T1] initcall init_fs_dcache_sysctls+0x0/0x44 returned 0 after 1 usecs
[    6.287494][    T1] calling  init_fs_namespace_sysctls+0x0/0x48 @ 1
[    6.293784][    T1] initcall init_fs_namespace_sysctls+0x0/0x48 returned 0 after 0 usecs
[    6.301907][    T1] calling  cgroup_writeback_init+0x0/0x48 @ 1
[    6.307849][    T1] initcall cgroup_writeback_init+0x0/0x48 returned 0 after 1 usecs
[    6.315623][    T1] calling  inotify_user_setup+0x0/0x14c @ 1
[    6.321395][    T1] initcall inotify_user_setup+0x0/0x14c returned 0 after 7 usecs
[    6.328994][    T1] calling  eventpoll_init+0x0/0x180 @ 1
[    6.334430][    T1] initcall eventpoll_init+0x0/0x180 returned 0 after 18 usecs
[    6.341767][    T1] calling  anon_inode_init+0x0/0x80 @ 1
[    6.347188][    T1] initcall anon_inode_init+0x0/0x80 returned 0 after 4 usecs
[    6.354438][    T1] calling  proc_locks_init+0x0/0x4c @ 1
[    6.359856][    T1] initcall proc_locks_init+0x0/0x4c returned 0 after 1 usecs
[    6.367106][    T1] calling  backing_aio_init+0x0/0x98 @ 1
[    6.372612][    T1] initcall backing_aio_init+0x0/0x98 returned 0 after 2 usecs
[    6.379949][    T1] calling  init_fs_coredump_sysctls+0x0/0x48 @ 1
[    6.386158][    T1] initcall init_fs_coredump_sysctls+0x0/0x48 returned 0 after 4 usecs
[    6.394194][    T1] calling  iomap_buffered_init+0x0/0x38 @ 1
[    6.400004][    T1] initcall iomap_buffered_init+0x0/0x38 returned 0 after 44 usecs
[    6.407690][    T1] calling  iomap_dio_init+0x0/0x7c @ 1
[    6.413029][    T1] initcall iomap_dio_init+0x0/0x7c returned 0 after 9 usecs
[    6.420191][    T1] calling  dquot_init+0x0/0x1fc @ 1
[    6.425259][    T1] VFS: Disk quotas dquot_6.6.0
[    6.429895][    T1] VFS: Dquot-cache hash table entries: 512 (order 0, 4096 bytes)
[    6.437534][    T1] initcall dquot_init+0x0/0x1fc returned 0 after 12275 usecs
[    6.444787][    T1] calling  proc_cmdline_init+0x0/0x64 @ 1
[    6.450382][    T1] initcall proc_cmdline_init+0x0/0x64 returned 0 after 3 usecs
[    6.457806][    T1] calling  proc_consoles_init+0x0/0x48 @ 1
[    6.463485][    T1] initcall proc_consoles_init+0x0/0x48 returned 0 after 0 usecs
[    6.470997][    T1] calling  proc_cpuinfo_init+0x0/0x40 @ 1
[    6.476588][    T1] initcall proc_cpuinfo_init+0x0/0x40 returned 0 after 0 usecs
[    6.484013][    T1] calling  proc_devices_init+0x0/0x58 @ 1
[    6.489604][    T1] initcall proc_devices_init+0x0/0x58 returned 0 after 0 usecs
[    6.497028][    T1] calling  proc_interrupts_init+0x0/0x48 @ 1
[    6.502882][    T1] initcall proc_interrupts_init+0x0/0x48 returned 0 after 0 usecs
[    6.510568][    T1] calling  proc_loadavg_init+0x0/0x54 @ 1
[    6.516160][    T1] initcall proc_loadavg_init+0x0/0x54 returned 0 after 0 usecs
[    6.523584][    T1] calling  proc_meminfo_init+0x0/0x54 @ 1
[    6.529175][    T1] initcall proc_meminfo_init+0x0/0x54 returned 0 after 0 usecs
[    6.536600][    T1] calling  proc_stat_init+0x0/0x40 @ 1
[    6.541930][    T1] initcall proc_stat_init+0x0/0x40 returned 0 after 0 usecs
[    6.549092][    T1] calling  proc_uptime_init+0x0/0x54 @ 1
[    6.554597][    T1] initcall proc_uptime_init+0x0/0x54 returned 0 after 0 usecs
[    6.561935][    T1] calling  proc_version_init+0x0/0x54 @ 1
[    6.567526][    T1] initcall proc_version_init+0x0/0x54 returned 0 after 0 usecs
[    6.574950][    T1] calling  proc_softirqs_init+0x0/0x54 @ 1
[    6.580629][    T1] initcall proc_softirqs_init+0x0/0x54 returned 0 after 0 usecs
[    6.588141][    T1] calling  proc_kmsg_init+0x0/0x40 @ 1
[    6.593471][    T1] initcall proc_kmsg_init+0x0/0x40 returned 0 after 0 usecs
[    6.600633][    T1] calling  proc_page_init+0x0/0x7c @ 1
[    6.605964][    T1] initcall proc_page_init+0x0/0x7c returned 0 after 1 usecs
[    6.613127][    T1] calling  netfs_init+0x0/0x230 @ 1
[    6.618225][    T1] initcall netfs_init+0x0/0x230 returned 0 after 31 usecs
[    6.625215][    T1] calling  init_ramfs_fs+0x0/0x2c @ 1
[    6.630458][    T1] initcall init_ramfs_fs+0x0/0x2c returned 0 after 1 usecs
[    6.637533][    T1] calling  safesetid_init_securityfs+0x0/0xd0 @ 1
[    6.643830][    T1] initcall safesetid_init_securityfs+0x0/0xd0 returned 0 after 6 usecs
[    6.651952][    T1] calling  dynamic_debug_init_control+0x0/0xb0 @ 1
[    6.658333][    T1] initcall dynamic_debug_init_control+0x0/0xb0 returned 0 after 3 usecs
[    6.666543][    T1] calling  chr_dev_init+0x0/0xb8 @ 1
[    6.671784][    T1] initcall chr_dev_init+0x0/0xb8 returned 0 after 85 usecs
[    6.678860][    T1] calling  hwrng_modinit+0x0/0x138 @ 1
[    6.684202][    T1] initcall hwrng_modinit+0x0/0x138 returned 0 after 12 usecs
[    6.691453][    T1] calling  firmware_class_init+0x0/0x54 @ 1
[    6.697224][    T1] initcall firmware_class_init+0x0/0x54 returned 0 after 5 usecs
[    6.704823][    T1] calling  powercap_init+0x0/0x234 @ 1
[    6.710176][    T1] initcall powercap_init+0x0/0x234 returned 0 after 24 usecs
[    6.717425][    T1] calling  sysctl_core_init+0x0/0x54 @ 1
[    6.722946][    T1] initcall sysctl_core_init+0x0/0x54 returned 0 after 17 usecs
[    6.730370][    T1] calling  eth_offload_init+0x0/0x30 @ 1
[    6.735874][    T1] initcall eth_offload_init+0x0/0x30 returned 0 after 0 usecs
[    6.743211][    T1] calling  ipv4_offload_init+0x0/0xdc @ 1
[    6.748803][    T1] initcall ipv4_offload_init+0x0/0xdc returned 0 after 0 usecs
[    6.756226][    T1] calling  inet_init+0x0/0x2ec @ 1
[    6.761222][    T1] NET: Registered PF_INET protocol family
[    6.767156][    T1] IP idents hash table entries: 262144 (order: 9, 2097152 bytes, linear)
[    6.778418][    T1] tcp_listen_portaddr_hash hash table entries: 8192 (order: 5, 131072 bytes, linear)
[    6.787876][    T1] Table-perturb hash table entries: 65536 (order: 6, 262144 bytes, linear)
[    6.796517][    T1] TCP established hash table entries: 131072 (order: 8, 1048576 bytes, linear)
[    6.805988][    T1] TCP bind hash table entries: 65536 (order: 9, 2097152 bytes, linear)
[    6.815710][    T1] TCP: Hash tables configured (established 131072 bind 65536)
[    6.823176][    T1] UDP hash table entries: 8192 (order: 6, 262144 bytes, linear)
[    6.830858][    T1] UDP-Lite hash table entries: 8192 (order: 6, 262144 bytes, linear)
[    6.838961][    T1] initcall inet_init+0x0/0x2ec returned 0 after 77755 usecs
[    6.846129][    T1] calling  af_unix_init+0x0/0x144 @ 1
[    6.851380][    T1] NET: Registered PF_UNIX/PF_LOCAL protocol family
[    6.857763][    T1] initcall af_unix_init+0x0/0x144 returned 0 after 6389 usecs
[    6.865099][    T1] calling  ipv6_offload_init+0x0/0xd4 @ 1
[    6.870691][    T1] initcall ipv6_offload_init+0x0/0xd4 returned 0 after 1 usecs
[    6.878115][    T1] calling  vlan_offload_init+0x0/0x44 @ 1
[    6.883709][    T1] initcall vlan_offload_init+0x0/0x44 returned 0 after 0 usecs
[    6.891134][    T1] calling  cfg80211_init+0x0/0x10c @ 1
[    6.896855][    T1] initcall cfg80211_init+0x0/0x10c returned 0 after 382 usecs
[    6.904197][    T1] calling  xsk_init+0x0/0xc4 @ 1
[    6.909004][    T1] NET: Registered PF_XDP protocol family
[    6.914507][    T1] initcall xsk_init+0x0/0xc4 returned 0 after 5503 usecs
[    6.921410][    T1] calling  pci_apply_final_quirks+0x0/0x1a0 @ 1
[    6.927529][    T1] PCI: CLS 0 bytes, default 64
[    6.932159][    T1] initcall pci_apply_final_quirks+0x0/0x1a0 returned 0 after 4633 usecs
[    6.940369][    T1] calling  populate_rootfs+0x0/0xbc @ 1
[    6.945791][    T1] initcall populate_rootfs+0x0/0xbc returned 0 after 3 usecs
[    6.945896][   T61] Trying to unpack rootfs image as initramfs...
[    6.953177][    T1] calling  register_arm64_panic_block+0x0/0x38 @ 1
[    6.965558][    T1] initcall register_arm64_panic_block+0x0/0x38 returned 0 after 1 usecs
[    6.973776][    T1] calling  cpuinfo_regs_init+0x0/0x104 @ 1
[    6.978473][   T61] Freeing initrd memory: 1508K
[    6.984218][    T1] initcall cpuinfo_regs_init+0x0/0x104 returned 0 after 4758 usecs
[    6.991997][    T1] calling  aarch32_el0_sysfs_init+0x0/0x80 @ 1
[    6.998026][    T1] initcall aarch32_el0_sysfs_init+0x0/0x80 returned 0 after 0 usecs
[    7.005888][    T1] calling  ptdump_init+0x0/0x178 @ 1
[    7.011044][    T1] initcall ptdump_init+0x0/0x178 returned 0 after 1 usecs
[    7.018032][    T1] calling  kvm_arm_init+0x0/0x155c @ 1
[    7.024392][    T1] kvm [1]: nv: 554 coarse grained trap handlers
[    7.030614][    T1] kvm [1]: IPA Size Limit: 40 bits
[    7.035644][    T1] kvm [1]: vgic interrupt IRQ9
[    7.040292][    T1] kvm [1]: VHE mode initialized successfully
[    7.046317][    T1] initcall kvm_arm_init+0x0/0x155c returned 0 after 22955 usecs
[    7.053842][    T1] calling  cpu_feature_match_SHA1_init+0x0/0x40 @ 1
[    7.060319][    T1] initcall cpu_feature_match_SHA1_init+0x0/0x40 returned 0 after 10 usecs
[    7.068706][    T1] calling  cpu_feature_match_SHA2_init+0x0/0x44 @ 1
[    7.075172][    T1] initcall cpu_feature_match_SHA2_init+0x0/0x44 returned 0 after 2 usecs
[    7.083468][    T1] calling  cpu_feature_match_SHA512_init+0x0/0x44 @ 1
[    7.090123][    T1] initcall cpu_feature_match_SHA512_init+0x0/0x44 returned -19 after 11 usecs
[    7.098858][    T1] calling  ghash_ce_mod_init+0x0/0x70 @ 1
[    7.104451][    T1] initcall ghash_ce_mod_init+0x0/0x70 returned 0 after 2 usecs
[    7.111875][    T1] calling  cpu_feature_match_PMULL_init+0x0/0x40 @ 1
[    7.118427][    T1] initcall cpu_feature_match_PMULL_init+0x0/0x40 returned 0 after 1 usecs
[    7.126810][    T1] calling  cpu_feature_match_AES_init+0x0/0x40 @ 1
[    7.133188][    T1] initcall cpu_feature_match_AES_init+0x0/0x40 returned 0 after 1 usecs
[    7.141396][    T1] calling  cpu_feature_match_AES_init+0x0/0x80 @ 1
[    7.147785][    T1] initcall cpu_feature_match_AES_init+0x0/0x80 returned 0 after 12 usecs
[    7.156081][    T1] calling  sha256_mod_init+0x0/0x84 @ 1
[    7.161502][    T1] initcall sha256_mod_init+0x0/0x84 returned 0 after 5 usecs
[    7.168752][    T1] calling  sha512_mod_init+0x0/0x30 @ 1
[    7.174172][    T1] initcall sha512_mod_init+0x0/0x30 returned 0 after 2 usecs
[    7.181421][    T1] calling  chacha_simd_mod_init+0x0/0x50 @ 1
[    7.187281][    T1] initcall chacha_simd_mod_init+0x0/0x50 returned 0 after 7 usecs
[    7.194967][    T1] calling  neon_poly1305_mod_init+0x0/0x50 @ 1
[    7.201000][    T1] initcall neon_poly1305_mod_init+0x0/0x50 returned 0 after 6 usecs
[    7.208861][    T1] calling  proc_execdomains_init+0x0/0x44 @ 1
[    7.214803][    T1] initcall proc_execdomains_init+0x0/0x44 returned 0 after 2 usecs
[    7.222576][    T1] calling  register_warn_debugfs+0x0/0x44 @ 1
[    7.228517][    T1] initcall register_warn_debugfs+0x0/0x44 returned 0 after 2 usecs
[    7.236291][    T1] calling  cpuhp_sysfs_init+0x0/0x138 @ 1
[    7.241899][    T1] initcall cpuhp_sysfs_init+0x0/0x138 returned 0 after 18 usecs
[    7.249410][    T1] calling  ioresources_init+0x0/0x7c @ 1
[    7.254931][    T1] initcall ioresources_init+0x0/0x7c returned 0 after 16 usecs
[    7.262355][    T1] calling  psi_proc_init+0x0/0xb8 @ 1
[    7.267600][    T1] initcall psi_proc_init+0x0/0xb8 returned 0 after 2 usecs
[    7.274675][    T1] calling  snapshot_device_init+0x0/0x2c @ 1
[    7.280539][    T1] initcall snapshot_device_init+0x0/0x2c returned 0 after 10 usecs
[    7.288313][    T1] calling  irq_gc_init_ops+0x0/0x30 @ 1
[    7.293731][    T1] initcall irq_gc_init_ops+0x0/0x30 returned 0 after 0 usecs
[    7.300981][    T1] calling  irq_pm_init_ops+0x0/0x30 @ 1
[    7.306398][    T1] initcall irq_pm_init_ops+0x0/0x30 returned 0 after 0 usecs
[    7.313648][    T1] calling  proc_modules_init+0x0/0x40 @ 1
[    7.319240][    T1] initcall proc_modules_init+0x0/0x40 returned 0 after 1 usecs
[    7.326663][    T1] calling  timer_sysctl_init+0x0/0x3c @ 1
[    7.332256][    T1] initcall timer_sysctl_init+0x0/0x3c returned 0 after 4 usecs
[    7.339680][    T1] calling  timekeeping_init_ops+0x0/0x30 @ 1
[    7.345532][    T1] initcall timekeeping_init_ops+0x0/0x30 returned 0 after 0 usecs
[    7.353217][    T1] calling  init_clocksource_sysfs+0x0/0x54 @ 1
[    7.359283][    T1] initcall init_clocksource_sysfs+0x0/0x54 returned 0 after 39 usecs
[    7.367231][    T1] calling  init_timer_list_procfs+0x0/0x50 @ 1
[    7.373259][    T1] initcall init_timer_list_procfs+0x0/0x50 returned 0 after 0 usecs
[    7.381123][    T1] calling  alarmtimer_init+0x0/0xcc @ 1
[    7.386585][    T1] initcall alarmtimer_init+0x0/0xcc returned 0 after 46 usecs
[    7.393922][    T1] calling  init_posix_timers+0x0/0x8c @ 1
[    7.399518][    T1] initcall init_posix_timers+0x0/0x8c returned 0 after 4 usecs
[    7.406941][    T1] calling  clockevents_init_sysfs+0x0/0x188 @ 1
[    7.413122][    T1] initcall clockevents_init_sysfs+0x0/0x188 returned 0 after 65 usecs
[    7.421159][    T1] calling  sched_clock_syscore_init+0x0/0x34 @ 1
[    7.427361][    T1] initcall sched_clock_syscore_init+0x0/0x34 returned 0 after 0 usecs
[    7.435395][    T1] calling  kallsyms_init+0x0/0x40 @ 1
[    7.440638][    T1] initcall kallsyms_init+0x0/0x40 returned 0 after 1 usecs
[    7.447712][    T1] calling  ikconfig_init+0x0/0x64 @ 1
[    7.452955][    T1] initcall ikconfig_init+0x0/0x64 returned 0 after 0 usecs
[    7.460029][    T1] calling  audit_watch_init+0x0/0x68 @ 1
[    7.465533][    T1] initcall audit_watch_init+0x0/0x68 returned 0 after 0 usecs
[    7.472870][    T1] calling  audit_fsnotify_init+0x0/0x68 @ 1
[    7.478635][    T1] initcall audit_fsnotify_init+0x0/0x68 returned 0 after 0 usecs
[    7.486233][    T1] calling  audit_tree_init+0x0/0xec @ 1
[    7.491652][    T1] initcall audit_tree_init+0x0/0xec returned 0 after 3 usecs
[    7.498902][    T1] calling  seccomp_sysctl_init+0x0/0x44 @ 1
[    7.504673][    T1] initcall seccomp_sysctl_init+0x0/0x44 returned 0 after 3 usecs
[    7.512271][    T1] calling  utsname_sysctl_init+0x0/0x3c @ 1
[    7.518041][    T1] initcall utsname_sysctl_init+0x0/0x3c returned 0 after 4 usecs
[    7.525639][    T1] calling  init_tracepoints+0x0/0x68 @ 1
[    7.531144][    T1] initcall init_tracepoints+0x0/0x68 returned 0 after 1 usecs
[    7.538480][    T1] calling  perf_event_sysfs_init+0x0/0xc0 @ 1
[    7.544466][    T1] initcall perf_event_sysfs_init+0x0/0xc0 returned 0 after 44 usecs
[    7.552328][    T1] calling  system_trusted_keyring_init+0x0/0x78 @ 1
[    7.558791][    T1] Initialise system trusted keyrings
[    7.563953][    T1] initcall system_trusted_keyring_init+0x0/0x78 returned 0 after 5161 usecs
[    7.572511][    T1] calling  kswapd_init+0x0/0xa4 @ 1
[    7.577638][    T1] initcall kswapd_init+0x0/0xa4 returned 0 after 58 usecs
[    7.584627][    T1] calling  extfrag_debug_init+0x0/0x80 @ 1
[    7.590320][    T1] initcall extfrag_debug_init+0x0/0x80 returned 0 after 13 usecs
[    7.597919][    T1] calling  mm_compute_batch_init+0x0/0x40 @ 1
[    7.603861][    T1] initcall mm_compute_batch_init+0x0/0x40 returned 0 after 0 usecs
[    7.611634][    T1] calling  slab_proc_init+0x0/0x44 @ 1
[    7.616965][    T1] initcall slab_proc_init+0x0/0x44 returned 0 after 0 usecs
[    7.624128][    T1] calling  workingset_init+0x0/0x10c @ 1
[    7.629632][    T1] workingset: timestamp_bits=42 max_order=22 bucket_order=0
[    7.636795][    T1] initcall workingset_init+0x0/0x10c returned 0 after 7162 usecs
[    7.644394][    T1] calling  proc_vmalloc_init+0x0/0x44 @ 1
[    7.649986][    T1] initcall proc_vmalloc_init+0x0/0x44 returned 0 after 0 usecs
[    7.657411][    T1] calling  memblock_init_debugfs+0x0/0x11c @ 1
[    7.663443][    T1] initcall memblock_init_debugfs+0x0/0x11c returned 0 after 6 usecs
[    7.671304][    T1] calling  slab_debugfs_init+0x0/0x90 @ 1
[    7.676914][    T1] initcall slab_debugfs_init+0x0/0x90 returned 0 after 19 usecs
[    7.684427][    T1] calling  procswaps_init+0x0/0x44 @ 1
[    7.689756][    T1] initcall procswaps_init+0x0/0x44 returned 0 after 0 usecs
[    7.696918][    T1] calling  init_cleancache+0x0/0xa8 @ 1
[    7.702339][    T1] initcall init_cleancache+0x0/0xa8 returned 0 after 5 usecs
[    7.709589][    T1] calling  zs_init+0x0/0x4c @ 1
[    7.714312][    T1] initcall zs_init+0x0/0x4c returned 0 after 5 usecs
[    7.720863][    T1] calling  ptdump_debugfs_init+0x0/0x44 @ 1
[    7.726631][    T1] initcall ptdump_debugfs_init+0x0/0x44 returned 0 after 1 usecs
[    7.734229][    T1] calling  fcntl_init+0x0/0x8c @ 1
[    7.739217][    T1] initcall fcntl_init+0x0/0x8c returned 0 after 8 usecs
[    7.746030][    T1] calling  proc_filesystems_init+0x0/0x44 @ 1
[    7.751971][    T1] initcall proc_filesystems_init+0x0/0x44 returned 0 after 0 usecs
[    7.759744][    T1] calling  start_dirtytime_writeback+0x0/0x58 @ 1
[    7.766034][    T1] initcall start_dirtytime_writeback+0x0/0x58 returned 0 after 0 usecs
[    7.774156][    T1] calling  dio_init+0x0/0x90 @ 1
[    7.778966][    T1] initcall dio_init+0x0/0x90 returned 0 after 4 usecs
[    7.785605][    T1] calling  userfaultfd_init+0x0/0xd0 @ 1
[    7.791125][    T1] initcall userfaultfd_init+0x0/0xd0 returned 0 after 16 usecs
[    7.798551][    T1] calling  aio_setup+0x0/0x11c @ 1
[    7.803555][    T1] initcall aio_setup+0x0/0x11c returned 0 after 23 usecs
[    7.810456][    T1] calling  mbcache_init+0x0/0x98 @ 1
[    7.815615][    T1] initcall mbcache_init+0x0/0x98 returned 0 after 3 usecs
[    7.822602][    T1] calling  init_v2_quota_format+0x0/0x44 @ 1
[    7.828456][    T1] initcall init_v2_quota_format+0x0/0x44 returned 0 after 0 usecs
[    7.836143][    T1] calling  init_devpts_fs+0x0/0x70 @ 1
[    7.841477][    T1] initcall init_devpts_fs+0x0/0x70 returned 0 after 4 usecs
[    7.848640][    T1] calling  ext4_init_fs+0x0/0x20c @ 1
[    7.853945][    T1] initcall ext4_init_fs+0x0/0x20c returned 0 after 63 usecs
[    7.861109][    T1] calling  journal_init+0x0/0x1ac @ 1
[    7.866384][    T1] initcall journal_init+0x0/0x1ac returned 0 after 33 usecs
[    7.873547][    T1] calling  init_fat_fs+0x0/0xb8 @ 1
[    7.878622][    T1] initcall init_fat_fs+0x0/0xb8 returned 0 after 6 usecs
[    7.885523][    T1] calling  init_vfat_fs+0x0/0x2c @ 1
[    7.890678][    T1] initcall init_vfat_fs+0x0/0x2c returned 0 after 0 usecs
[    7.897666][    T1] calling  init_msdos_fs+0x0/0x2c @ 1
[    7.902908][    T1] initcall init_msdos_fs+0x0/0x2c returned 0 after 0 usecs
[    7.909984][    T1] calling  init_exfat_fs+0x0/0xdc @ 1
[    7.915234][    T1] initcall init_exfat_fs+0x0/0xdc returned 0 after 8 usecs
[    7.922313][    T1] calling  init_nls_cp437+0x0/0x30 @ 1
[    7.927643][    T1] initcall init_nls_cp437+0x0/0x30 returned 0 after 0 usecs
[    7.934805][    T1] calling  init_nls_cp737+0x0/0x30 @ 1
[    7.940135][    T1] initcall init_nls_cp737+0x0/0x30 returned 0 after 0 usecs
[    7.947298][    T1] calling  init_nls_cp775+0x0/0x30 @ 1
[    7.952629][    T1] initcall init_nls_cp775+0x0/0x30 returned 0 after 0 usecs
[    7.959791][    T1] calling  init_nls_cp850+0x0/0x30 @ 1
[    7.965121][    T1] initcall init_nls_cp850+0x0/0x30 returned 0 after 0 usecs
[    7.972284][    T1] calling  init_nls_cp852+0x0/0x30 @ 1
[    7.977613][    T1] initcall init_nls_cp852+0x0/0x30 returned 0 after 0 usecs
[    7.984776][    T1] calling  init_nls_cp855+0x0/0x30 @ 1
[    7.990105][    T1] initcall init_nls_cp855+0x0/0x30 returned 0 after 0 usecs
[    7.997267][    T1] calling  init_nls_cp857+0x0/0x30 @ 1
[    8.002597][    T1] initcall init_nls_cp857+0x0/0x30 returned 0 after 0 usecs
[    8.009761][    T1] calling  init_nls_cp860+0x0/0x30 @ 1
[    8.015090][    T1] initcall init_nls_cp860+0x0/0x30 returned 0 after 0 usecs
[    8.022267][    T1] calling  init_nls_cp861+0x0/0x30 @ 1
[    8.027597][    T1] initcall init_nls_cp861+0x0/0x30 returned 0 after 0 usecs
[    8.034760][    T1] calling  init_nls_cp862+0x0/0x30 @ 1
[    8.040089][    T1] initcall init_nls_cp862+0x0/0x30 returned 0 after 0 usecs
[    8.047253][    T1] calling  init_nls_cp863+0x0/0x30 @ 1
[    8.052583][    T1] initcall init_nls_cp863+0x0/0x30 returned 0 after 0 usecs
[    8.059745][    T1] calling  init_nls_cp864+0x0/0x30 @ 1
[    8.065075][    T1] initcall init_nls_cp864+0x0/0x30 returned 0 after 0 usecs
[    8.072237][    T1] calling  init_nls_cp865+0x0/0x30 @ 1
[    8.077567][    T1] initcall init_nls_cp865+0x0/0x30 returned 0 after 0 usecs
[    8.084735][    T1] calling  init_nls_cp866+0x0/0x30 @ 1
[    8.090065][    T1] initcall init_nls_cp866+0x0/0x30 returned 0 after 0 usecs
[    8.097228][    T1] calling  init_nls_cp869+0x0/0x30 @ 1
[    8.102557][    T1] initcall init_nls_cp869+0x0/0x30 returned 0 after 0 usecs
[    8.109720][    T1] calling  init_nls_cp874+0x0/0x30 @ 1
[    8.115050][    T1] initcall init_nls_cp874+0x0/0x30 returned 0 after 0 usecs
[    8.122212][    T1] calling  init_nls_cp932+0x0/0x30 @ 1
[    8.127542][    T1] initcall init_nls_cp932+0x0/0x30 returned 0 after 0 usecs
[    8.134704][    T1] calling  init_nls_euc_jp+0x0/0x64 @ 1
[    8.140122][    T1] initcall init_nls_euc_jp+0x0/0x64 returned 0 after 0 usecs
[    8.147372][    T1] calling  init_nls_cp936+0x0/0x30 @ 1
[    8.152701][    T1] initcall init_nls_cp936+0x0/0x30 returned 0 after 0 usecs
[    8.159862][    T1] calling  init_nls_cp949+0x0/0x30 @ 1
[    8.165190][    T1] initcall init_nls_cp949+0x0/0x30 returned 0 after 0 usecs
[    8.172351][    T1] calling  init_nls_cp950+0x0/0x30 @ 1
[    8.177679][    T1] initcall init_nls_cp950+0x0/0x30 returned 0 after 0 usecs
[    8.184840][    T1] calling  init_nls_cp1250+0x0/0x30 @ 1
[    8.190256][    T1] initcall init_nls_cp1250+0x0/0x30 returned 0 after 0 usecs
[    8.197504][    T1] calling  init_nls_cp1251+0x0/0x30 @ 1
[    8.202920][    T1] initcall init_nls_cp1251+0x0/0x30 returned 0 after 0 usecs
[    8.210168][    T1] calling  init_nls_ascii+0x0/0x30 @ 1
[    8.215496][    T1] initcall init_nls_ascii+0x0/0x30 returned 0 after 0 usecs
[    8.222657][    T1] calling  init_nls_iso8859_1+0x0/0x30 @ 1
[    8.228334][    T1] initcall init_nls_iso8859_1+0x0/0x30 returned 0 after 0 usecs
[    8.235844][    T1] calling  init_nls_iso8859_2+0x0/0x30 @ 1
[    8.241521][    T1] initcall init_nls_iso8859_2+0x0/0x30 returned 0 after 0 usecs
[    8.249032][    T1] calling  init_nls_iso8859_3+0x0/0x30 @ 1
[    8.254709][    T1] initcall init_nls_iso8859_3+0x0/0x30 returned 0 after 0 usecs
[    8.262220][    T1] calling  init_nls_iso8859_4+0x0/0x30 @ 1
[    8.267897][    T1] initcall init_nls_iso8859_4+0x0/0x30 returned 0 after 0 usecs
[    8.275408][    T1] calling  init_nls_iso8859_5+0x0/0x30 @ 1
[    8.281085][    T1] initcall init_nls_iso8859_5+0x0/0x30 returned 0 after 0 usecs
[    8.288595][    T1] calling  init_nls_iso8859_6+0x0/0x30 @ 1
[    8.294272][    T1] initcall init_nls_iso8859_6+0x0/0x30 returned 0 after 0 usecs
[    8.301783][    T1] calling  init_nls_iso8859_7+0x0/0x30 @ 1
[    8.307460][    T1] initcall init_nls_iso8859_7+0x0/0x30 returned 0 after 0 usecs
[    8.314971][    T1] calling  init_nls_cp1255+0x0/0x30 @ 1
[    8.320387][    T1] initcall init_nls_cp1255+0x0/0x30 returned 0 after 0 usecs
[    8.327635][    T1] calling  init_nls_iso8859_9+0x0/0x30 @ 1
[    8.333312][    T1] initcall init_nls_iso8859_9+0x0/0x30 returned 0 after 0 usecs
[    8.340822][    T1] calling  init_nls_iso8859_13+0x0/0x30 @ 1
[    8.346587][    T1] initcall init_nls_iso8859_13+0x0/0x30 returned 0 after 0 usecs
[    8.354184][    T1] calling  init_nls_iso8859_14+0x0/0x30 @ 1
[    8.359950][    T1] initcall init_nls_iso8859_14+0x0/0x30 returned 0 after 0 usecs
[    8.367547][    T1] calling  init_nls_iso8859_15+0x0/0x30 @ 1
[    8.373312][    T1] initcall init_nls_iso8859_15+0x0/0x30 returned 0 after 0 usecs
[    8.380909][    T1] calling  init_nls_koi8_r+0x0/0x30 @ 1
[    8.386324][    T1] initcall init_nls_koi8_r+0x0/0x30 returned 0 after 0 usecs
[    8.393573][    T1] calling  init_nls_koi8_u+0x0/0x30 @ 1
[    8.398988][    T1] initcall init_nls_koi8_u+0x0/0x30 returned 0 after 0 usecs
[    8.406237][    T1] calling  init_nls_koi8_ru+0x0/0x68 @ 1
[    8.411740][    T1] initcall init_nls_koi8_ru+0x0/0x68 returned 0 after 0 usecs
[    8.419076][    T1] calling  init_nls_utf8+0x0/0x50 @ 1
[    8.424318][    T1] initcall init_nls_utf8+0x0/0x50 returned 0 after 0 usecs
[    8.431393][    T1] calling  init_nls_macceltic+0x0/0x30 @ 1
[    8.437072][    T1] initcall init_nls_macceltic+0x0/0x30 returned 0 after 0 usecs
[    8.444582][    T1] calling  init_nls_maccenteuro+0x0/0x30 @ 1
[    8.450435][    T1] initcall init_nls_maccenteuro+0x0/0x30 returned 0 after 0 usecs
[    8.458119][    T1] calling  init_nls_maccroatian+0x0/0x30 @ 1
[    8.463972][    T1] initcall init_nls_maccroatian+0x0/0x30 returned 0 after 0 usecs
[    8.471657][    T1] calling  init_nls_maccyrillic+0x0/0x30 @ 1
[    8.477509][    T1] initcall init_nls_maccyrillic+0x0/0x30 returned 0 after 0 usecs
[    8.485194][    T1] calling  init_nls_macgaelic+0x0/0x30 @ 1
[    8.490871][    T1] initcall init_nls_macgaelic+0x0/0x30 returned 0 after 0 usecs
[    8.498381][    T1] calling  init_nls_macgreek+0x0/0x30 @ 1
[    8.503971][    T1] initcall init_nls_macgreek+0x0/0x30 returned 0 after 0 usecs
[    8.511394][    T1] calling  init_nls_maciceland+0x0/0x30 @ 1
[    8.517159][    T1] initcall init_nls_maciceland+0x0/0x30 returned 0 after 0 usecs
[    8.524757][    T1] calling  init_nls_macinuit+0x0/0x30 @ 1
[    8.530349][    T1] initcall init_nls_macinuit+0x0/0x30 returned 0 after 0 usecs
[    8.537772][    T1] calling  init_nls_macromanian+0x0/0x30 @ 1
[    8.543624][    T1] initcall init_nls_macromanian+0x0/0x30 returned 0 after 0 usecs
[    8.551309][    T1] calling  init_nls_macroman+0x0/0x30 @ 1
[    8.556900][    T1] initcall init_nls_macroman+0x0/0x30 returned 0 after 0 usecs
[    8.564323][    T1] calling  init_nls_macturkish+0x0/0x30 @ 1
[    8.570088][    T1] initcall init_nls_macturkish+0x0/0x30 returned 0 after 0 usecs
[    8.577686][    T1] calling  init_cifs+0x0/0x7e0 @ 1
[    8.582961][    T1] Key type cifs.idmap registered
[    8.587771][    T1] initcall init_cifs+0x0/0x7e0 returned 0 after 5106 usecs
[    8.594846][    T1] calling  fuse_init+0x0/0x28c @ 1
[    8.599825][    T1] fuse: init (API version 7.41)
[    8.604575][    T1] initcall fuse_init+0x0/0x28c returned 0 after 4749 usecs
[    8.611651][    T1] calling  virtio_fs_init+0x0/0xcc @ 1
[    8.616986][    T1] initcall virtio_fs_init+0x0/0xcc returned 0 after 6 usecs
[    8.624148][    T1] calling  ovl_init+0x0/0xc8 @ 1
[    8.628954][    T1] initcall ovl_init+0x0/0xc8 returned 0 after 1 usecs
[    8.635592][    T1] calling  init_incfs_module+0x0/0x54 @ 1
[    8.641188][    T1] initcall init_incfs_module+0x0/0x54 returned 0 after 5 usecs
[    8.648611][    T1] calling  init_f2fs_fs+0x0/0x25c @ 1
[    8.655187][    T1] initcall init_f2fs_fs+0x0/0x25c returned 0 after 1333 usecs
[    8.662536][    T1] calling  erofs_module_init+0x0/0x104 @ 1
[    8.668306][    T1] initcall erofs_module_init+0x0/0x104 returned 0 after 92 usecs
[    8.675914][    T1] calling  key_proc_init+0x0/0x94 @ 1
[    8.681159][    T1] initcall key_proc_init+0x0/0x94 returned 0 after 3 usecs
[    8.688234][    T1] calling  selinux_nf_ip_init+0x0/0x5c @ 1
[    8.693936][    T1] initcall selinux_nf_ip_init+0x0/0x5c returned 0 after 24 usecs
[    8.701535][    T1] calling  init_sel_fs+0x0/0x158 @ 1
[    8.706776][    T1] initcall init_sel_fs+0x0/0x158 returned 0 after 86 usecs
[    8.713852][    T1] calling  selnl_init+0x0/0x94 @ 1
[    8.718845][    T1] initcall selnl_init+0x0/0x94 returned 0 after 13 usecs
[    8.725745][    T1] calling  sel_netif_init+0x0/0x68 @ 1
[    8.731078][    T1] initcall sel_netif_init+0x0/0x68 returned 0 after 4 usecs
[    8.738240][    T1] calling  sel_netnode_init+0x0/0x48 @ 1
[    8.743746][    T1] initcall sel_netnode_init+0x0/0x48 returned 0 after 2 usecs
[    8.751082][    T1] calling  sel_netport_init+0x0/0x48 @ 1
[    8.756587][    T1] initcall sel_netport_init+0x0/0x48 returned 0 after 1 usecs
[    8.763923][    T1] calling  aurule_init+0x0/0x44 @ 1
[    8.768991][    T1] initcall aurule_init+0x0/0x44 returned 0 after 0 usecs
[    8.775891][    T1] calling  bpf_crypto_skcipher_init+0x0/0x2c @ 1
[    8.782094][    T1] initcall bpf_crypto_skcipher_init+0x0/0x2c returned 0 after 0 usecs
[    8.790129][    T1] calling  jent_mod_init+0x0/0x124 @ 1
[    8.808657][    T1] initcall jent_mod_init+0x0/0x124 returned 0 after 13198 usecs
[    8.816170][    T1] calling  calibrate_xor_blocks+0x0/0x134 @ 1
[    8.822115][    T1] xor: measuring software checksum speed
[    8.827827][    T1]    8regs           : 15885 MB/sec
[    8.833103][    T1]    32regs          : 15689 MB/sec
[    8.838320][    T1]    arm64_neon      : 21733 MB/sec
[    8.843386][    T1] xor: using function: arm64_neon (21733 MB/sec)
[    8.849589][    T1] initcall calibrate_xor_blocks+0x0/0x134 returned 0 after 27478 usecs
[    8.857712][    T1] calling  asymmetric_key_init+0x0/0x2c @ 1
[    8.863478][    T1] Key type asymmetric registered
[    8.868282][    T1] initcall asymmetric_key_init+0x0/0x2c returned 0 after 4804 usecs
[    8.876142][    T1] calling  x509_key_init+0x0/0x2c @ 1
[    8.881384][    T1] Asymmetric key parser 'x509' registered
[    8.886975][    T1] initcall x509_key_init+0x0/0x2c returned 0 after 5590 usecs
[    8.894312][    T1] calling  blkdev_init+0x0/0x38 @ 1
[    8.899406][    T1] initcall blkdev_init+0x0/0x38 returned 0 after 26 usecs
[    8.906394][    T1] calling  proc_genhd_init+0x0/0x74 @ 1
[    8.911813][    T1] initcall proc_genhd_init+0x0/0x74 returned 0 after 2 usecs
[    8.919063][    T1] calling  bsg_init+0x0/0xc8 @ 1
[    8.923891][    T1] Block layer SCSI generic (bsg) driver version 0.4 loaded (major 240)
[    8.932012][    T1] initcall bsg_init+0x0/0xc8 returned 0 after 8142 usecs
[    8.938913][    T1] calling  throtl_init+0x0/0x58 @ 1
[    8.944054][    T1] initcall throtl_init+0x0/0x58 returned 0 after 67 usecs
[    8.951044][    T1] calling  ioprio_init+0x0/0x2c @ 1
[    8.956117][    T1] initcall ioprio_init+0x0/0x2c returned 0 after 5 usecs
[    8.963018][    T1] calling  ioc_init+0x0/0x2c @ 1
[    8.967828][    T1] initcall ioc_init+0x0/0x2c returned 0 after 3 usecs
[    8.974467][    T1] calling  deadline_init+0x0/0x2c @ 1
[    8.979709][    T1] io scheduler mq-deadline registered
[    8.984950][    T1] initcall deadline_init+0x0/0x2c returned 0 after 5240 usecs
[    8.992287][    T1] calling  kyber_init+0x0/0x2c @ 1
[    8.997269][    T1] io scheduler kyber registered
[    9.001986][    T1] initcall kyber_init+0x0/0x2c returned 0 after 4717 usecs
[    9.009061][    T1] calling  bfq_init+0x0/0x108 @ 1
[    9.013961][    T1] io scheduler bfq registered
[    9.018503][    T1] initcall bfq_init+0x0/0x108 returned 0 after 4549 usecs
[    9.025491][    T1] calling  io_uring_init+0x0/0x104 @ 1
[    9.030844][    T1] initcall io_uring_init+0x0/0x104 returned 0 after 22 usecs
[    9.038094][    T1] calling  xor_neon_init+0x0/0x58 @ 1
[    9.043338][    T1] initcall xor_neon_init+0x0/0x58 returned 0 after 0 usecs
[    9.050414][    T1] calling  blake2s_mod_init+0x0/0x8 @ 1
[    9.055831][    T1] initcall blake2s_mod_init+0x0/0x8 returned 0 after 0 usecs
[    9.063081][    T1] calling  chacha20poly1305_init+0x0/0x8 @ 1
[    9.068934][    T1] initcall chacha20poly1305_init+0x0/0x8 returned 0 after 0 usecs
[    9.076631][    T1] calling  curve25519_init+0x0/0x8 @ 1
[    9.081961][    T1] initcall curve25519_init+0x0/0x8 returned 0 after 0 usecs
[    9.089124][    T1] calling  libcrc32c_mod_init+0x0/0x48 @ 1
[    9.094805][    T1] initcall libcrc32c_mod_init+0x0/0x48 returned 0 after 3 usecs
[    9.102318][    T1] calling  init_kmp+0x0/0x2c @ 1
[    9.107124][    T1] initcall init_kmp+0x0/0x2c returned 0 after 0 usecs
[    9.113763][    T1] calling  init_bm+0x0/0x2c @ 1
[    9.118482][    T1] initcall init_bm+0x0/0x2c returned 0 after 0 usecs
[    9.125034][    T1] calling  init_fsm+0x0/0x2c @ 1
[    9.129840][    T1] initcall init_fsm+0x0/0x2c returned 0 after 0 usecs
[    9.136479][    T1] calling  percpu_counter_startup+0x0/0x94 @ 1
[    9.142536][    T1] initcall percpu_counter_startup+0x0/0x94 returned 0 after 29 usecs
[    9.150486][    T1] calling  audit_classes_init+0x0/0xc4 @ 1
[    9.156169][    T1] initcall audit_classes_init+0x0/0xc4 returned 0 after 3 usecs
[    9.163680][    T1] calling  alloc_tag_init+0x0/0x2b8 @ 1
[    9.169163][    T1] initcall alloc_tag_init+0x0/0x2b8 returned 0 after 65 usecs
[    9.176501][    T1] calling  mip_msi_driver_init+0x0/0x30 @ 1
[    9.182424][    T1] probe of 1000130000.msi-controller returned 0 after 92 usecs
[    9.189891][    T1] probe of 1000131000.msi-controller returned 0 after 29 usecs
[    9.197341][    T1] initcall mip_msi_driver_init+0x0/0x30 returned 0 after 15074 usecs
[    9.205290][    T1] calling  bcm7038_l1_driver_init+0x0/0x30 @ 1
[    9.211332][    T1] initcall bcm7038_l1_driver_init+0x0/0x30 returned 0 after 13 usecs
[    9.219279][    T1] calling  bcm7120_l2_driver_init+0x0/0x30 @ 1
[    9.225324][    T1] initcall bcm7120_l2_driver_init+0x0/0x30 returned 0 after 16 usecs
[    9.233273][    T1] calling  brcmstb_l2_driver_init+0x0/0x30 @ 1
[    9.239368][    T1] irq_brcmstb_l2: registered L2 intc (/soc@107c000000/interrupt-controller@7d510600, parent irq: 27)
[    9.250118][    T1] probe of 107d510600.interrupt-controller returned 0 after 10808 usecs
[    9.258352][    T1] irq_brcmstb_l2: registered L2 intc (/soc@107c000000/interrupt-controller@7c502000, parent irq: 28)
[    9.269113][    T1] probe of 107c502000.interrupt-controller returned 0 after 10782 usecs
[    9.277346][    T1] irq_brcmstb_l2: registered L2 intc (/soc@107c000000/intc@7d508380, parent irq: 29)
[    9.286697][    T1] probe of 107d508380.intc returned 0 after 9371 usecs
[    9.293448][    T1] irq_brcmstb_l2: registered L2 intc (/soc@107c000000/intc@7d508400, parent irq: 30)
[    9.302801][    T1] probe of 107d508400.intc returned 0 after 9377 usecs
[    9.309551][    T1] irq_brcmstb_l2: registered L2 intc (/soc@107c000000/intc@7d503000, parent irq: 31)
[    9.318901][    T1] probe of 107d503000.intc returned 0 after 9370 usecs
[    9.325646][    T1] initcall brcmstb_l2_driver_init+0x0/0x30 returned 0 after 86346 usecs
[    9.333857][    T1] calling  simple_pm_bus_driver_init+0x0/0x30 @ 1
[    9.340187][    T1] probe of clocks returned 0 after 35 usecs
[    9.345986][    T1] probe of soc@107c000000 returned 0 after 31 usecs
[    9.352465][    T1] probe of 107d542000.avs-monitor returned 19 after 7 usecs
[    9.359644][    T1] probe of soc@107c000000:nvmem returned 0 after 13 usecs
[    9.366798][    T1] probe of axi returned 0 after 163 usecs
[    9.372410][    T1] probe of 1000400018.syscon returned 19 after 14 usecs
[    9.379233][    T1] probe of rp1_firmware returned -517 after 3 usecs
[    9.385701][    T1] initcall simple_pm_bus_driver_init+0x0/0x30 returned 0 after 45554 usecs
[    9.394175][    T1] calling  phy_core_init+0x0/0x7c @ 1
[    9.399429][    T1] initcall phy_core_init+0x0/0x7c returned 0 after 12 usecs
[    9.406590][    T1] calling  brcm_usb_driver_init+0x0/0x30 @ 1
[    9.412473][    T1] initcall brcm_usb_driver_init+0x0/0x30 returned 0 after 29 usecs
[    9.420247][    T1] calling  rp1_pinctrl_driver_init+0x0/0x34 @ 1
[    9.426376][    T1] initcall rp1_pinctrl_driver_init+0x0/0x34 returned 0 after 12 usecs
[    9.434411][    T1] calling  pcs_driver_init+0x0/0x30 @ 1
[    9.439859][    T1] initcall pcs_driver_init+0x0/0x30 returned 0 after 30 usecs
[    9.447196][    T1] calling  bcm2712_pinctrl_driver_init+0x0/0x30 @ 1
[    9.453798][    T1] probe of 107d504100.pinctrl returned 0 after 123 usecs
[    9.460760][    T1] probe of 107d510700.pinctrl returned 0 after 55 usecs
[    9.467594][    T1] initcall bcm2712_pinctrl_driver_init+0x0/0x30 returned 0 after 13933 usecs
[    9.476242][    T1] calling  bcm2835_pinctrl_driver_init+0x0/0x34 @ 1
[    9.482726][    T1] initcall bcm2835_pinctrl_driver_init+0x0/0x34 returned 0 after 21 usecs
[    9.491112][    T1] calling  brcmvirt_gpio_driver_init+0x0/0x30 @ 1
[    9.497417][    T1] initcall brcmvirt_gpio_driver_init+0x0/0x30 returned 0 after 14 usecs
[    9.505627][    T1] calling  brcmstb_gpio_driver_init+0x0/0x30 @ 1
[    9.511953][    T1] probe of 107d517c00.gpio returned 0 after 119 usecs
[    9.518698][    T1] probe of 107d508500.gpio returned 0 after 101 usecs
[    9.525348][    T1] initcall brcmstb_gpio_driver_init+0x0/0x30 returned 0 after 13518 usecs
[    9.533734][    T1] calling  pl061_gpio_driver_init+0x0/0x30 @ 1
[    9.539769][    T1] initcall pl061_gpio_driver_init+0x0/0x30 returned 0 after 6 usecs
[    9.547632][    T1] calling  rpi_exp_gpio_driver_init+0x0/0x30 @ 1
[    9.553849][    T1] initcall rpi_exp_gpio_driver_init+0x0/0x30 returned 0 after 14 usecs
[    9.561972][    T1] calling  bcm2835_pwm_driver_init+0x0/0x30 @ 1
[    9.568101][    T1] initcall bcm2835_pwm_driver_init+0x0/0x30 returned 0 after 13 usecs
[    9.576137][    T1] calling  brcmstb_pwm_driver_init+0x0/0x30 @ 1
[    9.582266][    T1] initcall brcmstb_pwm_driver_init+0x0/0x30 returned 0 after 14 usecs
[    9.590302][    T1] calling  pwm_pio_rp1_driver_init+0x0/0x30 @ 1
[    9.596429][    T1] initcall pwm_pio_rp1_driver_init+0x0/0x30 returned 0 after 12 usecs
[    9.604466][    T1] calling  raspberrypi_pwm_driver_init+0x0/0x30 @ 1
[    9.610946][    T1] initcall raspberrypi_pwm_driver_init+0x0/0x30 returned 0 after 15 usecs
[    9.619332][    T1] calling  rp1_pwm_driver_init+0x0/0x30 @ 1
[    9.625109][    T1] initcall rp1_pwm_driver_init+0x0/0x30 returned 0 after 12 usecs
[    9.632796][    T1] calling  gpio_led_driver_init+0x0/0x30 @ 1
[    9.638673][    T1] probe of leds returned 517 after 15 usecs
[    9.644443][    T1] initcall gpio_led_driver_init+0x0/0x30 returned 0 after 5794 usecs
[    9.652391][    T1] calling  led_pwm_driver_init+0x0/0x30 @ 1
[    9.658169][    T1] initcall led_pwm_driver_init+0x0/0x30 returned 0 after 11 usecs
[    9.665855][    T1] calling  timer_led_trigger_init+0x0/0x2c @ 1
[    9.671885][    T1] initcall timer_led_trigger_init+0x0/0x2c returned 0 after 0 usecs
[    9.679746][    T1] calling  oneshot_led_trigger_init+0x0/0x2c @ 1
[    9.685949][    T1] initcall oneshot_led_trigger_init+0x0/0x2c returned 0 after 0 usecs
[    9.693984][    T1] calling  heartbeat_trig_init+0x0/0x74 @ 1
[    9.699751][    T1] initcall heartbeat_trig_init+0x0/0x74 returned 0 after 1 usecs
[    9.707351][    T1] calling  bl_led_trigger_init+0x0/0x2c @ 1
[    9.713117][    T1] initcall bl_led_trigger_init+0x0/0x2c returned 0 after 0 usecs
[    9.720716][    T1] calling  ledtrig_cpu_init+0x0/0x138 @ 1
[    9.726336][    T1] ledtrig-cpu: registered to indicate activity on CPUs
[    9.733063][    T1] initcall ledtrig_cpu_init+0x0/0x138 returned 0 after 6755 usecs
[    9.740749][    T1] calling  defon_led_trigger_init+0x0/0x2c @ 1
[    9.746777][    T1] initcall defon_led_trigger_init+0x0/0x2c returned 0 after 0 usecs
[    9.754637][    T1] calling  transient_trigger_init+0x0/0x2c @ 1
[    9.760665][    T1] initcall transient_trigger_init+0x0/0x2c returned 0 after 0 usecs
[    9.768527][    T1] calling  input_trig_init+0x0/0x2c @ 1
[    9.773943][    T1] initcall input_trig_init+0x0/0x2c returned 0 after 0 usecs
[    9.781193][    T1] calling  ledtrig_panic_init+0x0/0x74 @ 1
[    9.786871][    T1] initcall ledtrig_panic_init+0x0/0x74 returned 0 after 0 usecs
[    9.794383][    T1] calling  actpwr_trig_init+0x0/0x130 @ 1
[    9.800024][    T1] initcall actpwr_trig_init+0x0/0x130 returned 0 after 48 usecs
[    9.807538][    T1] calling  pcie_portdrv_init+0x0/0x58 @ 1
[    9.813150][    T1] initcall pcie_portdrv_init+0x0/0x58 returned 0 after 20 usecs
[    9.820662][    T1] calling  pci_proc_init+0x0/0x9c @ 1
[    9.825906][    T1] initcall pci_proc_init+0x0/0x9c returned 0 after 1 usecs
[    9.832981][    T1] calling  brcm_pcie_driver_init+0x0/0x30 @ 1
[    9.838955][    T1] probe of 1000120000.pcie returned -517 after 1 usecs
[    9.845695][    T1] initcall brcm_pcie_driver_init+0x0/0x30 returned 0 after 6774 usecs
[    9.853730][    T1] calling  pwm_backlight_driver_init+0x0/0x30 @ 1
[    9.860031][    T1] initcall pwm_backlight_driver_init+0x0/0x30 returned 0 after 11 usecs
[    9.868240][    T1] calling  rpi_backlight_driver_init+0x0/0x30 @ 1
[    9.874543][    T1] initcall rpi_backlight_driver_init+0x0/0x30 returned 0 after 13 usecs
[    9.882752][    T1] calling  bcm2708_fb_init+0x0/0x30 @ 1
[    9.888181][    T1] initcall bcm2708_fb_init+0x0/0x30 returned 0 after 13 usecs
[    9.895518][    T1] calling  simplefb_driver_init+0x0/0x30 @ 1
[    9.901382][    T1] initcall simplefb_driver_init+0x0/0x30 returned 0 after 11 usecs
[    9.909155][    T1] calling  of_fixed_factor_clk_driver_init+0x0/0x30 @ 1
[    9.915979][    T1] initcall of_fixed_factor_clk_driver_init+0x0/0x30 returned 0 after 11 usecs
[    9.924713][    T1] calling  of_fixed_clk_driver_init+0x0/0x30 @ 1
[    9.930926][    T1] initcall of_fixed_clk_driver_init+0x0/0x30 returned 0 after 11 usecs
[    9.939049][    T1] calling  gpio_clk_driver_init+0x0/0x30 @ 1
[    9.944917][    T1] initcall gpio_clk_driver_init+0x0/0x30 returned 0 after 16 usecs
[    9.952690][    T1] calling  clk_hifiberry_dachd_i2c_driver_init+0x0/0x30 @ 1
[    9.959862][    T1] initcall clk_hifiberry_dachd_i2c_driver_init+0x0/0x30 returned 0 after 10 usecs
[    9.968947][    T1] calling  rp1_sdio_clk_driver_init+0x0/0x30 @ 1
[    9.975165][    T1] initcall rp1_sdio_clk_driver_init+0x0/0x30 returned 0 after 15 usecs
[    9.983288][    T1] calling  scpi_clocks_driver_init+0x0/0x30 @ 1
[    9.989413][    T1] initcall scpi_clocks_driver_init+0x0/0x30 returned 0 after 11 usecs
[    9.997448][    T1] calling  clk_dvp_driver_init+0x0/0x30 @ 1
[   10.003242][    T1] probe of 107c700000.clock returned 0 after 23 usecs
[   10.009892][    T1] initcall clk_dvp_driver_init+0x0/0x30 returned 0 after 6679 usecs
[   10.017755][    T1] calling  bcm2835_aux_clk_driver_init+0x0/0x30 @ 1
[   10.024233][    T1] initcall bcm2835_aux_clk_driver_init+0x0/0x30 returned 0 after 13 usecs
[   10.032626][    T1] calling  raspberrypi_clk_driver_init+0x0/0x30 @ 1
[   10.066276][    T1] probe of soc@107c000000:firmware:clocks returned 0 after 27177 usecs
[   10.074410][    T1] initcall raspberrypi_clk_driver_init+0x0/0x30 returned 0 after 35319 usecs
[   10.083058][    T1] calling  dw_driver_init+0x0/0x30 @ 1
[   10.088410][    T1] initcall dw_driver_init+0x0/0x30 returned 0 after 21 usecs
[   10.095660][    T1] calling  scmi_perf_domain_driver_init+0x0/0x38 @ 1
[   10.102222][    T1] initcall scmi_perf_domain_driver_init+0x0/0x38 returned 0 after 10 usecs
[   10.110694][    T1] calling  scmi_power_domain_driver_init+0x0/0x38 @ 1
[   10.117341][    T1] initcall scmi_power_domain_driver_init+0x0/0x38 returned 0 after 7 usecs
[   10.125814][    T1] calling  bcm2835_power_driver_init+0x0/0x30 @ 1
[   10.132111][    T1] initcall bcm2835_power_driver_init+0x0/0x30 returned 0 after 7 usecs
[   10.140235][    T1] calling  rpi_power_driver_init+0x0/0x30 @ 1
[   10.147065][    T1] probe of soc@107c000000:power returned 0 after 881 usecs
[   10.154150][    T1] initcall rpi_power_driver_init+0x0/0x30 returned 0 after 7974 usecs
[   10.162187][    T1] calling  attiny_regulator_driver_init+0x0/0x30 @ 1
[   10.168744][    T1] initcall attiny_regulator_driver_init+0x0/0x30 returned 0 after 4 usecs
[   10.177129][    T1] calling  rpi_panel_v2_regulator_driver_init+0x0/0x30 @ 1
[   10.184209][    T1] initcall rpi_panel_v2_regulator_driver_init+0x0/0x30 returned 0 after 3 usecs
[   10.193120][    T1] calling  waveshare_panel_regulator_driver_init+0x0/0x30 @ 1
[   10.200461][    T1] initcall waveshare_panel_regulator_driver_init+0x0/0x30 returned 0 after 3 usecs
[   10.209632][    T1] calling  brcmstb_reset_driver_init+0x0/0x30 @ 1
[   10.215940][    T1] probe of 1001504318.reset-controller returned 0 after 14 usecs
[   10.223552][    T1] initcall brcmstb_reset_driver_init+0x0/0x30 returned 0 after 7630 usecs
[   10.231938][    T1] calling  brcm_rescal_reset_driver_init+0x0/0x30 @ 1
[   10.238590][    T1] probe of 1000119500.reset-controller returned 0 after 10 usecs
[   10.246200][    T1] initcall brcm_rescal_reset_driver_init+0x0/0x30 returned 0 after 7623 usecs
[   10.254935][    T1] calling  rpi_reset_driver_init+0x0/0x30 @ 1
[   10.260896][    T1] probe of soc@107c000000:firmware:reset returned 0 after 12 usecs
[   10.268678][    T1] initcall rpi_reset_driver_init+0x0/0x30 returned 0 after 7800 usecs
[   10.276715][    T1] calling  scmi_reset_driver_init+0x0/0x38 @ 1
[   10.282749][    T1] initcall scmi_reset_driver_init+0x0/0x38 returned 0 after 6 usecs
[   10.290611][    T1] calling  reset_simple_driver_init+0x0/0x30 @ 1
[   10.296855][    T1] initcall reset_simple_driver_init+0x0/0x30 returned 0 after 41 usecs
[   10.304979][    T1] calling  n_null_init+0x0/0x34 @ 1
[   10.310047][    T1] initcall n_null_init+0x0/0x34 returned 0 after 0 usecs
[   10.316950][    T1] calling  pty_init+0x0/0x210 @ 1
[   10.321860][    T1] initcall pty_init+0x0/0x210 returned 0 after 17 usecs
[   10.328675][    T1] calling  sysrq_init+0x0/0xa8 @ 1
[   10.333664][    T1] initcall sysrq_init+0x0/0xa8 returned 0 after 8 usecs
[   10.340478][    T1] calling  serial8250_init+0x0/0x12c @ 1
[   10.345983][    T1] initcall serial8250_init+0x0/0x12c returned -19 after 0 usecs
[   10.353496][    T1] calling  bcm2835aux_serial_driver_init+0x0/0x30 @ 1
[   10.360151][    T1] initcall bcm2835aux_serial_driver_init+0x0/0x30 returned 0 after 15 usecs
[   10.368711][    T1] calling  brcmuart_init+0x0/0x80 @ 1
[   10.374043][    T1] probe of 107d50c000.serial:0 returned 0 after 5 usecs
[   10.380878][    T1] probe of 107d50c000.serial:0.0 returned 0 after 4 usecs
[   10.387903][    T1] bcm7271-uart 107d50c000.serial: error -EINVAL: unable to register 8250 port
[   10.396642][    T1] bcm7271-uart 107d50c000.serial: probe with driver bcm7271-uart failed with error -22
[   10.406170][    T1] probe of 107d50c000.serial returned 22 after 32204 usecs
[   10.413258][    T1] initcall brcmuart_init+0x0/0x80 returned 0 after 39304 usecs
[   10.420684][    T1] calling  dw8250_platform_driver_init+0x0/0x30 @ 1
[   10.427176][    T1] initcall dw8250_platform_driver_init+0x0/0x30 returned 0 after 26 usecs
[   10.435562][    T1] calling  of_platform_serial_driver_init+0x0/0x30 @ 1
[   10.442340][    T1] initcall of_platform_serial_driver_init+0x0/0x30 returned 0 after 50 usecs
[   10.450989][    T1] calling  serial_pci_driver_init+0x0/0x38 @ 1
[   10.457026][    T1] initcall serial_pci_driver_init+0x0/0x38 returned 0 after 8 usecs
[   10.464889][    T1] calling  pericom8250_pci_driver_init+0x0/0x38 @ 1
[   10.471364][    T1] initcall pericom8250_pci_driver_init+0x0/0x38 returned 0 after 9 usecs
[   10.479664][    T1] calling  random_sysctls_init+0x0/0x48 @ 1
[   10.485437][    T1] initcall random_sysctls_init+0x0/0x48 returned 0 after 7 usecs
[   10.493038][    T1] calling  bcm2835_rng_driver_init+0x0/0x30 @ 1
[   10.499178][    T1] initcall bcm2835_rng_driver_init+0x0/0x30 returned 0 after 25 usecs
[   10.507215][    T1] calling  iproc_rng200_driver_init+0x0/0x30 @ 1
[   10.513462][    T1] iproc-rng200 107d208000.rng: hwrng registered
[   10.519585][    T1] probe of 107d208000.rng returned 0 after 6155 usecs
[   10.526239][    T1] initcall iproc_rng200_driver_init+0x0/0x30 returned 0 after 12819 usecs
[   10.534625][    T1] calling  smccc_trng_driver_init+0x0/0x30 @ 1
[   10.540661][    T1] initcall smccc_trng_driver_init+0x0/0x30 returned 0 after 6 usecs
[   10.548523][    T1] calling  vc_mem_init+0x0/0x20c @ 1
[   10.553678][    T1] vc-mem: phys_addr:0x00000000 mem_base=0x00000000 mem_size:0x00000000(0 MiB)
[   10.562437][    T1] initcall vc_mem_init+0x0/0x20c returned 0 after 8758 usecs
[   10.569690][    T1] calling  vcio_driver_init+0x0/0x30 @ 1
[   10.575226][    T1] probe of soc@107c000000:firmware:vcio returned 0 after 24 usecs
[   10.582923][    T1] initcall vcio_driver_init+0x0/0x30 returned 0 after 7728 usecs
[   10.590524][    T1] calling  rpi_gpiomem_driver_init+0x0/0x30 @ 1
[   10.596656][    T1] rpi-gpiomem 107d508500.gpiomem: window base 0x107d508500 size 0x00000040
[   10.605141][    T1] rpi-gpiomem 107d508500.gpiomem: initialised 1 regions as /dev/gpiomem1
[   10.613444][    T1] probe of 107d508500.gpiomem returned 0 after 16793 usecs
[   10.620524][    T1] rpi-gpiomem 107d517c00.gpiomem: window base 0x107d517c00 size 0x00000040
[   10.629009][    T1] rpi-gpiomem 107d517c00.gpiomem: initialised 1 regions as /dev/gpiomem2
[   10.637311][    T1] probe of 107d517c00.gpiomem returned 0 after 16791 usecs
[   10.644392][    T1] rpi-gpiomem 107d504100.gpiomem: window base 0x107d504100 size 0x00000020
[   10.652877][    T1] rpi-gpiomem 107d504100.gpiomem: initialised 1 regions as /dev/gpiomem3
[   10.661178][    T1] probe of 107d504100.gpiomem returned 0 after 16791 usecs
[   10.668258][    T1] rpi-gpiomem 107d510700.gpiomem: window base 0x107d510700 size 0x00000020
[   10.676746][    T1] rpi-gpiomem 107d510700.gpiomem: initialised 1 regions as /dev/gpiomem4
[   10.685047][    T1] probe of 107d510700.gpiomem returned 0 after 16793 usecs
[   10.692131][    T1] initcall rpi_gpiomem_driver_init+0x0/0x30 returned 0 after 95491 usecs
[   10.700430][    T1] calling  bcm2712_iommu_driver_init+0x0/0x30 @ 1
[   10.706768][    T1] probe of 1000005100.iommu returned 517 after 37 usecs
[   10.713598][    T1] probe of 1000005200.iommu returned 517 after 14 usecs
[   10.720427][    T1] probe of 1000005280.iommu returned 517 after 14 usecs
[   10.727244][    T1] initcall bcm2712_iommu_driver_init+0x0/0x30 returned 0 after 20524 usecs
[   10.735718][    T1] calling  bcm2712_iommu_cache_driver_init+0x0/0x30 @ 1
[   10.742554][    T1] bcm2712-iommu-cache 1000005b00.iommuc: bcm2712_iommu_cache_probe
[   10.750337][    T1] probe of 1000005b00.iommuc returned 0 after 7794 usecs
[   10.757243][    T1] initcall bcm2712_iommu_cache_driver_init+0x0/0x30 returned 0 after 14711 usecs
[   10.766241][    T1] calling  pkvm_pviommu_driver_init+0x0/0x30 @ 1
[   10.772457][    T1] initcall pkvm_pviommu_driver_init+0x0/0x30 returned 0 after 12 usecs
[   10.780582][    T1] calling  drm_core_init+0x0/0xd8 @ 1
[   10.785838][    T1] initcall drm_core_init+0x0/0xd8 returned 0 after 13 usecs
[   10.793002][    T1] calling  drm_display_helper_module_init+0x0/0x8 @ 1
[   10.799642][    T1] initcall drm_display_helper_module_init+0x0/0x8 returned 0 after 0 usecs
[   10.808115][    T1] calling  drm_sched_fence_slab_init+0x0/0x98 @ 1
[   10.814409][    T1] initcall drm_sched_fence_slab_init+0x0/0x98 returned 0 after 4 usecs
[   10.822534][    T1] calling  v3d_platform_driver_init+0x0/0x30 @ 1
[   10.828759][    T1] probe of 1002000000.v3d returned -517 after 1 usecs
[   10.835404][    T1] initcall v3d_platform_driver_init+0x0/0x30 returned 0 after 6666 usecs
[   10.843703][    T1] calling  vc4_drm_register+0x0/0x98 @ 1
[   10.849237][    T1] probe of 107c580000.hvs returned -517 after 9 usecs
[   10.855903][    T1] probe of 107c701400.hdmi returned 0 after 11 usecs
[   10.862464][    T1] probe of 107c706400.hdmi returned 0 after 9 usecs
[   10.869012][    T1] probe of 107c500000.mop returned 0 after 10 usecs
[   10.875487][    T1] probe of 107c501000.moplet returned 0 after 8 usecs
[   10.882161][    T1] probe of 107c410000.pixelvalve returned 0 after 8 usecs
[   10.889159][    T1] probe of 107c411000.pixelvalve returned 0 after 8 usecs
[   10.896244][    T1] probe of axi:gpu returned -517 after 10 usecs
[   10.902367][    T1] initcall vc4_drm_register+0x0/0x98 returned 0 after 53159 usecs
[   10.910055][    T1] calling  panel_simple_init+0x0/0x6c @ 1
[   10.915997][    T1] initcall panel_simple_init+0x0/0x6c returned 0 after 349 usecs
[   10.923598][    T1] calling  ili79600a_dsi_driver_init+0x0/0x30 @ 1
[   10.929891][    T1] initcall ili79600a_dsi_driver_init+0x0/0x30 returned 0 after 3 usecs
[   10.938015][    T1] calling  ili9881c_dsi_driver_init+0x0/0x30 @ 1
[   10.944222][    T1] initcall ili9881c_dsi_driver_init+0x0/0x30 returned 0 after 3 usecs
[   10.952259][    T1] calling  jdi_panel_driver_init+0x0/0x30 @ 1
[   10.958203][    T1] initcall jdi_panel_driver_init+0x0/0x30 returned 0 after 3 usecs
[   10.965978][    T1] calling  rpi_touchscreen_init+0x0/0x48 @ 1
[   10.971839][    T1] initcall rpi_touchscreen_init+0x0/0x48 returned 0 after 6 usecs
[   10.979526][    T1] calling  ws_panel_driver_init+0x0/0x30 @ 1
[   10.985383][    T1] initcall ws_panel_driver_init+0x0/0x30 returned 0 after 3 usecs
[   10.993072][    T1] calling  ws_panel_dsi_driver_init+0x0/0x30 @ 1
[   10.999280][    T1] initcall ws_panel_dsi_driver_init+0x0/0x30 returned 0 after 5 usecs
[   11.007318][    T1] calling  tc358762_driver_init+0x0/0x30 @ 1
[   11.013175][    T1] initcall tc358762_driver_init+0x0/0x30 returned 0 after 3 usecs
[   11.020862][    T1] calling  rp1dsi_platform_driver_init+0x0/0x30 @ 1
[   11.027341][    T1] initcall rp1dsi_platform_driver_init+0x0/0x30 returned 0 after 14 usecs
[   11.035728][    T1] calling  rp1dpi_platform_driver_init+0x0/0x30 @ 1
[   11.042206][    T1] initcall rp1dpi_platform_driver_init+0x0/0x30 returned 0 after 14 usecs
[   11.050593][    T1] calling  rp1vec_platform_driver_init+0x0/0x30 @ 1
[   11.057071][    T1] initcall rp1vec_platform_driver_init+0x0/0x30 returned 0 after 12 usecs
[   11.065457][    T1] calling  cn_proc_init+0x0/0x74 @ 1
[   11.070613][    T1] initcall cn_proc_init+0x0/0x74 returned 0 after 0 usecs
[   11.077602][    T1] calling  topology_sysfs_init+0x0/0x48 @ 1
[   11.083398][    T1] initcall topology_sysfs_init+0x0/0x48 returned 0 after 28 usecs
[   11.091092][    T1] calling  cacheinfo_sysfs_init+0x0/0x48 @ 1
[   11.097093][    T1] initcall cacheinfo_sysfs_init+0x0/0x48 returned 0 after 145 usecs
[   11.104956][    T1] calling  devcoredump_init+0x0/0x2c @ 1
[   11.110465][    T1] initcall devcoredump_init+0x0/0x2c returned 0 after 4 usecs
[   11.117803][    T1] calling  brd_init+0x0/0x12c @ 1
[   11.124448][    T1] brd: module loaded
[   11.128220][    T1] initcall brd_init+0x0/0x12c returned 0 after 5523 usecs
[   11.135212][    T1] calling  loop_init+0x0/0x140 @ 1
[   11.142511][    T1] loop: module loaded
[   11.146378][    T1] initcall loop_init+0x0/0x140 returned 0 after 6187 usecs
[   11.153454][    T1] calling  zram_init+0x0/0x1b0 @ 1
[   11.158524][    T1] zram: Added device: zram0
[   11.162893][    T1] initcall zram_init+0x0/0x1b0 returned 0 after 4459 usecs
[   11.169967][    T1] calling  ublk_init+0x0/0xcc @ 1
[   11.174875][    T1] initcall ublk_init+0x0/0xcc returned 0 after 15 usecs
[   11.181687][    T1] calling  rp1_pio_driver_init+0x0/0x30 @ 1
[   11.187545][    T1] initcall rp1_pio_driver_init+0x0/0x30 returned 0 after 92 usecs
[   11.195242][    T1] calling  ws2812_pio_rp1_driver_init+0x0/0x30 @ 1
[   11.201647][    T1] initcall ws2812_pio_rp1_driver_init+0x0/0x30 returned 0 after 22 usecs
[   11.209944][    T1] calling  bcm2835_pm_driver_init+0x0/0x30 @ 1
[   11.216108][    T1] bcm2835-power bcm2835-power: Broadcom BCM2835 power domains driver
[   11.224061][    T1] probe of bcm2835-power returned 0 after 7983 usecs
[   11.230637][    T1] probe of 107d200000.watchdog returned 0 after 14652 usecs
[   11.237822][    T1] initcall bcm2835_pm_driver_init+0x0/0x30 returned 0 after 21851 usecs
[   11.246033][    T1] calling  simple_mfd_i2c_driver_init+0x0/0x30 @ 1
[   11.252419][    T1] initcall simple_mfd_i2c_driver_init+0x0/0x30 returned 0 after 8 usecs
[   11.260633][    T1] calling  rp1_driver_init+0x0/0x38 @ 1
[   11.266064][    T1] initcall rp1_driver_init+0x0/0x38 returned 0 after 14 usecs
[   11.273402][    T1] calling  nd_pmem_driver_init+0x0/0x3c @ 1
[   11.279177][    T1] initcall nd_pmem_driver_init+0x0/0x3c returned 0 after 9 usecs
[   11.286776][    T1] calling  nd_btt_init+0x0/0x5c @ 1
[   11.291849][    T1] initcall nd_btt_init+0x0/0x5c returned 0 after 5 usecs
[   11.298748][    T1] calling  of_pmem_region_driver_init+0x0/0x30 @ 1
[   11.305144][    T1] initcall of_pmem_region_driver_init+0x0/0x30 returned 0 after 18 usecs
[   11.313442][    T1] calling  system_heap_create+0x0/0x114 @ 1
[   11.319241][    T1] initcall system_heap_create+0x0/0x114 returned 0 after 29 usecs
[   11.326929][    T1] calling  add_default_cma_heap+0x0/0x128 @ 1
[   11.332885][    T1] initcall add_default_cma_heap+0x0/0x128 returned 0 after 13 usecs
[   11.340749][    T1] calling  udmabuf_dev_init+0x0/0xdc @ 1
[   11.346264][    T1] initcall udmabuf_dev_init+0x0/0xdc returned 0 after 10 usecs
[   11.353688][    T1] calling  init_sd+0x0/0x1c4 @ 1
[   11.358506][    T1] initcall init_sd+0x0/0x1c4 returned 0 after 13 usecs
[   11.365233][    T1] calling  nvme_core_init+0x0/0x164 @ 1
[   11.370846][    T1] initcall nvme_core_init+0x0/0x164 returned 0 after 197 usecs
[   11.378272][    T1] calling  nvme_init+0x0/0x3c @ 1
[   11.383171][    T1] initcall nvme_init+0x0/0x3c returned 0 after 7 usecs
[   11.389896][    T1] calling  spidev_init+0x0/0xe4 @ 1
[   11.394971][    T1] initcall spidev_init+0x0/0xe4 returned 0 after 8 usecs
[   11.401871][    T1] calling  bcm2835_spi_driver_init+0x0/0x30 @ 1
[   11.408334][    T1] probe of spi10.0 returned 0 after 28 usecs
[   11.414212][    T1] probe of 107d004000.spi returned 0 after 6215 usecs
[   11.420878][    T1] initcall bcm2835_spi_driver_init+0x0/0x30 returned 0 after 12892 usecs
[   11.429180][    T1] calling  bcm2835aux_spi_driver_init+0x0/0x30 @ 1
[   11.435575][    T1] initcall bcm2835aux_spi_driver_init+0x0/0x30 returned 0 after 16 usecs
[   11.443874][    T1] calling  dw_spi_mmio_driver_init+0x0/0x30 @ 1
[   11.450026][    T1] initcall dw_spi_mmio_driver_init+0x0/0x30 returned 0 after 37 usecs
[   11.458062][    T1] calling  rp2040_gbdg_driver_init+0x0/0x30 @ 1
[   11.464184][    T1] initcall rp2040_gbdg_driver_init+0x0/0x30 returned 0 after 6 usecs
[   11.472133][    T1] calling  dummy_init_module+0x0/0x118 @ 1
[   11.477922][    T1] initcall dummy_init_module+0x0/0x118 returned 0 after 109 usecs
[   11.485611][    T1] calling  wg_mod_init+0x0/0xa0 @ 1
[   11.490697][    T1] wireguard: WireGuard 1.0.0 loaded. See www.wireguard.com for information.
[   11.499256][    T1] wireguard: Copyright (C) 2015-2019 Jason A. Donenfeld <Jason@zx2c4.com>. All Rights Reserved.
[   11.509563][    T1] initcall wg_mod_init+0x0/0xa0 returned 0 after 18885 usecs
[   11.516814][    T1] calling  ifb_init_module+0x0/0x118 @ 1
[   11.522453][    T1] initcall ifb_init_module+0x0/0x118 returned 0 after 135 usecs
[   11.529967][    T1] calling  blackhole_netdev_init+0x0/0xa0 @ 1
[   11.535915][    T1] initcall blackhole_netdev_init+0x0/0xa0 returned 0 after 5 usecs
[   11.543690][    T1] calling  phylink_init+0x0/0x48 @ 1
[   11.548845][    T1] initcall phylink_init+0x0/0x48 returned 0 after 0 usecs
[   11.555833][    T1] calling  phy_module_init+0x0/0x34 @ 1
[   11.561261][    T1] initcall phy_module_init+0x0/0x34 returned 0 after 12 usecs
[   11.568599][    T1] calling  phy_module_init+0x0/0x34 @ 1
[   11.574077][    T1] initcall phy_module_init+0x0/0x34 returned 0 after 61 usecs
[   11.581414][    T1] calling  phy_module_init+0x0/0x34 @ 1
[   11.586895][    T1] initcall phy_module_init+0x0/0x34 returned 0 after 65 usecs
[   11.594231][    T1] calling  fixed_mdio_bus_init+0x0/0x138 @ 1
[   11.600188][    T1] initcall fixed_mdio_bus_init+0x0/0x138 returned 0 after 101 usecs
[   11.608049][    T1] calling  phy_module_init+0x0/0x34 @ 1
[   11.613526][    T1] initcall phy_module_init+0x0/0x34 returned 0 after 61 usecs
[   11.620864][    T1] calling  unimac_mdio_driver_init+0x0/0x30 @ 1
[   11.627027][    T1] initcall unimac_mdio_driver_init+0x0/0x30 returned 0 after 48 usecs
[   11.635062][    T1] calling  tun_init+0x0/0x100 @ 1
[   11.639953][    T1] tun: Universal TUN/TAP device driver, 1.6
[   11.645734][    T1] initcall tun_init+0x0/0x100 returned 0 after 5780 usecs
[   11.652721][    T1] calling  veth_init+0x0/0x2c @ 1
[   11.657614][    T1] initcall veth_init+0x0/0x2c returned 0 after 0 usecs
[   11.664339][    T1] calling  macb_driver_init+0x0/0x30 @ 1
[   11.669907][    T1] initcall macb_driver_init+0x0/0x30 returned 0 after 64 usecs
[   11.677331][    T1] calling  bcmgenet_driver_init+0x0/0x30 @ 1
[   11.683215][    T1] initcall bcmgenet_driver_init+0x0/0x30 returned 0 after 31 usecs
[   11.690988][    T1] calling  bcmasp_driver_init+0x0/0x30 @ 1
[   11.696686][    T1] initcall bcmasp_driver_init+0x0/0x30 returned 0 after 19 usecs
[   11.704284][    T1] calling  brcmfmac_module_init+0x0/0x140 @ 1
[   11.710254][    T1] initcall brcmfmac_module_init+0x0/0x140 returned 0 after 29 usecs
[   11.718116][    T1] calling  uio_init+0x0/0x14c @ 1
[   11.723018][    T1] initcall uio_init+0x0/0x14c returned 0 after 8 usecs
[   11.729745][    T1] calling  vfio_init+0x0/0xb8 @ 1
[   11.734687][    T1] VFIO - User Level meta-driver version: 0.3
[   11.740542][    T1] initcall vfio_init+0x0/0xb8 returned 0 after 5904 usecs
[   11.747531][    T1] calling  vfio_iommu_type1_init+0x0/0x2c @ 1
[   11.753471][    T1] initcall vfio_iommu_type1_init+0x0/0x2c returned 0 after 0 usecs
[   11.761245][    T1] calling  vfio_platform_driver_init+0x0/0x30 @ 1
[   11.767543][    T1] initcall vfio_platform_driver_init+0x0/0x30 returned 0 after 8 usecs
[   11.775666][    T1] calling  pkvm_iommu_init+0x0/0x2c @ 1
[   11.781083][    T1] initcall pkvm_iommu_init+0x0/0x2c returned 0 after 0 usecs
[   11.788333][    T1] calling  ehci_hcd_init+0x0/0xfc @ 1
[   11.793575][    T1] initcall ehci_hcd_init+0x0/0xfc returned 0 after 0 usecs
[   11.800650][    T1] calling  ehci_pci_init+0x0/0x7c @ 1
[   11.805903][    T1] initcall ehci_pci_init+0x0/0x7c returned 0 after 11 usecs
[   11.813066][    T1] calling  ehci_platform_init+0x0/0x54 @ 1
[   11.818766][    T1] initcall ehci_platform_init+0x0/0x54 returned 0 after 22 usecs
[   11.826367][    T1] calling  xhci_hcd_init+0x0/0x44 @ 1
[   11.831616][    T1] initcall xhci_hcd_init+0x0/0x44 returned 0 after 5 usecs
[   11.838690][    T1] calling  xhci_pci_init+0x0/0x8c @ 1
[   11.843940][    T1] initcall xhci_pci_init+0x0/0x8c returned 0 after 7 usecs
[   11.851015][    T1] calling  xhci_plat_init+0x0/0x44 @ 1
[   11.856379][    T1] initcall xhci_plat_init+0x0/0x44 returned 0 after 33 usecs
[   11.863629][    T1] calling  dwc_otg_driver_init+0x0/0x140 @ 1
[   11.869481][    T1] dwc_otg: version 3.00a 10-AUG-2012 (platform bus)
[   11.875960][    T1] dwc_otg: FIQ enabled
[   11.879891][    T1] dwc_otg: NAK holdoff enabled
[   11.884520][    T1] dwc_otg: FIQ split-transaction FSM enabled
[   11.890372][    T1] initcall dwc_otg_driver_init+0x0/0x140 returned 0 after 20890 usecs
[   11.898407][    T1] calling  dwc_common_port_init_module+0x0/0x74 @ 1
[   11.904872][    T1] Module dwc_common_port init
[   11.909444][    T1] initcall dwc_common_port_init_module+0x0/0x74 returned 0 after 4571 usecs
[   11.918004][    T1] calling  dwc3_driver_init+0x0/0x30 @ 1
[   11.923525][    T1] initcall dwc3_driver_init+0x0/0x30 returned 0 after 17 usecs
[   11.930949][    T1] calling  dwc3_haps_driver_init+0x0/0x38 @ 1
[   11.936897][    T1] initcall dwc3_haps_driver_init+0x0/0x38 returned 0 after 7 usecs
[   11.944670][    T1] calling  dwc3_of_simple_driver_init+0x0/0x30 @ 1
[   11.951073][    T1] initcall dwc3_of_simple_driver_init+0x0/0x30 returned 0 after 25 usecs
[   11.959370][    T1] calling  dwc2_platform_driver_init+0x0/0x30 @ 1
[   11.965724][    T1] probe of 1000480000.usb returned -517 after 1 usecs
[   11.972381][    T1] initcall dwc2_platform_driver_init+0x0/0x30 returned 0 after 6722 usecs
[   11.980766][    T1] calling  acm_init+0x0/0x11c @ 1
[   11.985682][    T1] usbcore: registered new interface driver cdc_acm
[   11.992058][    T1] cdc_acm: USB Abstract Control Model driver for USB modems and ISDN adapters
[   12.000789][    T1] initcall acm_init+0x0/0x11c returned 0 after 15126 usecs
[   12.007863][    T1] calling  usblp_driver_init+0x0/0x38 @ 1
[   12.013461][    T1] usbcore: registered new interface driver usblp
[   12.019664][    T1] initcall usblp_driver_init+0x0/0x38 returned 0 after 6210 usecs
[   12.027350][    T1] calling  uas_init+0x0/0x74 @ 1
[   12.032190][    T1] usbcore: registered new interface driver uas
[   12.038218][    T1] initcall uas_init+0x0/0x74 returned 0 after 6062 usecs
[   12.045118][    T1] calling  usb_storage_driver_init+0x0/0x58 @ 1
[   12.051245][    T1] usbcore: registered new interface driver usb-storage
[   12.057970][    T1] initcall usb_storage_driver_init+0x0/0x58 returned 0 after 6735 usecs
[   12.066179][    T1] calling  usb_serial_init+0x0/0x184 @ 1
[   12.071713][    T1] usbcore: registered new interface driver usbserial_generic
[   12.078965][    T1] usbserial: USB Serial support registered for generic
[   12.085696][    T1] initcall usb_serial_init+0x0/0x184 returned 0 after 14012 usecs
[   12.093382][    T1] calling  usb_serial_module_init+0x0/0x3c @ 1
[   12.099414][    T1] usbcore: registered new interface driver ch341
[   12.105618][    T1] usbserial: USB Serial support registered for ch341-uart
[   12.112605][    T1] initcall usb_serial_module_init+0x0/0x3c returned 0 after 13195 usecs
[   12.120815][    T1] calling  usb_serial_module_init+0x0/0x40 @ 1
[   12.126846][    T1] usbcore: registered new interface driver cp210x
[   12.133137][    T1] usbserial: USB Serial support registered for cp210x
[   12.139774][    T1] initcall usb_serial_module_init+0x0/0x40 returned 0 after 12932 usecs
[   12.147984][    T1] calling  usb_serial_module_init+0x0/0x40 @ 1
[   12.154018][    T1] usbcore: registered new interface driver pl2303
[   12.160309][    T1] usbserial: USB Serial support registered for pl2303
[   12.166946][    T1] initcall usb_serial_module_init+0x0/0x40 returned 0 after 12935 usecs
[   12.175155][    T1] calling  brcmstb_usb_pinmap_init+0x0/0x38 @ 1
[   12.181292][    T1] initcall brcmstb_usb_pinmap_init+0x0/0x38 returned -19 after 22 usecs
[   12.189504][    T1] calling  gadget_cfs_init+0x0/0x6c @ 1
[   12.194948][    T1] initcall gadget_cfs_init+0x0/0x6c returned 0 after 27 usecs
[   12.202288][    T1] calling  acmmod_init+0x0/0x2c @ 1
[   12.207357][    T1] initcall acmmod_init+0x0/0x2c returned 0 after 0 usecs
[   12.214257][    T1] calling  userial_init+0x0/0x144 @ 1
[   12.219501][    T1] initcall userial_init+0x0/0x144 returned 0 after 1 usecs
[   12.226576][    T1] calling  gsermod_init+0x0/0x2c @ 1
[   12.231732][    T1] initcall gsermod_init+0x0/0x2c returned 0 after 0 usecs
[   12.238719][    T1] calling  ncmmod_init+0x0/0x2c @ 1
[   12.243788][    T1] initcall ncmmod_init+0x0/0x2c returned 0 after 0 usecs
[   12.250688][    T1] calling  ecmmod_init+0x0/0x2c @ 1
[   12.255756][    T1] initcall ecmmod_init+0x0/0x2c returned 0 after 0 usecs
[   12.262656][    T1] calling  eemmod_init+0x0/0x2c @ 1
[   12.267725][    T1] initcall eemmod_init+0x0/0x2c returned 0 after 0 usecs
[   12.274625][    T1] calling  rndismod_init+0x0/0x2c @ 1
[   12.279868][    T1] initcall rndismod_init+0x0/0x2c returned 0 after 0 usecs
[   12.286942][    T1] calling  mass_storagemod_init+0x0/0x30 @ 1
[   12.292796][    T1] initcall mass_storagemod_init+0x0/0x30 returned 0 after 0 usecs
[   12.300484][    T1] calling  ffsmod_init+0x0/0x30 @ 1
[   12.305553][    T1] initcall ffsmod_init+0x0/0x30 returned 0 after 0 usecs
[   12.312453][    T1] calling  uac2mod_init+0x0/0x30 @ 1
[   12.317608][    T1] initcall uac2mod_init+0x0/0x30 returned 0 after 0 usecs
[   12.324596][    T1] calling  uvcmod_init+0x0/0x2c @ 1
[   12.329663][    T1] initcall uvcmod_init+0x0/0x2c returned 0 after 0 usecs
[   12.336563][    T1] calling  midimod_init+0x0/0x2c @ 1
[   12.341717][    T1] initcall midimod_init+0x0/0x2c returned 0 after 0 usecs
[   12.348704][    T1] calling  hidmod_init+0x0/0x2c @ 1
[   12.353772][    T1] initcall hidmod_init+0x0/0x2c returned 0 after 0 usecs
[   12.360673][    T1] calling  accessorymod_init+0x0/0x2c @ 1
[   12.366264][    T1] initcall accessorymod_init+0x0/0x2c returned 0 after 0 usecs
[   12.373687][    T1] calling  serport_init+0x0/0x64 @ 1
[   12.378842][    T1] initcall serport_init+0x0/0x64 returned 0 after 0 usecs
[   12.385829][    T1] calling  input_leds_init+0x0/0x2c @ 1
[   12.391247][    T1] initcall input_leds_init+0x0/0x2c returned 0 after 0 usecs
[   12.398496][    T1] calling  evdev_init+0x0/0x2c @ 1
[   12.403476][    T1] initcall evdev_init+0x0/0x2c returned 0 after 0 usecs
[   12.410289][    T1] calling  xpad_driver_init+0x0/0x38 @ 1
[   12.415799][    T1] usbcore: registered new interface driver xpad
[   12.421912][    T1] initcall xpad_driver_init+0x0/0x38 returned 0 after 6120 usecs
[   12.429511][    T1] calling  ads7846_driver_init+0x0/0x30 @ 1
[   12.435282][    T1] initcall ads7846_driver_init+0x0/0x30 returned 0 after 5 usecs
[   12.442881][    T1] calling  edt_ft5x06_ts_driver_init+0x0/0x30 @ 1
[   12.449175][    T1] initcall edt_ft5x06_ts_driver_init+0x0/0x30 returned 0 after 4 usecs
[   12.457297][    T1] calling  goodix_ts_driver_init+0x0/0x30 @ 1
[   12.463242][    T1] initcall goodix_ts_driver_init+0x0/0x30 returned 0 after 5 usecs
[   12.471016][    T1] calling  ili210x_ts_driver_init+0x0/0x34 @ 1
[   12.477048][    T1] initcall ili210x_ts_driver_init+0x0/0x34 returned 0 after 5 usecs
[   12.484909][    T1] calling  ili_v3_ts_driver_init+0x0/0x30 @ 1
[   12.490852][    T1] initcall ili_v3_ts_driver_init+0x0/0x30 returned 0 after 3 usecs
[   12.498625][    T1] calling  usbtouch_driver_init+0x0/0x3c @ 1
[   12.504484][    T1] usbcore: registered new interface driver usbtouchscreen
[   12.511470][    T1] initcall usbtouch_driver_init+0x0/0x3c returned 0 after 6992 usecs
[   12.519418][    T1] calling  rpi_ts_driver_init+0x0/0x30 @ 1
[   12.525112][    T1] initcall rpi_ts_driver_init+0x0/0x30 returned 0 after 16 usecs
[   12.532713][    T1] calling  uinput_misc_init+0x0/0x2c @ 1
[   12.538231][    T1] initcall uinput_misc_init+0x0/0x2c returned 0 after 14 usecs
[   12.545656][    T1] calling  brcmstb_waketmr_driver_init+0x0/0x30 @ 1
[   12.552135][    T1] initcall brcmstb_waketmr_driver_init+0x0/0x30 returned 0 after 14 usecs
[   12.560519][    T1] calling  rpi_rtc_driver_init+0x0/0x30 @ 1
[   12.573756][    T1] probe of alarmtimer.0.auto returned 0 after 5 usecs
[   12.580415][    T1] rpi-rtc soc@107c000000:rpi_rtc: registered as rtc0
[   12.588340][    T1] rpi-rtc soc@107c000000:rpi_rtc: setting system clock to 1970-01-01T00:00:31 UTC (31)
[   12.597866][    T1] probe of soc@107c000000:rpi_rtc returned 0 after 31574 usecs
[   12.605300][    T1] initcall rpi_rtc_driver_init+0x0/0x30 returned 0 after 39016 usecs
[   12.613250][    T1] calling  i2c_dev_init+0x0/0xd4 @ 1
[   12.618405][    T1] i2c_dev: i2c /dev entries driver
[   12.623388][    T1] initcall i2c_dev_init+0x0/0xd4 returned 0 after 4983 usecs
[   12.630638][    T1] calling  bcm2708_i2c_init+0x0/0x30 @ 1
[   12.636159][    T1] initcall bcm2708_i2c_init+0x0/0x30 returned 0 after 16 usecs
[   12.643585][    T1] calling  brcmstb_i2c_driver_init+0x0/0x30 @ 1
[   12.649789][    T1] brcmstb-i2c 107d508200.i2c:  @97500hz registered in interrupt mode
[   12.657745][    T1] probe of 107d508200.i2c returned 0 after 8036 usecs
[   12.664443][    T1] brcmstb-i2c 107d508280.i2c:  @97500hz registered in interrupt mode
[   12.672397][    T1] probe of 107d508280.i2c returned 0 after 8011 usecs
[   12.679051][    T1] initcall brcmstb_i2c_driver_init+0x0/0x30 returned 0 after 29350 usecs
[   12.687351][    T1] calling  i2c_mux_pinctrl_driver_init+0x0/0x30 @ 1
[   12.693830][    T1] initcall i2c_mux_pinctrl_driver_init+0x0/0x30 returned 0 after 14 usecs
[   12.702216][    T1] calling  ak7375_i2c_driver_init+0x0/0x30 @ 1
[   12.708251][    T1] initcall ak7375_i2c_driver_init+0x0/0x30 returned 0 after 4 usecs
[   12.716114][    T1] calling  bu64754_i2c_driver_init+0x0/0x30 @ 1
[   12.722232][    T1] initcall bu64754_i2c_driver_init+0x0/0x30 returned 0 after 3 usecs
[   12.730181][    T1] calling  dw9807_i2c_driver_init+0x0/0x30 @ 1
[   12.736215][    T1] initcall dw9807_i2c_driver_init+0x0/0x30 returned 0 after 5 usecs
[   12.744078][    T1] calling  imx219_i2c_driver_init+0x0/0x30 @ 1
[   12.750109][    T1] initcall imx219_i2c_driver_init+0x0/0x30 returned 0 after 3 usecs
[   12.757971][    T1] calling  imx296_i2c_driver_init+0x0/0x30 @ 1
[   12.764003][    T1] initcall imx296_i2c_driver_init+0x0/0x30 returned 0 after 3 usecs
[   12.771865][    T1] calling  imx477_i2c_driver_init+0x0/0x30 @ 1
[   12.777896][    T1] initcall imx477_i2c_driver_init+0x0/0x30 returned 0 after 3 usecs
[   12.785757][    T1] calling  imx500_driver_init+0x0/0x7c @ 1
[   12.791444][    T1] initcall imx500_driver_init+0x0/0x7c returned 0 after 6 usecs
[   12.798955][    T1] calling  imx519_i2c_driver_init+0x0/0x30 @ 1
[   12.804987][    T1] initcall imx519_i2c_driver_init+0x0/0x30 returned 0 after 3 usecs
[   12.812849][    T1] calling  imx708_i2c_driver_init+0x0/0x30 @ 1
[   12.818882][    T1] initcall imx708_i2c_driver_init+0x0/0x30 returned 0 after 4 usecs
[   12.826743][    T1] calling  ir_kbd_driver_init+0x0/0x30 @ 1
[   12.832428][    T1] initcall ir_kbd_driver_init+0x0/0x30 returned 0 after 4 usecs
[   12.839942][    T1] calling  ov5647_driver_init+0x0/0x30 @ 1
[   12.845624][    T1] initcall ov5647_driver_init+0x0/0x30 returned 0 after 3 usecs
[   12.853135][    T1] calling  ov64a40_i2c_driver_init+0x0/0x34 @ 1
[   12.859253][    T1] initcall ov64a40_i2c_driver_init+0x0/0x34 returned 0 after 3 usecs
[   12.867201][    T1] calling  init_rc_map_adstech_dvb_t_pci+0x0/0x2c @ 1
[   12.873840][    T1] initcall init_rc_map_adstech_dvb_t_pci+0x0/0x2c returned 0 after 0 usecs
[   12.882312][    T1] calling  init_rc_map_alink_dtu_m+0x0/0x2c @ 1
[   12.888426][    T1] initcall init_rc_map_alink_dtu_m+0x0/0x2c returned 0 after 0 usecs
[   12.896375][    T1] calling  init_rc_map_anysee+0x0/0x2c @ 1
[   12.902053][    T1] initcall init_rc_map_anysee+0x0/0x2c returned 0 after 0 usecs
[   12.909564][    T1] calling  init_rc_map_apac_viewcomp+0x0/0x2c @ 1
[   12.915853][    T1] initcall init_rc_map_apac_viewcomp+0x0/0x2c returned 0 after 0 usecs
[   12.923975][    T1] calling  init_rc_map_t2hybrid+0x0/0x2c @ 1
[   12.929828][    T1] initcall init_rc_map_t2hybrid+0x0/0x2c returned 0 after 0 usecs
[   12.937514][    T1] calling  init_rc_map_asus_pc39+0x0/0x2c @ 1
[   12.943454][    T1] initcall init_rc_map_asus_pc39+0x0/0x2c returned 0 after 0 usecs
[   12.951227][    T1] calling  init_rc_map_asus_ps3_100+0x0/0x2c @ 1
[   12.957429][    T1] initcall init_rc_map_asus_ps3_100+0x0/0x2c returned 0 after 0 usecs
[   12.965465][    T1] calling  init_rc_map_ati_tv_wonder_hd_600+0x0/0x2c @ 1
[   12.972365][    T1] initcall init_rc_map_ati_tv_wonder_hd_600+0x0/0x2c returned 0 after 0 usecs
[   12.981098][    T1] calling  init_rc_map_ati_x10+0x0/0x2c @ 1
[   12.986863][    T1] initcall init_rc_map_ati_x10+0x0/0x2c returned 0 after 0 usecs
[   12.994462][    T1] calling  init_rc_map_avermedia_a16d+0x0/0x2c @ 1
[   13.000839][    T1] initcall init_rc_map_avermedia_a16d+0x0/0x2c returned 0 after 0 usecs
[   13.009048][    T1] calling  init_rc_map_avermedia_cardbus+0x0/0x2c @ 1
[   13.015686][    T1] initcall init_rc_map_avermedia_cardbus+0x0/0x2c returned 0 after 0 usecs
[   13.024157][    T1] calling  init_rc_map_avermedia_dvbt+0x0/0x2c @ 1
[   13.030534][    T1] initcall init_rc_map_avermedia_dvbt+0x0/0x2c returned 0 after 0 usecs
[   13.038743][    T1] calling  init_rc_map_avermedia_m135a+0x0/0x2c @ 1
[   13.045209][    T1] initcall init_rc_map_avermedia_m135a+0x0/0x2c returned 0 after 0 usecs
[   13.053506][    T1] calling  init_rc_map_avermedia_m733a_rm_k6+0x0/0x2c @ 1
[   13.060494][    T1] initcall init_rc_map_avermedia_m733a_rm_k6+0x0/0x2c returned 0 after 0 usecs
[   13.069314][    T1] calling  init_rc_map_avermedia+0x0/0x2c @ 1
[   13.075261][    T1] initcall init_rc_map_avermedia+0x0/0x2c returned 0 after 4 usecs
[   13.083035][    T1] calling  init_rc_map_avermedia_rm_ks+0x0/0x2c @ 1
[   13.089499][    T1] initcall init_rc_map_avermedia_rm_ks+0x0/0x2c returned 0 after 0 usecs
[   13.097796][    T1] calling  init_rc_map_avertv_303+0x0/0x2c @ 1
[   13.103824][    T1] initcall init_rc_map_avertv_303+0x0/0x2c returned 0 after 0 usecs
[   13.111684][    T1] calling  init_rc_map_azurewave_ad_tu700+0x0/0x2c @ 1
[   13.118410][    T1] initcall init_rc_map_azurewave_ad_tu700+0x0/0x2c returned 0 after 0 usecs
[   13.126969][    T1] calling  init_rc_map_beelink_gs1+0x0/0x2c @ 1
[   13.133083][    T1] initcall init_rc_map_beelink_gs1+0x0/0x2c returned 0 after 0 usecs
[   13.141033][    T1] calling  init_rc_map_beelink_mxiii+0x0/0x2c @ 1
[   13.147323][    T1] initcall init_rc_map_beelink_mxiii+0x0/0x2c returned 0 after 0 usecs
[   13.155445][    T1] calling  init_rc_map_behold_columbus+0x0/0x2c @ 1
[   13.161908][    T1] initcall init_rc_map_behold_columbus+0x0/0x2c returned 0 after 0 usecs
[   13.170205][    T1] calling  init_rc_map_behold+0x0/0x2c @ 1
[   13.175883][    T1] initcall init_rc_map_behold+0x0/0x2c returned 0 after 0 usecs
[   13.183394][    T1] calling  init_rc_map_budget_ci_old+0x0/0x2c @ 1
[   13.189684][    T1] initcall init_rc_map_budget_ci_old+0x0/0x2c returned 0 after 0 usecs
[   13.197806][    T1] calling  init_rc_map_cinergy_1400+0x0/0x2c @ 1
[   13.204009][    T1] initcall init_rc_map_cinergy_1400+0x0/0x2c returned 0 after 0 usecs
[   13.212045][    T1] calling  init_rc_map_cinergy+0x0/0x2c @ 1
[   13.217810][    T1] initcall init_rc_map_cinergy+0x0/0x2c returned 0 after 0 usecs
[   13.225409][    T1] calling  init_rc_map_ct_90405+0x0/0x2c @ 1
[   13.231262][    T1] initcall init_rc_map_ct_90405+0x0/0x2c returned 0 after 0 usecs
[   13.238948][    T1] calling  init_rc_map_d680_dmb+0x0/0x2c @ 1
[   13.244801][    T1] initcall init_rc_map_d680_dmb+0x0/0x2c returned 0 after 0 usecs
[   13.252487][    T1] calling  init_rc_map_delock_61959+0x0/0x2c @ 1
[   13.258689][    T1] initcall init_rc_map_delock_61959+0x0/0x2c returned 0 after 0 usecs
[   13.266724][    T1] calling  init_rc_map+0x0/0x2c @ 1
[   13.271799][    T1] initcall init_rc_map+0x0/0x2c returned 0 after 4 usecs
[   13.278700][    T1] calling  init_rc_map+0x0/0x2c @ 1
[   13.283767][    T1] initcall init_rc_map+0x0/0x2c returned 0 after 0 usecs
[   13.290667][    T1] calling  init_rc_map_digitalnow_tinytwin+0x0/0x2c @ 1
[   13.297480][    T1] initcall init_rc_map_digitalnow_tinytwin+0x0/0x2c returned 0 after 0 usecs
[   13.306126][    T1] calling  init_rc_map_digittrade+0x0/0x2c @ 1
[   13.312154][    T1] initcall init_rc_map_digittrade+0x0/0x2c returned 0 after 0 usecs
[   13.320015][    T1] calling  init_rc_map_dm1105_nec+0x0/0x2c @ 1
[   13.326042][    T1] initcall init_rc_map_dm1105_nec+0x0/0x2c returned 0 after 0 usecs
[   13.333903][    T1] calling  init_rc_map_dntv_live_dvb_t+0x0/0x2c @ 1
[   13.340368][    T1] initcall init_rc_map_dntv_live_dvb_t+0x0/0x2c returned 0 after 0 usecs
[   13.348664][    T1] calling  init_rc_map_dntv_live_dvbt_pro+0x0/0x2c @ 1
[   13.355390][    T1] initcall init_rc_map_dntv_live_dvbt_pro+0x0/0x2c returned 0 after 0 usecs
[   13.363949][    T1] calling  init_rc_map_dreambox+0x0/0x2c @ 1
[   13.369802][    T1] initcall init_rc_map_dreambox+0x0/0x2c returned 0 after 0 usecs
[   13.377487][    T1] calling  init_rc_map_dtt200u+0x0/0x2c @ 1
[   13.383253][    T1] initcall init_rc_map_dtt200u+0x0/0x2c returned 0 after 0 usecs
[   13.390852][    T1] calling  init_rc_map_rc5_dvbsky+0x0/0x2c @ 1
[   13.396879][    T1] initcall init_rc_map_rc5_dvbsky+0x0/0x2c returned 0 after 0 usecs
[   13.404740][    T1] calling  init_rc_map_dvico_mce+0x0/0x2c @ 1
[   13.410680][    T1] initcall init_rc_map_dvico_mce+0x0/0x2c returned 0 after 0 usecs
[   13.418454][    T1] calling  init_rc_map_dvico_portable+0x0/0x2c @ 1
[   13.424831][    T1] initcall init_rc_map_dvico_portable+0x0/0x2c returned 0 after 0 usecs
[   13.433041][    T1] calling  init_rc_map_em_terratec+0x0/0x2c @ 1
[   13.439155][    T1] initcall init_rc_map_em_terratec+0x0/0x2c returned 0 after 0 usecs
[   13.447103][    T1] calling  init_rc_map_encore_enltv2+0x0/0x2c @ 1
[   13.453393][    T1] initcall init_rc_map_encore_enltv2+0x0/0x2c returned 0 after 0 usecs
[   13.461516][    T1] calling  init_rc_map_encore_enltv_fm53+0x0/0x2c @ 1
[   13.468155][    T1] initcall init_rc_map_encore_enltv_fm53+0x0/0x2c returned 0 after 0 usecs
[   13.476626][    T1] calling  init_rc_map_encore_enltv+0x0/0x2c @ 1
[   13.482829][    T1] initcall init_rc_map_encore_enltv+0x0/0x2c returned 0 after 0 usecs
[   13.490864][    T1] calling  init_rc_map_evga_indtube+0x0/0x2c @ 1
[   13.497066][    T1] initcall init_rc_map_evga_indtube+0x0/0x2c returned 0 after 0 usecs
[   13.505101][    T1] calling  init_rc_map_eztv+0x0/0x2c @ 1
[   13.510605][    T1] initcall init_rc_map_eztv+0x0/0x2c returned 0 after 0 usecs
[   13.517942][    T1] calling  init_rc_map_flydvb+0x0/0x2c @ 1
[   13.523620][    T1] initcall init_rc_map_flydvb+0x0/0x2c returned 0 after 0 usecs
[   13.531132][    T1] calling  init_rc_map_flyvideo+0x0/0x2c @ 1
[   13.536986][    T1] initcall init_rc_map_flyvideo+0x0/0x2c returned 0 after 0 usecs
[   13.544672][    T1] calling  init_rc_map_fusionhdtv_mce+0x0/0x2c @ 1
[   13.551048][    T1] initcall init_rc_map_fusionhdtv_mce+0x0/0x2c returned 0 after 0 usecs
[   13.559260][    T1] calling  init_rc_map_gadmei_rm008z+0x0/0x2c @ 1
[   13.565550][    T1] initcall init_rc_map_gadmei_rm008z+0x0/0x2c returned 0 after 0 usecs
[   13.573672][    T1] calling  init_rc_map_geekbox+0x0/0x2c @ 1
[   13.579438][    T1] initcall init_rc_map_geekbox+0x0/0x2c returned 0 after 0 usecs
[   13.587037][    T1] calling  init_rc_map_genius_tvgo_a11mce+0x0/0x2c @ 1
[   13.593763][    T1] initcall init_rc_map_genius_tvgo_a11mce+0x0/0x2c returned 0 after 0 usecs
[   13.602322][    T1] calling  init_rc_map_gotview7135+0x0/0x2c @ 1
[   13.608437][    T1] initcall init_rc_map_gotview7135+0x0/0x2c returned 0 after 0 usecs
[   13.616384][    T1] calling  init_rc_map_rc5_hauppauge_new+0x0/0x2c @ 1
[   13.623023][    T1] initcall init_rc_map_rc5_hauppauge_new+0x0/0x2c returned 0 after 0 usecs
[   13.631495][    T1] calling  init_rc_map_hisi_poplar+0x0/0x2c @ 1
[   13.637610][    T1] initcall init_rc_map_hisi_poplar+0x0/0x2c returned 0 after 0 usecs
[   13.645558][    T1] calling  init_rc_map_hisi_tv_demo+0x0/0x2c @ 1
[   13.651761][    T1] initcall init_rc_map_hisi_tv_demo+0x0/0x2c returned 0 after 0 usecs
[   13.659797][    T1] calling  init_rc_map_imon_mce+0x0/0x2c @ 1
[   13.665650][    T1] initcall init_rc_map_imon_mce+0x0/0x2c returned 0 after 0 usecs
[   13.673336][    T1] calling  init_rc_map_imon_pad+0x0/0x2c @ 1
[   13.679189][    T1] initcall init_rc_map_imon_pad+0x0/0x2c returned 0 after 0 usecs
[   13.686875][    T1] calling  init_rc_map_imon_rsc+0x0/0x2c @ 1
[   13.692729][    T1] initcall init_rc_map_imon_rsc+0x0/0x2c returned 0 after 0 usecs
[   13.700415][    T1] calling  init_rc_map_iodata_bctv7e+0x0/0x2c @ 1
[   13.706705][    T1] initcall init_rc_map_iodata_bctv7e+0x0/0x2c returned 0 after 0 usecs
[   13.714828][    T1] calling  init_rc_it913x_v1_map+0x0/0x2c @ 1
[   13.720768][    T1] initcall init_rc_it913x_v1_map+0x0/0x2c returned 0 after 0 usecs
[   13.728542][    T1] calling  init_rc_it913x_v2_map+0x0/0x2c @ 1
[   13.734482][    T1] initcall init_rc_it913x_v2_map+0x0/0x2c returned 0 after 0 usecs
[   13.742256][    T1] calling  init_rc_map_kaiomy+0x0/0x2c @ 1
[   13.747934][    T1] initcall init_rc_map_kaiomy+0x0/0x2c returned 0 after 0 usecs
[   13.755446][    T1] calling  init_rc_map_khadas+0x0/0x2c @ 1
[   13.761125][    T1] initcall init_rc_map_khadas+0x0/0x2c returned 0 after 0 usecs
[   13.768636][    T1] calling  init_rc_map_khamsin+0x0/0x2c @ 1
[   13.774402][    T1] initcall init_rc_map_khamsin+0x0/0x2c returned 0 after 0 usecs
[   13.782001][    T1] calling  init_rc_map_kworld_315u+0x0/0x2c @ 1
[   13.788116][    T1] initcall init_rc_map_kworld_315u+0x0/0x2c returned 0 after 0 usecs
[   13.796064][    T1] calling  init_rc_map_kworld_pc150u+0x0/0x2c @ 1
[   13.802354][    T1] initcall init_rc_map_kworld_pc150u+0x0/0x2c returned 0 after 0 usecs
[   13.810476][    T1] calling  init_rc_map_kworld_plus_tv_analog+0x0/0x2c @ 1
[   13.817464][    T1] initcall init_rc_map_kworld_plus_tv_analog+0x0/0x2c returned 0 after 0 usecs
[   13.826285][    T1] calling  init_rc_map_leadtek_y04g0051+0x0/0x2c @ 1
[   13.832836][    T1] initcall init_rc_map_leadtek_y04g0051+0x0/0x2c returned 0 after 0 usecs
[   13.841222][    T1] calling  init_rc_lme2510_map+0x0/0x2c @ 1
[   13.846989][    T1] initcall init_rc_lme2510_map+0x0/0x2c returned 0 after 0 usecs
[   13.854588][    T1] calling  init_rc_map_manli+0x0/0x2c @ 1
[   13.860179][    T1] initcall init_rc_map_manli+0x0/0x2c returned 0 after 0 usecs
[   13.867604][    T1] calling  init_rc_map_mecool_kiii_pro+0x0/0x2c @ 1
[   13.874068][    T1] initcall init_rc_map_mecool_kiii_pro+0x0/0x2c returned 0 after 0 usecs
[   13.882365][    T1] calling  init_rc_map_mecool_kii_pro+0x0/0x2c @ 1
[   13.888742][    T1] initcall init_rc_map_mecool_kii_pro+0x0/0x2c returned 0 after 0 usecs
[   13.896952][    T1] calling  init_rc_map_medion_x10_digitainer+0x0/0x2c @ 1
[   13.903940][    T1] initcall init_rc_map_medion_x10_digitainer+0x0/0x2c returned 0 after 0 usecs
[   13.912761][    T1] calling  init_rc_map_medion_x10+0x0/0x2c @ 1
[   13.918789][    T1] initcall init_rc_map_medion_x10+0x0/0x2c returned 0 after 0 usecs
[   13.926649][    T1] calling  init_rc_map_medion_x10_or2x+0x0/0x2c @ 1
[   13.933114][    T1] initcall init_rc_map_medion_x10_or2x+0x0/0x2c returned 0 after 0 usecs
[   13.941411][    T1] calling  init_rc_map_minix_neo+0x0/0x2c @ 1
[   13.947353][    T1] initcall init_rc_map_minix_neo+0x0/0x2c returned 0 after 0 usecs
[   13.955126][    T1] calling  init_rc_map_msi_digivox_iii+0x0/0x2c @ 1
[   13.961590][    T1] initcall init_rc_map_msi_digivox_iii+0x0/0x2c returned 0 after 0 usecs
[   13.969888][    T1] calling  init_rc_map_msi_digivox_ii+0x0/0x2c @ 1
[   13.976265][    T1] initcall init_rc_map_msi_digivox_ii+0x0/0x2c returned 0 after 0 usecs
[   13.984475][    T1] calling  init_rc_map_msi_tvanywhere+0x0/0x2c @ 1
[   13.990852][    T1] initcall init_rc_map_msi_tvanywhere+0x0/0x2c returned 0 after 0 usecs
[   13.999062][    T1] calling  init_rc_map_msi_tvanywhere_plus+0x0/0x2c @ 1
[   14.005876][    T1] initcall init_rc_map_msi_tvanywhere_plus+0x0/0x2c returned 0 after 0 usecs
[   14.014522][    T1] calling  init_rc_map_mygica_utv3+0x0/0x2c @ 1
[   14.020637][    T1] initcall init_rc_map_mygica_utv3+0x0/0x2c returned 0 after 0 usecs
[   14.028585][    T1] calling  init_rc_map_nebula+0x0/0x2c @ 1
[   14.034268][    T1] initcall init_rc_map_nebula+0x0/0x2c returned 0 after 3 usecs
[   14.041780][    T1] calling  init_rc_map_nec_terratec_cinergy_xs+0x0/0x2c @ 1
[   14.048943][    T1] initcall init_rc_map_nec_terratec_cinergy_xs+0x0/0x2c returned 0 after 0 usecs
[   14.057939][    T1] calling  init_rc_map_norwood+0x0/0x2c @ 1
[   14.063710][    T1] initcall init_rc_map_norwood+0x0/0x2c returned 0 after 2 usecs
[   14.071310][    T1] calling  init_rc_map_npgtech+0x0/0x2c @ 1
[   14.077076][    T1] initcall init_rc_map_npgtech+0x0/0x2c returned 0 after 0 usecs
[   14.084675][    T1] calling  init_rc_map_odroid+0x0/0x2c @ 1
[   14.090354][    T1] initcall init_rc_map_odroid+0x0/0x2c returned 0 after 0 usecs
[   14.097866][    T1] calling  init_rc_map_pctv_sedna+0x0/0x2c @ 1
[   14.103894][    T1] initcall init_rc_map_pctv_sedna+0x0/0x2c returned 0 after 0 usecs
[   14.111756][    T1] calling  init_rc_map_pine64+0x0/0x2c @ 1
[   14.117434][    T1] initcall init_rc_map_pine64+0x0/0x2c returned 0 after 0 usecs
[   14.124946][    T1] calling  init_rc_map_pinnacle_color+0x0/0x2c @ 1
[   14.131323][    T1] initcall init_rc_map_pinnacle_color+0x0/0x2c returned 0 after 0 usecs
[   14.139533][    T1] calling  init_rc_map_pinnacle_grey+0x0/0x2c @ 1
[   14.145823][    T1] initcall init_rc_map_pinnacle_grey+0x0/0x2c returned 0 after 0 usecs
[   14.153945][    T1] calling  init_rc_map_pinnacle_pctv_hd+0x0/0x2c @ 1
[   14.160498][    T1] initcall init_rc_map_pinnacle_pctv_hd+0x0/0x2c returned 0 after 0 usecs
[   14.168883][    T1] calling  init_rc_map_pixelview+0x0/0x2c @ 1
[   14.174824][    T1] initcall init_rc_map_pixelview+0x0/0x2c returned 0 after 0 usecs
[   14.182597][    T1] calling  init_rc_map_pixelview+0x0/0x2c @ 1
[   14.188538][    T1] initcall init_rc_map_pixelview+0x0/0x2c returned 0 after 0 usecs
[   14.196311][    T1] calling  init_rc_map_pixelview_new+0x0/0x2c @ 1
[   14.202601][    T1] initcall init_rc_map_pixelview_new+0x0/0x2c returned 0 after 0 usecs
[   14.210724][    T1] calling  init_rc_map_pixelview+0x0/0x2c @ 1
[   14.216664][    T1] initcall init_rc_map_pixelview+0x0/0x2c returned 0 after 0 usecs
[   14.224438][    T1] calling  init_rc_map_powercolor_real_angel+0x0/0x2c @ 1
[   14.231427][    T1] initcall init_rc_map_powercolor_real_angel+0x0/0x2c returned 0 after 0 usecs
[   14.240248][    T1] calling  init_rc_map_proteus_2309+0x0/0x2c @ 1
[   14.246450][    T1] initcall init_rc_map_proteus_2309+0x0/0x2c returned 0 after 0 usecs
[   14.254486][    T1] calling  init_rc_map_purpletv+0x0/0x2c @ 1
[   14.260340][    T1] initcall init_rc_map_purpletv+0x0/0x2c returned 0 after 0 usecs
[   14.268027][    T1] calling  init_rc_map_pv951+0x0/0x2c @ 1
[   14.273619][    T1] initcall init_rc_map_pv951+0x0/0x2c returned 0 after 0 usecs
[   14.281043][    T1] calling  init_rc_map_rc6_mce+0x0/0x2c @ 1
[   14.286809][    T1] initcall init_rc_map_rc6_mce+0x0/0x2c returned 0 after 0 usecs
[   14.294408][    T1] calling  init_rc_map_real_audio_220_32_keys+0x0/0x2c @ 1
[   14.301482][    T1] initcall init_rc_map_real_audio_220_32_keys+0x0/0x2c returned 0 after 0 usecs
[   14.310389][    T1] calling  init_rc_map_reddo+0x0/0x2c @ 1
[   14.315979][    T1] initcall init_rc_map_reddo+0x0/0x2c returned 0 after 0 usecs
[   14.323402][    T1] calling  init_rc_map_snapstream_firefly+0x0/0x2c @ 1
[   14.330127][    T1] initcall init_rc_map_snapstream_firefly+0x0/0x2c returned 0 after 0 usecs
[   14.338685][    T1] calling  init_rc_map_streamzap+0x0/0x2c @ 1
[   14.344624][    T1] initcall init_rc_map_streamzap+0x0/0x2c returned 0 after 0 usecs
[   14.352397][    T1] calling  init_rc_map_su3000+0x0/0x2c @ 1
[   14.358074][    T1] initcall init_rc_map_su3000+0x0/0x2c returned 0 after 0 usecs
[   14.365584][    T1] calling  init_rc_map_tanix_tx3mini+0x0/0x2c @ 1
[   14.371873][    T1] initcall init_rc_map_tanix_tx3mini+0x0/0x2c returned 0 after 0 usecs
[   14.379994][    T1] calling  init_rc_map_tanix_tx5max+0x0/0x2c @ 1
[   14.386195][    T1] initcall init_rc_map_tanix_tx5max+0x0/0x2c returned 0 after 0 usecs
[   14.394229][    T1] calling  init_rc_map_tbs_nec+0x0/0x2c @ 1
[   14.399994][    T1] initcall init_rc_map_tbs_nec+0x0/0x2c returned 0 after 0 usecs
[   14.407591][    T1] calling  init_rc_map+0x0/0x2c @ 1
[   14.412658][    T1] initcall init_rc_map+0x0/0x2c returned 0 after 0 usecs
[   14.419557][    T1] calling  init_rc_map+0x0/0x2c @ 1
[   14.424624][    T1] initcall init_rc_map+0x0/0x2c returned 0 after 0 usecs
[   14.431523][    T1] calling  init_rc_map_terratec_cinergy_c_pci+0x0/0x2c @ 1
[   14.438597][    T1] initcall init_rc_map_terratec_cinergy_c_pci+0x0/0x2c returned 0 after 0 usecs
[   14.447504][    T1] calling  init_rc_map_terratec_cinergy_s2_hd+0x0/0x2c @ 1
[   14.454578][    T1] initcall init_rc_map_terratec_cinergy_s2_hd+0x0/0x2c returned 0 after 0 usecs
[   14.463484][    T1] calling  init_rc_map_terratec_cinergy_xs+0x0/0x2c @ 1
[   14.470296][    T1] initcall init_rc_map_terratec_cinergy_xs+0x0/0x2c returned 0 after 0 usecs
[   14.478942][    T1] calling  init_rc_map_terratec_slim_2+0x0/0x2c @ 1
[   14.485405][    T1] initcall init_rc_map_terratec_slim_2+0x0/0x2c returned 0 after 0 usecs
[   14.493701][    T1] calling  init_rc_map_terratec_slim+0x0/0x2c @ 1
[   14.499989][    T1] initcall init_rc_map_terratec_slim+0x0/0x2c returned 0 after 0 usecs
[   14.508110][    T1] calling  init_rc_map_tevii_nec+0x0/0x2c @ 1
[   14.514050][    T1] initcall init_rc_map_tevii_nec+0x0/0x2c returned 0 after 0 usecs
[   14.521822][    T1] calling  init_rc_map_tivo+0x0/0x2c @ 1
[   14.527325][    T1] initcall init_rc_map_tivo+0x0/0x2c returned 0 after 0 usecs
[   14.534660][    T1] calling  init_rc_map_total_media_in_hand_02+0x0/0x2c @ 1
[   14.541734][    T1] initcall init_rc_map_total_media_in_hand_02+0x0/0x2c returned 0 after 0 usecs
[   14.550644][    T1] calling  init_rc_map_total_media_in_hand+0x0/0x2c @ 1
[   14.557456][    T1] initcall init_rc_map_total_media_in_hand+0x0/0x2c returned 0 after 0 usecs
[   14.566102][    T1] calling  init_rc_map_trekstor+0x0/0x2c @ 1
[   14.571954][    T1] initcall init_rc_map_trekstor+0x0/0x2c returned 0 after 0 usecs
[   14.579640][    T1] calling  init_rc_map_tt_1500+0x0/0x2c @ 1
[   14.585405][    T1] initcall init_rc_map_tt_1500+0x0/0x2c returned 0 after 0 usecs
[   14.593002][    T1] calling  init_rc_map_twinhan_vp1027+0x0/0x2c @ 1
[   14.599379][    T1] initcall init_rc_map_twinhan_vp1027+0x0/0x2c returned 0 after 0 usecs
[   14.607588][    T1] calling  init_rc_map_twinhan_dtv_cab_ci+0x0/0x2c @ 1
[   14.614312][    T1] initcall init_rc_map_twinhan_dtv_cab_ci+0x0/0x2c returned 0 after 0 usecs
[   14.622870][    T1] calling  init_rc_map_vega_s9x+0x0/0x2c @ 1
[   14.628722][    T1] initcall init_rc_map_vega_s9x+0x0/0x2c returned 0 after 0 usecs
[   14.636407][    T1] calling  init_rc_map_videomate_k100+0x0/0x2c @ 1
[   14.642783][    T1] initcall init_rc_map_videomate_k100+0x0/0x2c returned 0 after 0 usecs
[   14.650991][    T1] calling  init_rc_map_videomate_s350+0x0/0x2c @ 1
[   14.657367][    T1] initcall init_rc_map_videomate_s350+0x0/0x2c returned 0 after 0 usecs
[   14.665575][    T1] calling  init_rc_map_videomate_tv_pvr+0x0/0x2c @ 1
[   14.672127][    T1] initcall init_rc_map_videomate_tv_pvr+0x0/0x2c returned 0 after 0 usecs
[   14.680510][    T1] calling  init_rc_map_kii_pro+0x0/0x2c @ 1
[   14.686276][    T1] initcall init_rc_map_kii_pro+0x0/0x2c returned 0 after 0 usecs
[   14.693874][    T1] calling  init_rc_map_wetek_hub+0x0/0x2c @ 1
[   14.699813][    T1] initcall init_rc_map_wetek_hub+0x0/0x2c returned 0 after 0 usecs
[   14.707585][    T1] calling  init_rc_map_wetek_play2+0x0/0x2c @ 1
[   14.713700][    T1] initcall init_rc_map_wetek_play2+0x0/0x2c returned 0 after 0 usecs
[   14.721646][    T1] calling  init_rc_map_winfast+0x0/0x2c @ 1
[   14.727412][    T1] initcall init_rc_map_winfast+0x0/0x2c returned 0 after 0 usecs
[   14.735009][    T1] calling  init_rc_map_winfast_usbii_deluxe+0x0/0x2c @ 1
[   14.741909][    T1] initcall init_rc_map_winfast_usbii_deluxe+0x0/0x2c returned 0 after 0 usecs
[   14.750641][    T1] calling  init_rc_map_x96max+0x0/0x2c @ 1
[   14.756319][    T1] initcall init_rc_map_x96max+0x0/0x2c returned 0 after 0 usecs
[   14.763829][    T1] calling  init_rc_map+0x0/0x2c @ 1
[   14.768896][    T1] initcall init_rc_map+0x0/0x2c returned 0 after 0 usecs
[   14.775795][    T1] calling  init_rc_map+0x0/0x2c @ 1
[   14.780862][    T1] initcall init_rc_map+0x0/0x2c returned 0 after 0 usecs
[   14.787762][    T1] calling  init_rc_map_zx_irdec+0x0/0x2c @ 1
[   14.793614][    T1] initcall init_rc_map_zx_irdec+0x0/0x2c returned 0 after 0 usecs
[   14.801299][    T1] calling  ir_imon_decode_init+0x0/0x3c @ 1
[   14.807064][    T1] ir_imon_decoder: IR iMON protocol handler initialized
[   14.813876][    T1] initcall ir_imon_decode_init+0x0/0x3c returned 0 after 6811 usecs
[   14.821735][    T1] calling  ir_jvc_decode_init+0x0/0x3c @ 1
[   14.827413][    T1] IR JVC protocol handler initialized
[   14.832653][    T1] initcall ir_jvc_decode_init+0x0/0x3c returned 0 after 5240 usecs
[   14.840426][    T1] calling  ir_mce_kbd_decode_init+0x0/0x3c @ 1
[   14.846453][    T1] IR MCE Keyboard/mouse protocol handler initialized
[   14.853002][    T1] initcall ir_mce_kbd_decode_init+0x0/0x3c returned 0 after 6550 usecs
[   14.861124][    T1] calling  ir_nec_decode_init+0x0/0x3c @ 1
[   14.866801][    T1] IR NEC protocol handler initialized
[   14.872041][    T1] initcall ir_nec_decode_init+0x0/0x3c returned 0 after 5240 usecs
[   14.879813][    T1] calling  ir_rc5_decode_init+0x0/0x3c @ 1
[   14.885491][    T1] IR RC5(x/sz) protocol handler initialized
[   14.891255][    T1] initcall ir_rc5_decode_init+0x0/0x3c returned 0 after 5764 usecs
[   14.899027][    T1] calling  ir_rc6_decode_init+0x0/0x3c @ 1
[   14.904705][    T1] IR RC6 protocol handler initialized
[   14.909945][    T1] initcall ir_rc6_decode_init+0x0/0x3c returned 0 after 5240 usecs
[   14.917717][    T1] calling  ir_rcmm_decode_init+0x0/0x3c @ 1
[   14.923482][    T1] IR RCMM protocol handler initialized
[   14.928809][    T1] initcall ir_rcmm_decode_init+0x0/0x3c returned 0 after 5327 usecs
[   14.936669][    T1] calling  ir_sanyo_decode_init+0x0/0x3c @ 1
[   14.942522][    T1] IR SANYO protocol handler initialized
[   14.947936][    T1] initcall ir_sanyo_decode_init+0x0/0x3c returned 0 after 5414 usecs
[   14.955883][    T1] calling  ir_sharp_decode_init+0x0/0x3c @ 1
[   14.961735][    T1] IR Sharp protocol handler initialized
[   14.967150][    T1] initcall ir_sharp_decode_init+0x0/0x3c returned 0 after 5414 usecs
[   14.975097][    T1] calling  ir_sony_decode_init+0x0/0x3c @ 1
[   14.980863][    T1] IR Sony protocol handler initialized
[   14.986190][    T1] initcall ir_sony_decode_init+0x0/0x3c returned 0 after 5327 usecs
[   14.994050][    T1] calling  ir_xmp_decode_init+0x0/0x3c @ 1
[   14.999728][    T1] IR XMP protocol handler initialized
[   15.004968][    T1] initcall ir_xmp_decode_init+0x0/0x3c returned 0 after 5240 usecs
[   15.012741][    T1] calling  gpio_ir_recv_driver_init+0x0/0x30 @ 1
[   15.018960][    T1] initcall gpio_ir_recv_driver_init+0x0/0x30 returned 0 after 18 usecs
[   15.027083][    T1] calling  hevc_d_driver_init+0x0/0x30 @ 1
[   15.032812][    T1] probe of 1000800000.codec returned -517 after 40 usecs
[   15.039717][    T1] initcall hevc_d_driver_init+0x0/0x30 returned 0 after 6956 usecs
[   15.047491][    T1] calling  pispbe_pdrv_init+0x0/0x30 @ 1
[   15.053016][    T1] probe of 1000880000.pisp_be returned -517 after 11 usecs
[   15.060094][    T1] initcall pispbe_pdrv_init+0x0/0x30 returned 0 after 7100 usecs
[   15.067692][    T1] calling  cfe_driver_init+0x0/0x30 @ 1
[   15.073124][    T1] initcall cfe_driver_init+0x0/0x30 returned 0 after 16 usecs
[   15.080461][    T1] calling  uvc_init+0x0/0x64 @ 1
[   15.085278][    T1] usbcore: registered new interface driver uvcvideo
[   15.091743][    T1] initcall uvc_init+0x0/0x64 returned 0 after 6476 usecs
[   15.098643][    T1] calling  ptp_kvm_init+0x0/0x104 @ 1
[   15.103887][    T1] initcall ptp_kvm_init+0x0/0x104 returned -95 after 0 usecs
[   15.111136][    T1] calling  gpio_poweroff_driver_init+0x0/0x30 @ 1
[   15.117440][    T1] initcall gpio_poweroff_driver_init+0x0/0x30 returned 0 after 15 usecs
[   15.125650][    T1] calling  syscon_reboot_driver_init+0x0/0x30 @ 1
[   15.131951][    T1] initcall syscon_reboot_driver_init+0x0/0x30 returned 0 after 12 usecs
[   15.140161][    T1] calling  rpi_poe_power_supply_driver_init+0x0/0x30 @ 1
[   15.147076][    T1] initcall rpi_poe_power_supply_driver_init+0x0/0x30 returned 0 after 14 usecs
[   15.155896][    T1] calling  emc2305_driver_init+0x0/0x30 @ 1
[   15.161666][    T1] initcall emc2305_driver_init+0x0/0x30 returned 0 after 5 usecs
[   15.169265][    T1] calling  gpio_fan_driver_init+0x0/0x30 @ 1
[   15.175130][    T1] initcall gpio_fan_driver_init+0x0/0x30 returned 0 after 12 usecs
[   15.182903][    T1] calling  pwm_fan_driver_init+0x0/0x30 @ 1
[   15.188684][    T1] probe of cooling_fan returned -517 after 4 usecs
[   15.195062][    T1] initcall pwm_fan_driver_init+0x0/0x30 returned 0 after 6392 usecs
[   15.202923][    T1] calling  rpi_hwmon_driver_init+0x0/0x30 @ 1
[   15.208894][    T1] probe of raspberrypi-hwmon returned 0 after 26 usecs
[   15.215624][    T1] initcall rpi_hwmon_driver_init+0x0/0x30 returned 0 after 6761 usecs
[   15.223659][    T1] calling  rp1_adc_driver_init+0x0/0x38 @ 1
[   15.229445][    T1] initcall rp1_adc_driver_init+0x0/0x38 returned -19 after 20 usecs
[   15.237307][    T1] calling  bcm2711_thermal_driver_init+0x0/0x30 @ 1
[   15.243896][    T1] probe of 107d542000.avs-monitor:thermal returned 0 after 116 usecs
[   15.251856][    T1] initcall bcm2711_thermal_driver_init+0x0/0x30 returned 0 after 8084 usecs
[   15.260418][    T1] calling  bcm2835_thermal_driver_init+0x0/0x34 @ 1
[   15.266904][    T1] initcall bcm2835_thermal_driver_init+0x0/0x34 returned 0 after 23 usecs
[   15.275289][    T1] calling  bcm2835_wdt_driver_init+0x0/0x30 @ 1
[   15.281447][    T1] bcm2835-wdt bcm2835-wdt: Poweroff handler already present!
[   15.288698][    T1] bcm2835-wdt bcm2835-wdt: Broadcom BCM2835 watchdog timer
[   15.295775][    T1] probe of bcm2835-wdt returned 0 after 14364 usecs
[   15.302240][    T1] initcall bcm2835_wdt_driver_init+0x0/0x30 returned 0 after 20835 usecs
[   15.310539][    T1] calling  dm_init+0x0/0xa8 @ 1
[   15.315263][    T1] device-mapper: uevent: version 1.0.3
[   15.320612][    T1] device-mapper: ioctl: 4.48.0-ioctl (2023-03-01) initialised: dm-devel@lists.linux.dev
[   15.330219][    T1] initcall dm_init+0x0/0xa8 returned 0 after 14961 usecs
[   15.337120][    T1] calling  dm_bufio_init+0x0/0x100 @ 1
[   15.342484][    T1] initcall dm_bufio_init+0x0/0x100 returned 0 after 34 usecs
[   15.349737][    T1] calling  dm_crypt_init+0x0/0x2c @ 1
[   15.354980][    T1] initcall dm_crypt_init+0x0/0x2c returned 0 after 0 usecs
[   15.362056][    T1] calling  dm_default_key_init+0x0/0x2c @ 1
[   15.367824][    T1] initcall dm_default_key_init+0x0/0x2c returned 0 after 0 usecs
[   15.375423][    T1] calling  dm_snapshot_init+0x0/0x2f0 @ 1
[   15.381027][    T1] initcall dm_snapshot_init+0x0/0x2f0 returned 0 after 13 usecs
[   15.388539][    T1] calling  dm_verity_init+0x0/0x30 @ 1
[   15.393869][    T1] initcall dm_verity_init+0x0/0x30 returned 0 after 0 usecs
[   15.401031][    T1] calling  dm_bow_init+0x0/0x6c @ 1
[   15.406099][    T1] initcall dm_bow_init+0x0/0x6c returned 0 after 0 usecs
[   15.413000][    T1] calling  dm_user_init+0x0/0x68 @ 1
[   15.418155][    T1] initcall dm_user_init+0x0/0x68 returned 0 after 0 usecs
[   15.425144][    T1] calling  hci_uart_init+0x0/0x84 @ 1
[   15.430386][    T1] Bluetooth: HCI UART driver ver 2.3
[   15.435541][    T1] Bluetooth: HCI UART protocol H4 registered
[   15.441408][    T1] Bluetooth: HCI UART protocol Broadcom registered
[   15.447786][    T1] initcall hci_uart_init+0x0/0x84 returned 0 after 17400 usecs
[   15.455210][    T1] calling  dt_cpufreq_platdrv_init+0x0/0x30 @ 1
[   15.461333][    T1] initcall dt_cpufreq_platdrv_init+0x0/0x30 returned 0 after 7 usecs
[   15.469283][    T1] calling  raspberrypi_cpufreq_driver_init+0x0/0x30 @ 1
[   15.478084][    T1] probe of cpufreq-dt returned 0 after 1770 usecs
[   15.484386][    T1] probe of raspberrypi-cpufreq returned 0 after 8280 usecs
[   15.491467][    T1] initcall raspberrypi_cpufreq_driver_init+0x0/0x30 returned 0 after 15368 usecs
[   15.500467][    T1] calling  scmi_cpufreq_drv_init+0x0/0x38 @ 1
[   15.506418][    T1] initcall scmi_cpufreq_drv_init+0x0/0x38 returned 0 after 10 usecs
[   15.514282][    T1] calling  scpi_cpufreq_platdrv_init+0x0/0x30 @ 1
[   15.520583][    T1] initcall scpi_cpufreq_platdrv_init+0x0/0x30 returned 0 after 10 usecs
[   15.528796][    T1] calling  psci_idle_init+0x0/0xdc @ 1
[   15.534159][    T1] probe of psci-cpuidle returned 19 after 7 usecs
[   15.540455][    T1] initcall psci_idle_init+0x0/0xdc returned 0 after 6328 usecs
[   15.547881][    T1] calling  mmc_blk_init+0x0/0x164 @ 1
[   15.553139][    T1] initcall mmc_blk_init+0x0/0x164 returned 0 after 14 usecs
[   15.560302][    T1] calling  sdhci_drv_init+0x0/0x3c @ 1
[   15.565634][    T1] sdhci: Secure Digital Host Controller Interface driver
[   15.572533][    T1] sdhci: Copyright(c) Pierre Ossman
[   15.577601][    T1] initcall sdhci_drv_init+0x0/0x3c returned 0 after 11969 usecs
[   15.585113][    T1] calling  bcm2835_mmc_driver_init+0x0/0x30 @ 1
[   15.591249][    T1] initcall bcm2835_mmc_driver_init+0x0/0x30 returned 0 after 21 usecs
[   15.599289][    T1] calling  bcm2835_driver_init+0x0/0x30 @ 1
[   15.605074][    T1] initcall bcm2835_driver_init+0x0/0x30 returned 0 after 16 usecs
[   15.612764][    T1] calling  sdhci_pltfm_drv_init+0x0/0x30 @ 1
[   15.618617][    T1] sdhci-pltfm: SDHCI platform and OF driver helper
[   15.624995][    T1] initcall sdhci_pltfm_drv_init+0x0/0x30 returned 0 after 6378 usecs
[   15.632943][    T1] calling  sdhci_iproc_driver_init+0x0/0x30 @ 1
[   15.639090][    T1] initcall sdhci_iproc_driver_init+0x0/0x30 returned 0 after 31 usecs
[   15.647128][    T1] calling  sdhci_brcmstb_driver_init+0x0/0x30 @ 1
[   15.653430][   T61] probe of 1000fff000.mmc returned -517 after 1 usecs
[   15.653449][   T53] probe of 1001100000.mmc returned -517 after 1 usecs
[   15.653449][    T1] initcall sdhci_brcmstb_driver_init+0x0/0x30 returned 0 after 31 usecs
[   15.653452][    T1] calling  ufshcd_core_init+0x0/0x58 @ 1
[   15.653462][    T1] initcall ufshcd_core_init+0x0/0x58 returned 0 after 7 usecs
[   15.653464][    T1] calling  tc_dwc_g210_pltfm_driver_init+0x0/0x30 @ 1
[   15.653482][    T1] initcall tc_dwc_g210_pltfm_driver_init+0x0/0x30 returned 0 after 15 usecs
[   15.653485][    T1] calling  ufshcd_pci_driver_init+0x0/0x38 @ 1
[   15.653498][    T1] initcall ufshcd_pci_driver_init+0x0/0x38 returned 0 after 9 usecs
[   15.653501][    T1] calling  scpi_driver_init+0x0/0x30 @ 1
[   15.653518][    T1] initcall scpi_driver_init+0x0/0x30 returned 0 after 15 usecs
[   15.653521][    T1] calling  rp1_firmware_driver_init+0x0/0x34 @ 1
[   15.653540][    T1] probe of rp1_firmware returned -517 after 4 usecs
[   15.653544][    T1] initcall rp1_firmware_driver_init+0x0/0x34 returned 0 after 20 usecs
[   15.653547][    T1] calling  scmi_smc_driver_init+0x0/0x30 @ 1
[   15.653567][    T1] initcall scmi_smc_driver_init+0x0/0x30 returned 0 after 17 usecs
[   15.653570][    T1] calling  scmi_mailbox_driver_init+0x0/0x30 @ 1
[   15.653585][    T1] initcall scmi_mailbox_driver_init+0x0/0x30 returned 0 after 13 usecs
[   15.653588][    T1] calling  virtio_scmi_driver_init+0x0/0x30 @ 1
[   15.653595][    T1] initcall virtio_scmi_driver_init+0x0/0x30 returned 0 after 4 usecs
[   15.653597][    T1] calling  scmi_driver_init+0x0/0x74 @ 1
[   15.653609][    T1] initcall scmi_driver_init+0x0/0x74 returned 0 after 9 usecs
[   15.653611][    T1] calling  esrt_sysfs_init+0x0/0x328 @ 1
[   15.653615][    T1] initcall esrt_sysfs_init+0x0/0x328 returned -38 after 0 usecs
[   15.653618][    T1] calling  smccc_devices_init+0x0/0xb0 @ 1
[   15.653621][    T1] initcall smccc_devices_init+0x0/0xb0 returned 0 after 0 usecs
[   15.653624][    T1] calling  smccc_soc_init+0x0/0x1c4 @ 1
[   15.653627][    T1] SMCCC: SOC_ID: ARCH_SOC_ID not implemented, skipping ....
[   15.653628][    T1] initcall smccc_soc_init+0x0/0x1c4 returned 0 after 1 usecs
[   15.653631][    T1] calling  hid_init+0x0/0x9c @ 1
[   15.653643][    T1] hid: raw HID events driver (C) Jiri Kosina
[   15.653645][    T1] initcall hid_init+0x0/0x9c returned 0 after 11 usecs
[   15.653648][    T1] calling  uhid_misc_init+0x0/0x2c @ 1
[   15.653663][    T1] initcall uhid_misc_init+0x0/0x2c returned 0 after 11 usecs
[   15.653666][    T1] calling  hid_generic_init+0x0/0x38 @ 1
[   15.653678][    T1] initcall hid_generic_init+0x0/0x38 returned 0 after 9 usecs
[   15.653681][    T1] calling  apple_driver_init+0x0/0x38 @ 1
[   15.653691][    T1] initcall apple_driver_init+0x0/0x38 returned 0 after 6 usecs
[   15.653694][    T1] calling  elecom_driver_init+0x0/0x38 @ 1
[   15.653704][    T1] initcall elecom_driver_init+0x0/0x38 returned 0 after 6 usecs
[   15.653707][    T1] calling  lg_driver_init+0x0/0x38 @ 1
[   15.653733][    T1] initcall lg_driver_init+0x0/0x38 returned 0 after 23 usecs
[   15.653737][    T1] calling  lg_g15_driver_init+0x0/0x38 @ 1
[   15.653746][    T1] initcall lg_g15_driver_init+0x0/0x38 returned 0 after 6 usecs
[   15.653750][    T1] calling  logi_djreceiver_driver_init+0x0/0x38 @ 1
[   15.653760][    T1] initcall logi_djreceiver_driver_init+0x0/0x38 returned 0 after 7 usecs
[   15.653764][    T1] calling  hidpp_driver_init+0x0/0x38 @ 1
[   15.653774][    T1] initcall hidpp_driver_init+0x0/0x38 returned 0 after 7 usecs
[   15.653777][    T1] calling  magicmouse_driver_init+0x0/0x3c @ 1
[   15.653787][    T1] initcall magicmouse_driver_init+0x0/0x3c returned 0 after 6 usecs
[   15.653790][    T1] calling  ms_driver_init+0x0/0x38 @ 1
[   15.653800][    T1] initcall ms_driver_init+0x0/0x38 returned 0 after 6 usecs
[   15.653803][    T1] calling  mt_driver_init+0x0/0x38 @ 1
[   15.653813][    T1] initcall mt_driver_init+0x0/0x38 returned 0 after 7 usecs
[   15.653816][    T1] calling  nintendo_init+0x0/0x38 @ 1
[   15.653826][    T1] initcall nintendo_init+0x0/0x38 returned 0 after 6 usecs
[   15.653829][    T1] calling  pk_driver_init+0x0/0x38 @ 1
[   15.653840][    T1] initcall pk_driver_init+0x0/0x38 returned 0 after 7 usecs
[   15.653843][    T1] calling  picolcd_driver_init+0x0/0x38 @ 1
[   15.653854][    T1] initcall picolcd_driver_init+0x0/0x38 returned 0 after 7 usecs
[   15.653857][    T1] calling  plantronics_driver_init+0x0/0x38 @ 1
[   15.653867][    T1] initcall plantronics_driver_init+0x0/0x38 returned 0 after 6 usecs
[   15.653870][    T1] calling  ps_init+0x0/0x38 @ 1
[   15.653881][    T1] initcall ps_init+0x0/0x38 returned 0 after 7 usecs
[   15.653884][    T1] calling  roccat_init+0x0/0xf0 @ 1
[   15.653887][    T1] initcall roccat_init+0x0/0xf0 returned 0 after 0 usecs
[   15.653891][    T1] calling  arvo_init+0x0/0x84 @ 1
[   15.653902][    T1] initcall arvo_init+0x0/0x84 returned 0 after 8 usecs
[   15.653905][    T1] calling  isku_init+0x0/0x84 @ 1
[   15.653916][    T1] initcall isku_init+0x0/0x84 returned 0 after 8 usecs
[   15.653920][    T1] calling  kone_init+0x0/0x84 @ 1
[   15.653933][    T1] initcall kone_init+0x0/0x84 returned 0 after 10 usecs
[   15.653936][    T1] calling  koneplus_init+0x0/0x84 @ 1
[   15.653947][    T1] initcall koneplus_init+0x0/0x84 returned 0 after 8 usecs
[   15.653951][    T1] calling  konepure_init+0x0/0x84 @ 1
[   15.653964][    T1] initcall konepure_init+0x0/0x84 returned 0 after 10 usecs
[   15.653967][    T1] calling  kovaplus_init+0x0/0x84 @ 1
[   15.653980][    T1] initcall kovaplus_init+0x0/0x84 returned 0 after 9 usecs
[   15.653983][    T1] calling  lua_driver_init+0x0/0x38 @ 1
[   15.653994][    T1] initcall lua_driver_init+0x0/0x38 returned 0 after 7 usecs
[   15.653997][    T1] calling  pyra_init+0x0/0x84 @ 1
[   15.654009][    T1] initcall pyra_init+0x0/0x84 returned 0 after 9 usecs
[   15.654013][    T1] calling  ryos_init+0x0/0x84 @ 1
[   15.654025][    T1] initcall ryos_init+0x0/0x84 returned 0 after 9 usecs
[   15.654028][    T1] calling  savu_init+0x0/0x84 @ 1
[   15.654043][    T1] initcall savu_init+0x0/0x84 returned 0 after 12 usecs
[   15.654046][    T1] calling  sony_init+0x0/0x38 @ 1
[   15.654057][    T1] initcall sony_init+0x0/0x38 returned 0 after 8 usecs
[   15.654061][    T1] calling  steam_controller_driver_init+0x0/0x3c @ 1
[   15.654071][    T1] initcall steam_controller_driver_init+0x0/0x3c returned 0 after 7 usecs
[   15.654075][    T1] calling  uclogic_driver_init+0x0/0x38 @ 1
[   15.654086][    T1] initcall uclogic_driver_init+0x0/0x38 returned 0 after 8 usecs
[   15.654090][    T1] calling  wacom_driver_init+0x0/0x3c @ 1
[   15.654101][    T1] initcall wacom_driver_init+0x0/0x3c returned 0 after 7 usecs
[   15.654104][    T1] calling  wiimote_hid_driver_init+0x0/0x38 @ 1
[   15.654115][    T1] initcall wiimote_hid_driver_init+0x0/0x38 returned 0 after 7 usecs
[   15.654118][    T1] calling  hid_init+0x0/0xac @ 1
[   15.654129][    T1] usbcore: registered new interface driver usbhid
[   15.654130][    T1] usbhid: USB HID core driver
[   15.654131][    T1] initcall hid_init+0x0/0xac returned 0 after 9 usecs
[   15.654134][    T1] calling  vhost_vsock_init+0x0/0x88 @ 1
[   15.654146][    T1] initcall vhost_vsock_init+0x0/0x88 returned 0 after 9 usecs
[   15.654148][    T1] calling  vhost_init+0x0/0x8 @ 1
[   15.654149][    T1] initcall vhost_init+0x0/0x8 returned 0 after 0 usecs
[   15.654151][    T1] calling  ashmem_init+0x0/0x19c @ 1
[   15.654174][    T1] ashmem: initialized
[   15.654175][    T1] initcall ashmem_init+0x0/0x19c returned 0 after 22 usecs
[   15.654177][    T1] calling  vchiq_driver_init+0x0/0xc0 @ 1
[   15.654210][    T1] initcall vchiq_driver_init+0x0/0xc0 returned 0 after 31 usecs
[   15.654212][    T1] calling  rp1_mbox_driver_init+0x0/0x30 @ 1
[   15.654228][    T1] initcall rp1_mbox_driver_init+0x0/0x30 returned 0 after 13 usecs
[   15.654230][    T1] calling  vmgenid_plaform_driver_init+0x0/0x30 @ 1
[   15.654244][    T1] initcall vmgenid_plaform_driver_init+0x0/0x30 returned 0 after 12 usecs
[   15.654247][    T1] calling  extcon_class_init+0x0/0x64 @ 1
[   15.654251][    T1] initcall extcon_class_init+0x0/0x64 returned 0 after 2 usecs
[   15.654253][    T1] calling  st_accel_driver_init+0x0/0x30 @ 1
[   15.654260][    T1] initcall st_accel_driver_init+0x0/0x30 returned 0 after 4 usecs
[   15.654262][    T1] calling  inv_mpu_driver_init+0x0/0x30 @ 1
[   15.654267][    T1] initcall inv_mpu_driver_init+0x0/0x30 returned 0 after 3 usecs
[   15.654270][    T1] calling  st_lsm6dsx_driver_init+0x0/0x30 @ 1
[   15.654275][    T1] initcall st_lsm6dsx_driver_init+0x0/0x30 returned 0 after 3 usecs
[   15.654277][    T1] calling  st_lsm6dsx_driver_init+0x0/0x30 @ 1
[   15.654288][    T1] initcall st_lsm6dsx_driver_init+0x0/0x30 returned 0 after 8 usecs
[   15.654290][    T1] calling  tsl2772_driver_init+0x0/0x30 @ 1
[   15.654295][    T1] initcall tsl2772_driver_init+0x0/0x30 returned 0 after 3 usecs
[   15.654297][    T1] calling  st_magn_driver_init+0x0/0x30 @ 1
[   15.654302][    T1] initcall st_magn_driver_init+0x0/0x30 returned 0 after 3 usecs
[   15.654305][    T1] calling  bmp280_i2c_driver_init+0x0/0x30 @ 1
[   15.654310][    T1] initcall bmp280_i2c_driver_init+0x0/0x30 returned 0 after 3 usecs
[   15.654312][    T1] calling  bmp280_spi_driver_init+0x0/0x30 @ 1
[   15.654319][    T1] initcall bmp280_spi_driver_init+0x0/0x30 returned 0 after 5 usecs
[   15.654321][    T1] calling  armv8_pmu_driver_init+0x0/0x50 @ 1
[   16.507244][    T1] hw perfevents: enabled with armv8_cortex_a76 PMU driver, 7 (0,8000003f) counters available
[   16.517308][    T1] probe of arm-pmu returned 0 after 862906 usecs
[   16.523527][    T1] initcall armv8_pmu_driver_init+0x0/0x50 returned 0 after 869203 usecs
[   16.531741][   T78] watchdog: NMI not fully supported
[   16.536810][   T78] watchdog: Hard watchdog permanently disabled
[   16.536814][    T1] calling  binder_init+0x0/0x130 @ 1
[   16.548030][    T1] initcall binder_init+0x0/0x130 returned 0 after 38 usecs
[   16.555109][    T1] calling  debug_kinfo_driver_init+0x0/0x30 @ 1
[   16.561257][    T1] initcall debug_kinfo_driver_init+0x0/0x30 returned 0 after 31 usecs
[   16.569301][    T1] calling  wrapfd_init+0x0/0xa8 @ 1
[   16.574385][    T1] initcall wrapfd_init+0x0/0xa8 returned 0 after 16 usecs
[   16.581377][    T1] calling  rpi_otp_driver_init+0x0/0x30 @ 1
[   16.587195][    T1] probe of soc@107c000000:nvmem:nvmem_otp returned 0 after 42 usecs
[   16.595102][    T1] probe of soc@107c000000:nvmem:nvmem_cust returned 0 after 33 usecs
[   16.603082][    T1] probe of soc@107c000000:nvmem:nvmem_mac returned 0 after 26 usecs
[   16.610970][    T1] probe of soc@107c000000:nvmem:nvmem_priv returned 0 after 23 usecs
[   16.618939][    T1] initcall rpi_otp_driver_init+0x0/0x30 returned 0 after 31797 usecs
[   16.626894][    T1] calling  alsa_hwdep_init+0x0/0x90 @ 1
[   16.632322][    T1] initcall alsa_hwdep_init+0x0/0x90 returned 0 after 9 usecs
[   16.639572][    T1] calling  alsa_timer_init+0x0/0x2dc @ 1
[   16.645094][    T1] initcall alsa_timer_init+0x0/0x2dc returned 0 after 17 usecs
[   16.652519][    T1] calling  snd_hrtimer_init+0x0/0x144 @ 1
[   16.658113][    T1] initcall snd_hrtimer_init+0x0/0x144 returned 0 after 2 usecs
[   16.665537][    T1] calling  alsa_pcm_init+0x0/0xac @ 1
[   16.670782][    T1] initcall alsa_pcm_init+0x0/0xac returned 0 after 2 usecs
[   16.677857][    T1] calling  alsa_rawmidi_init+0x0/0x44 @ 1
[   16.683451][    T1] initcall alsa_rawmidi_init+0x0/0x44 returned 0 after 2 usecs
[   16.690875][    T1] calling  usb_audio_driver_init+0x0/0x3c @ 1
[   16.696831][    T1] usbcore: registered new interface driver snd-usb-audio
[   16.703731][    T1] initcall usb_audio_driver_init+0x0/0x3c returned 0 after 6914 usecs
[   16.711769][    T1] calling  snd_soc_init+0x0/0xbc @ 1
[   16.716973][    T1] probe of snd-soc-dummy returned 0 after 10 usecs
[   16.723390][    T1] initcall snd_soc_init+0x0/0xbc returned 0 after 6466 usecs
[   16.730645][    T1] calling  dmic_driver_init+0x0/0x30 @ 1
[   16.736168][    T1] initcall dmic_driver_init+0x0/0x30 returned 0 after 17 usecs
[   16.743597][    T1] calling  hdmi_codec_driver_init+0x0/0x30 @ 1
[   16.749636][    T1] initcall hdmi_codec_driver_init+0x0/0x30 returned 0 after 10 usecs
[   16.757585][    T1] calling  pcm179x_i2c_driver_init+0x0/0x30 @ 1
[   16.763708][    T1] initcall pcm179x_i2c_driver_init+0x0/0x30 returned 0 after 7 usecs
[   16.771656][    T1] calling  pcm186x_i2c_driver_init+0x0/0x30 @ 1
[   16.777777][    T1] initcall pcm186x_i2c_driver_init+0x0/0x30 returned 0 after 6 usecs
[   16.785726][    T1] calling  pcm5102a_codec_driver_init+0x0/0x30 @ 1
[   16.792120][    T1] initcall pcm5102a_codec_driver_init+0x0/0x30 returned 0 after 16 usecs
[   16.800420][    T1] calling  pcm512x_i2c_driver_init+0x0/0x30 @ 1
[   16.806539][    T1] initcall pcm512x_i2c_driver_init+0x0/0x30 returned 0 after 4 usecs
[   16.814489][    T1] calling  spdif_dir_driver_init+0x0/0x30 @ 1
[   16.820444][    T1] initcall spdif_dir_driver_init+0x0/0x30 returned 0 after 14 usecs
[   16.828308][    T1] calling  spdif_dit_driver_init+0x0/0x30 @ 1
[   16.834262][    T1] initcall spdif_dit_driver_init+0x0/0x30 returned 0 after 13 usecs
[   16.842126][    T1] calling  wm8804_i2c_driver_init+0x0/0x30 @ 1
[   16.848158][    T1] initcall wm8804_i2c_driver_init+0x0/0x30 returned 0 after 4 usecs
[   16.856022][    T1] calling  wm8960_i2c_driver_init+0x0/0x30 @ 1
[   16.862053][    T1] initcall wm8960_i2c_driver_init+0x0/0x30 returned 0 after 4 usecs
[   16.869916][    T1] calling  tpa6130a2_i2c_driver_init+0x0/0x30 @ 1
[   16.876210][    T1] initcall tpa6130a2_i2c_driver_init+0x0/0x30 returned 0 after 3 usecs
[   16.884334][    T1] calling  i_sabre_codec_i2c_driver_init+0x0/0x30 @ 1
[   16.890977][    T1] initcall i_sabre_codec_i2c_driver_init+0x0/0x30 returned 0 after 3 usecs
[   16.899451][    T1] calling  ma120x0p_modinit+0x0/0x6c @ 1
[   16.904959][    T1] initcall ma120x0p_modinit+0x0/0x6c returned 0 after 3 usecs
[   16.912299][    T1] calling  tas5713_modinit+0x0/0x6c @ 1
[   16.917721][    T1] initcall tas5713_modinit+0x0/0x6c returned 0 after 5 usecs
[   16.924974][    T1] calling  simple_card_init+0x0/0x30 @ 1
[   16.930495][    T1] initcall simple_card_init+0x0/0x30 returned 0 after 17 usecs
[   16.937922][    T1] calling  voicehat_driver_init+0x0/0x30 @ 1
[   16.943790][    T1] initcall voicehat_driver_init+0x0/0x30 returned 0 after 15 usecs
[   16.951567][    T1] calling  snd_rpi_hifiberry_adc_driver_init+0x0/0x30 @ 1
[   16.958568][    T1] initcall snd_rpi_hifiberry_adc_driver_init+0x0/0x30 returned 0 after 13 usecs
[   16.967480][    T1] calling  snd_rpi_hifiberry_dacplus_driver_init+0x0/0x30 @ 1
[   16.974830][    T1] initcall snd_rpi_hifiberry_dacplus_driver_init+0x0/0x30 returned 0 after 13 usecs
[   16.984090][    T1] calling  snd_rpi_hifiberry_dacplushd_driver_init+0x0/0x30 @ 1
[   16.991615][    T1] initcall snd_rpi_hifiberry_dacplushd_driver_init+0x0/0x30 returned 0 after 13 usecs
[   17.001049][    T1] calling  hifiberry_dacplusadc_init+0x0/0xf8 @ 1
[   17.007376][    T1] probe of dmic-codec returned 0 after 8 usecs
[   17.013423][    T1] initcall hifiberry_dacplusadc_init+0x0/0xf8 returned 0 after 6083 usecs
[   17.021811][    T1] calling  snd_rpi_hifiberry_dacplusadcpro_driver_init+0x0/0x30 @ 1
[   17.029685][    T1] initcall snd_rpi_hifiberry_dacplusadcpro_driver_init+0x0/0x30 returned 0 after 13 usecs
[   17.039471][    T1] calling  dacplusdsp_driver_init+0x0/0x30 @ 1
[   17.045511][    T1] initcall dacplusdsp_driver_init+0x0/0x30 returned 0 after 13 usecs
[   17.053462][    T1] calling  snd_rpi_hifiberry_studio_dac8x_driver_init+0x0/0x30 @ 1
[   17.061249][    T1] initcall snd_rpi_hifiberry_studio_dac8x_driver_init+0x0/0x30 returned 0 after 13 usecs
[   17.070946][    T1] calling  snd_rpi_justboom_dac_driver_init+0x0/0x30 @ 1
[   17.077866][    T1] initcall snd_rpi_justboom_dac_driver_init+0x0/0x30 returned 0 after 17 usecs
[   17.086690][    T1] calling  snd_rpi_iqaudio_dac_driver_init+0x0/0x30 @ 1
[   17.093517][    T1] initcall snd_rpi_iqaudio_dac_driver_init+0x0/0x30 returned 0 after 13 usecs
[   17.102254][    T1] calling  snd_rpi_i_sabre_q2m_driver_init+0x0/0x30 @ 1
[   17.109080][    T1] initcall snd_rpi_i_sabre_q2m_driver_init+0x0/0x30 returned 0 after 13 usecs
[   17.117817][    T1] calling  snd_allo_boss_driver_init+0x0/0x30 @ 1
[   17.124120][    T1] initcall snd_allo_boss_driver_init+0x0/0x30 returned 0 after 13 usecs
[   17.132332][    T1] calling  snd_allo_piano_dac_driver_init+0x0/0x30 @ 1
[   17.139076][    T1] initcall snd_allo_piano_dac_driver_init+0x0/0x30 returned 0 after 15 usecs
[   17.147726][    T1] calling  snd_allo_piano_dac_driver_init+0x0/0x30 @ 1
[   17.154466][    T1] initcall snd_allo_piano_dac_driver_init+0x0/0x30 returned 0 after 13 usecs
[   17.163115][    T1] calling  snd_rpi_simple_driver_init+0x0/0x30 @ 1
[   17.169533][    T1] initcall snd_rpi_simple_driver_init+0x0/0x30 returned 0 after 40 usecs
[   17.177833][    T1] calling  snd_rpi_wm8804_driver_init+0x0/0x34 @ 1
[   17.184235][    T1] initcall snd_rpi_wm8804_driver_init+0x0/0x34 returned 0 after 25 usecs
[   17.192535][    T1] calling  snd_rpi_chipdip_dac_driver_init+0x0/0x30 @ 1
[   17.199363][    T1] initcall snd_rpi_chipdip_dac_driver_init+0x0/0x30 returned 0 after 13 usecs
[   17.208099][    T1] calling  dw_i2s_driver_init+0x0/0x30 @ 1
[   17.213799][    T1] initcall dw_i2s_driver_init+0x0/0x30 returned 0 after 21 usecs
[   17.221401][    T1] calling  sock_diag_init+0x0/0x50 @ 1
[   17.226750][    T1] initcall sock_diag_init+0x0/0x50 returned 0 after 19 usecs
[   17.234011][    T1] calling  llc_init+0x0/0x30 @ 1
[   17.238823][    T1] initcall llc_init+0x0/0x30 returned 0 after 3 usecs
[   17.245465][    T1] calling  snap_init+0x0/0x58 @ 1
[   17.250359][    T1] initcall snap_init+0x0/0x58 returned 0 after 0 usecs
[   17.257087][    T1] calling  blackhole_init+0x0/0x2c @ 1
[   17.262418][    T1] initcall blackhole_init+0x0/0x2c returned 0 after 1 usecs
[   17.269584][    T1] calling  police_init_module+0x0/0x30 @ 1
[   17.275264][    T1] initcall police_init_module+0x0/0x30 returned 0 after 1 usecs
[   17.282779][    T1] calling  gact_init_module+0x0/0x3c @ 1
[   17.288284][    T1] GACT probability on
[   17.292132][    T1] initcall gact_init_module+0x0/0x3c returned 0 after 3848 usecs
[   17.299731][    T1] calling  mirred_init_module+0x0/0x94 @ 1
[   17.305416][    T1] Mirror/redirect action on
[   17.309785][    T1] initcall mirred_init_module+0x0/0x94 returned 0 after 4373 usecs
[   17.317561][    T1] calling  skbedit_init_module+0x0/0x30 @ 1
[   17.323327][    T1] initcall skbedit_init_module+0x0/0x30 returned 0 after 0 usecs
[   17.330929][    T1] calling  bpf_init_module+0x0/0x34 @ 1
[   17.336347][    T1] initcall bpf_init_module+0x0/0x34 returned 0 after 1 usecs
[   17.343599][    T1] calling  htb_module_init+0x0/0x2c @ 1
[   17.349017][    T1] initcall htb_module_init+0x0/0x2c returned 0 after 0 usecs
[   17.356268][    T1] calling  ingress_module_init+0x0/0x74 @ 1
[   17.362035][    T1] initcall ingress_module_init+0x0/0x74 returned 0 after 0 usecs
[   17.369636][    T1] calling  sfq_module_init+0x0/0x2c @ 1
[   17.375053][    T1] initcall sfq_module_init+0x0/0x2c returned 0 after 0 usecs
[   17.382306][    T1] calling  tbf_module_init+0x0/0x2c @ 1
[   17.387723][    T1] initcall tbf_module_init+0x0/0x2c returned 0 after 0 usecs
[   17.394975][    T1] calling  prio_module_init+0x0/0x2c @ 1
[   17.400479][    T1] initcall prio_module_init+0x0/0x2c returned 0 after 0 usecs
[   17.407818][    T1] calling  multiq_module_init+0x0/0x2c @ 1
[   17.413497][    T1] initcall multiq_module_init+0x0/0x2c returned 0 after 0 usecs
[   17.421012][    T1] calling  netem_module_init+0x0/0x38 @ 1
[   17.426603][    T1] netem: version 1.3
[   17.430363][    T1] initcall netem_module_init+0x0/0x38 returned 0 after 3759 usecs
[   17.438049][    T1] calling  codel_module_init+0x0/0x2c @ 1
[   17.443643][    T1] initcall codel_module_init+0x0/0x2c returned 0 after 1 usecs
[   17.451067][    T1] calling  fq_codel_module_init+0x0/0x2c @ 1
[   17.456923][    T1] initcall fq_codel_module_init+0x0/0x2c returned 0 after 2 usecs
[   17.464609][    T1] calling  fq_module_init+0x0/0xc0 @ 1
[   17.469949][    T1] initcall fq_module_init+0x0/0xc0 returned 0 after 9 usecs
[   17.477112][    T1] calling  init_u32+0x0/0xec @ 1
[   17.481920][    T1] u32 classifier
[   17.485327][    T1]     input device check on
[   17.489695][    T1]     Actions configured
[   17.493810][    T1] initcall init_u32+0x0/0xec returned 0 after 11892 usecs
[   17.500799][    T1] calling  init_fw+0x0/0x2c @ 1
[   17.505520][    T1] initcall init_fw+0x0/0x2c returned 0 after 1 usecs
[   17.512072][    T1] calling  init_basic+0x0/0x2c @ 1
[   17.517055][    T1] initcall init_basic+0x0/0x2c returned 0 after 1 usecs
[   17.523875][    T1] calling  cls_flow_init+0x0/0x2c @ 1
[   17.529120][    T1] initcall cls_flow_init+0x0/0x2c returned 0 after 1 usecs
[   17.536196][    T1] calling  init_cgroup_cls+0x0/0x2c @ 1
[   17.541615][    T1] initcall init_cgroup_cls+0x0/0x2c returned 0 after 1 usecs
[   17.548866][    T1] calling  cls_bpf_init_mod+0x0/0x2c @ 1
[   17.554373][    T1] initcall cls_bpf_init_mod+0x0/0x2c returned 0 after 1 usecs
[   17.561710][    T1] calling  cls_mall_init+0x0/0x2c @ 1
[   17.566954][    T1] initcall cls_mall_init+0x0/0x2c returned 0 after 1 usecs
[   17.574029][    T1] calling  init_em_cmp+0x0/0x2c @ 1
[   17.579099][    T1] initcall init_em_cmp+0x0/0x2c returned 0 after 2 usecs
[   17.586000][    T1] calling  init_em_nbyte+0x0/0x2c @ 1
[   17.591245][    T1] initcall init_em_nbyte+0x0/0x2c returned 0 after 1 usecs
[   17.598320][    T1] calling  init_em_u32+0x0/0x2c @ 1
[   17.603390][    T1] initcall init_em_u32+0x0/0x2c returned 0 after 1 usecs
[   17.610291][    T1] calling  init_em_meta+0x0/0x2c @ 1
[   17.615449][    T1] initcall init_em_meta+0x0/0x2c returned 0 after 1 usecs
[   17.622437][    T1] calling  init_em_text+0x0/0x2c @ 1
[   17.627594][    T1] initcall init_em_text+0x0/0x2c returned 0 after 1 usecs
[   17.634581][    T1] calling  nfnetlink_init+0x0/0x9c @ 1
[   17.639917][    T1] initcall nfnetlink_init+0x0/0x9c returned 0 after 5 usecs
[   17.647080][    T1] calling  nfnetlink_queue_init+0x0/0x150 @ 1
[   17.653049][    T1] initcall nfnetlink_queue_init+0x0/0x150 returned 0 after 25 usecs
[   17.660923][    T1] calling  nfnetlink_log_init+0x0/0xf8 @ 1
[   17.666608][    T1] initcall nfnetlink_log_init+0x0/0xf8 returned 0 after 3 usecs
[   17.674121][    T1] calling  nf_conntrack_standalone_init+0x0/0xcc @ 1
[   17.681279][    T1] initcall nf_conntrack_standalone_init+0x0/0xcc returned 0 after 605 usecs
[   17.689843][    T1] calling  ctnetlink_init+0x0/0xd8 @ 1
[   17.695174][    T1] initcall ctnetlink_init+0x0/0xd8 returned 0 after 1 usecs
[   17.702340][    T1] calling  nf_conntrack_amanda_init+0x0/0xf0 @ 1
[   17.708546][    T1] initcall nf_conntrack_amanda_init+0x0/0xf0 returned 0 after 3 usecs
[   17.716584][    T1] calling  nf_conntrack_ftp_init+0x0/0x150 @ 1
[   17.722614][    T1] initcall nf_conntrack_ftp_init+0x0/0x150 returned 0 after 2 usecs
[   17.730477][    T1] calling  nf_conntrack_h323_init+0x0/0x108 @ 1
[   17.736609][    T1] initcall nf_conntrack_h323_init+0x0/0x108 returned 0 after 17 usecs
[   17.744649][    T1] calling  nf_conntrack_irc_init+0x0/0x1cc @ 1
[   17.750680][    T1] initcall nf_conntrack_irc_init+0x0/0x1cc returned 0 after 1 usecs
[   17.758543][    T1] calling  nf_conntrack_netbios_ns_init+0x0/0x38 @ 1
[   17.765096][    T1] initcall nf_conntrack_netbios_ns_init+0x0/0x38 returned 0 after 1 usecs
[   17.773484][    T1] calling  nf_conntrack_pptp_init+0x0/0x2c @ 1
[   17.779512][    T1] initcall nf_conntrack_pptp_init+0x0/0x2c returned 0 after 0 usecs
[   17.787376][    T1] calling  nf_conntrack_sane_init+0x0/0x148 @ 1
[   17.793493][    T1] initcall nf_conntrack_sane_init+0x0/0x148 returned 0 after 2 usecs
[   17.801444][    T1] calling  nf_conntrack_tftp_init+0x0/0x148 @ 1
[   17.807562][    T1] initcall nf_conntrack_tftp_init+0x0/0x148 returned 0 after 2 usecs
[   17.815514][    T1] calling  nf_log_syslog_init+0x0/0x100 @ 1
[   17.821281][    T1] initcall nf_log_syslog_init+0x0/0x100 returned 0 after 1 usecs
[   17.828883][    T1] calling  nf_nat_init+0x0/0xe8 @ 1
[   17.834261][    T1] initcall nf_nat_init+0x0/0xe8 returned 0 after 310 usecs
[   17.841340][    T1] calling  nf_nat_amanda_init+0x0/0x54 @ 1
[   17.847019][    T1] initcall nf_nat_amanda_init+0x0/0x54 returned 0 after 0 usecs
[   17.854533][    T1] calling  nf_nat_ftp_init+0x0/0x54 @ 1
[   17.859951][    T1] initcall nf_nat_ftp_init+0x0/0x54 returned 0 after 0 usecs
[   17.867203][    T1] calling  nf_nat_irc_init+0x0/0x54 @ 1
[   17.872621][    T1] initcall nf_nat_irc_init+0x0/0x54 returned 0 after 0 usecs
[   17.879873][    T1] calling  nf_nat_tftp_init+0x0/0x54 @ 1
[   17.885378][    T1] initcall nf_nat_tftp_init+0x0/0x54 returned 0 after 0 usecs
[   17.892717][    T1] calling  nf_conncount_modinit+0x0/0x108 @ 1
[   17.898665][    T1] initcall nf_conncount_modinit+0x0/0x108 returned 0 after 6 usecs
[   17.906441][    T1] calling  xt_init+0x0/0x1c8 @ 1
[   17.911249][    T1] initcall xt_init+0x0/0x1c8 returned 0 after 1 usecs
[   17.917892][    T1] calling  tcpudp_mt_init+0x0/0x30 @ 1
[   17.923223][    T1] initcall tcpudp_mt_init+0x0/0x30 returned 0 after 1 usecs
[   17.930389][    T1] calling  mark_mt_init+0x0/0x70 @ 1
[   17.935545][    T1] initcall mark_mt_init+0x0/0x70 returned 0 after 0 usecs
[   17.942536][    T1] calling  connmark_mt_init+0x0/0x78 @ 1
[   17.948040][    T1] initcall connmark_mt_init+0x0/0x78 returned 0 after 0 usecs
[   17.955380][    T1] calling  xt_nat_init+0x0/0x30 @ 1
[   17.960448][    T1] initcall xt_nat_init+0x0/0x30 returned 0 after 0 usecs
[   17.967352][    T1] calling  classify_tg_init+0x0/0x30 @ 1
[   17.972856][    T1] initcall classify_tg_init+0x0/0x30 returned 0 after 0 usecs
[   17.980196][    T1] calling  connsecmark_tg_init+0x0/0x2c @ 1
[   17.985963][    T1] initcall connsecmark_tg_init+0x0/0x2c returned 0 after 0 usecs
[   17.993564][    T1] calling  xt_ct_tg_init+0x0/0x74 @ 1
[   17.998807][    T1] initcall xt_ct_tg_init+0x0/0x74 returned 0 after 0 usecs
[   18.005884][    T1] calling  dscp_tg_init+0x0/0x30 @ 1
[   18.011040][    T1] initcall dscp_tg_init+0x0/0x30 returned 0 after 0 usecs
[   18.018031][    T1] calling  log_tg_init+0x0/0x30 @ 1
[   18.023099][    T1] initcall log_tg_init+0x0/0x30 returned 0 after 0 usecs
[   18.030003][    T1] calling  netmap_tg_init+0x0/0x30 @ 1
[   18.035333][    T1] initcall netmap_tg_init+0x0/0x30 returned 0 after 0 usecs
[   18.042498][    T1] calling  nflog_tg_init+0x0/0x2c @ 1
[   18.047741][    T1] initcall nflog_tg_init+0x0/0x2c returned 0 after 0 usecs
[   18.054819][    T1] calling  nfqueue_tg_init+0x0/0x30 @ 1
[   18.060236][    T1] initcall nfqueue_tg_init+0x0/0x30 returned 0 after 0 usecs
[   18.067494][    T1] calling  redirect_tg_init+0x0/0x30 @ 1
[   18.072999][    T1] initcall redirect_tg_init+0x0/0x30 returned 0 after 0 usecs
[   18.080339][    T1] calling  masquerade_tg_init+0x0/0x64 @ 1
[   18.086020][    T1] initcall masquerade_tg_init+0x0/0x64 returned 0 after 2 usecs
[   18.093535][    T1] calling  secmark_tg_init+0x0/0x30 @ 1
[   18.098953][    T1] initcall secmark_tg_init+0x0/0x30 returned 0 after 0 usecs
[   18.106205][    T1] calling  tproxy_tg_init+0x0/0x30 @ 1
[   18.111535][    T1] initcall tproxy_tg_init+0x0/0x30 returned 0 after 0 usecs
[   18.118701][    T1] calling  tcpmss_tg_init+0x0/0x30 @ 1
[   18.124031][    T1] initcall tcpmss_tg_init+0x0/0x30 returned 0 after 0 usecs
[   18.131196][    T1] calling  tee_tg_init+0x0/0xac @ 1
[   18.136266][    T1] initcall tee_tg_init+0x0/0xac returned 0 after 2 usecs
[   18.143171][    T1] calling  trace_tg_init+0x0/0x2c @ 1
[   18.148413][    T1] initcall trace_tg_init+0x0/0x2c returned 0 after 0 usecs
[   18.155491][    T1] calling  idletimer_tg_init+0x0/0xcc @ 1
[   18.161110][    T1] initcall idletimer_tg_init+0x0/0xcc returned 0 after 25 usecs
[   18.168626][    T1] calling  bpf_mt_init+0x0/0x30 @ 1
[   18.173695][    T1] initcall bpf_mt_init+0x0/0x30 returned 0 after 0 usecs
[   18.180599][    T1] calling  comment_mt_init+0x0/0x2c @ 1
[   18.186017][    T1] initcall comment_mt_init+0x0/0x2c returned 0 after 0 usecs
[   18.193270][    T1] calling  connbytes_mt_init+0x0/0x2c @ 1
[   18.198862][    T1] initcall connbytes_mt_init+0x0/0x2c returned 0 after 0 usecs
[   18.206288][    T1] calling  connlimit_mt_init+0x0/0x2c @ 1
[   18.211881][    T1] initcall connlimit_mt_init+0x0/0x2c returned 0 after 0 usecs
[   18.219308][    T1] calling  conntrack_mt_init+0x0/0x30 @ 1
[   18.224900][    T1] initcall conntrack_mt_init+0x0/0x30 returned 0 after 0 usecs
[   18.232327][    T1] calling  dscp_mt_init+0x0/0x30 @ 1
[   18.237483][    T1] initcall dscp_mt_init+0x0/0x30 returned 0 after 0 usecs
[   18.244473][    T1] calling  ecn_mt_init+0x0/0x30 @ 1
[   18.249541][    T1] initcall ecn_mt_init+0x0/0x30 returned 0 after 0 usecs
[   18.256447][    T1] calling  esp_mt_init+0x0/0x30 @ 1
[   18.261515][    T1] initcall esp_mt_init+0x0/0x30 returned 0 after 0 usecs
[   18.268419][    T1] calling  hashlimit_mt_init+0x0/0x108 @ 1
[   18.274104][    T1] initcall hashlimit_mt_init+0x0/0x108 returned 0 after 6 usecs
[   18.281619][    T1] calling  helper_mt_init+0x0/0x2c @ 1
[   18.286949][    T1] initcall helper_mt_init+0x0/0x2c returned 0 after 0 usecs
[   18.294115][    T1] calling  hl_mt_init+0x0/0x30 @ 1
[   18.299096][    T1] initcall hl_mt_init+0x0/0x30 returned 0 after 0 usecs
[   18.305913][    T1] calling  iprange_mt_init+0x0/0x30 @ 1
[   18.311330][    T1] initcall iprange_mt_init+0x0/0x30 returned 0 after 0 usecs
[   18.318583][    T1] calling  l2tp_mt_init+0x0/0x30 @ 1
[   18.323739][    T1] initcall l2tp_mt_init+0x0/0x30 returned 0 after 0 usecs
[   18.330730][    T1] calling  length_mt_init+0x0/0x30 @ 1
[   18.336060][    T1] initcall length_mt_init+0x0/0x30 returned 0 after 0 usecs
[   18.343226][    T1] calling  limit_mt_init+0x0/0x2c @ 1
[   18.348469][    T1] initcall limit_mt_init+0x0/0x2c returned 0 after 0 usecs
[   18.355547][    T1] calling  mac_mt_init+0x0/0x2c @ 1
[   18.360615][    T1] initcall mac_mt_init+0x0/0x2c returned 0 after 0 usecs
[   18.367518][    T1] calling  multiport_mt_init+0x0/0x30 @ 1
[   18.373110][    T1] initcall multiport_mt_init+0x0/0x30 returned 0 after 0 usecs
[   18.380537][    T1] calling  owner_mt_init+0x0/0x2c @ 1
[   18.385780][    T1] initcall owner_mt_init+0x0/0x2c returned 0 after 0 usecs
[   18.392858][    T1] calling  pkttype_mt_init+0x0/0x2c @ 1
[   18.398276][    T1] initcall pkttype_mt_init+0x0/0x2c returned 0 after 0 usecs
[   18.405529][    T1] calling  policy_mt_init+0x0/0x30 @ 1
[   18.410859][    T1] initcall policy_mt_init+0x0/0x30 returned 0 after 0 usecs
[   18.418024][    T1] calling  quota_mt_init+0x0/0x2c @ 1
[   18.423267][    T1] initcall quota_mt_init+0x0/0x2c returned 0 after 0 usecs
[   18.430346][    T1] calling  quota_mt2_init+0x0/0xd0 @ 1
[   18.435680][    T1] initcall quota_mt2_init+0x0/0xd0 returned 0 after 4 usecs
[   18.442846][    T1] calling  socket_mt_init+0x0/0x30 @ 1
[   18.448177][    T1] initcall socket_mt_init+0x0/0x30 returned 0 after 0 usecs
[   18.455342][    T1] calling  state_mt_init+0x0/0x2c @ 1
[   18.460585][    T1] initcall state_mt_init+0x0/0x2c returned 0 after 0 usecs
[   18.467663][    T1] calling  statistic_mt_init+0x0/0x2c @ 1
[   18.473254][    T1] initcall statistic_mt_init+0x0/0x2c returned 0 after 0 usecs
[   18.480679][    T1] calling  string_mt_init+0x0/0x2c @ 1
[   18.486008][    T1] initcall string_mt_init+0x0/0x2c returned 0 after 0 usecs
[   18.493172][    T1] calling  time_mt_init+0x0/0x84 @ 1
[   18.498326][    T1] xt_time: kernel timezone is -0000
[   18.503395][    T1] initcall time_mt_init+0x0/0x84 returned 0 after 5068 usecs
[   18.510643][    T1] calling  u32_mt_init+0x0/0x2c @ 1
[   18.515712][    T1] initcall u32_mt_init+0x0/0x2c returned 0 after 1 usecs
[   18.522613][    T1] calling  gre_offload_init+0x0/0x80 @ 1
[   18.528119][    T1] initcall gre_offload_init+0x0/0x80 returned 0 after 2 usecs
[   18.535456][    T1] calling  sysctl_ipv4_init+0x0/0x70 @ 1
[   18.541003][    T1] initcall sysctl_ipv4_init+0x0/0x70 returned 0 after 42 usecs
[   18.548432][    T1] calling  ipip_init+0x0/0xd4 @ 1
[   18.553328][    T1] ipip: IPv4 and MPLS over IPv4 tunneling driver
[   18.559645][    T1] initcall ipip_init+0x0/0xd4 returned 0 after 6318 usecs
[   18.566640][    T1] calling  gre_init+0x0/0x60 @ 1
[   18.571445][    T1] gre: GRE over IPv4 demultiplexor driver
[   18.577037][    T1] initcall gre_init+0x0/0x60 returned 0 after 5592 usecs
[   18.583937][    T1] calling  ipgre_init+0x0/0x130 @ 1
[   18.589006][    T1] ip_gre: GRE over IPv4 tunneling driver
[   18.594695][    T1] initcall ipgre_init+0x0/0x130 returned 0 after 5690 usecs
[   18.601863][    T1] calling  vti_init+0x0/0x124 @ 1
[   18.606757][    T1] IPv4 over IPsec tunneling driver
[   18.611798][    T1] initcall vti_init+0x0/0x124 returned 0 after 5041 usecs
[   18.618787][    T1] calling  esp4_init+0x0/0x9c @ 1
[   18.623684][    T1] initcall esp4_init+0x0/0x9c returned 0 after 2 usecs
[   18.630409][    T1] calling  tunnel4_init+0x0/0x78 @ 1
[   18.635566][    T1] initcall tunnel4_init+0x0/0x78 returned 0 after 1 usecs
[   18.642553][    T1] calling  nf_defrag_init+0x0/0x48 @ 1
[   18.647885][    T1] initcall nf_defrag_init+0x0/0x48 returned 0 after 2 usecs
[   18.655047][    T1] calling  nf_nat_h323_init+0x0/0x54 @ 1
[   18.660553][    T1] initcall nf_nat_h323_init+0x0/0x54 returned 0 after 2 usecs
[   18.667889][    T1] calling  nf_nat_helper_pptp_init+0x0/0x38 @ 1
[   18.674009][    T1] initcall nf_nat_helper_pptp_init+0x0/0x38 returned 0 after 1 usecs
[   18.681958][    T1] calling  ip_tables_init+0x0/0xac @ 1
[   18.687297][    T1] initcall ip_tables_init+0x0/0xac returned 0 after 8 usecs
[   18.694459][    T1] calling  iptable_filter_init+0x0/0xb8 @ 1
[   18.700228][    T1] initcall iptable_filter_init+0x0/0xb8 returned 0 after 3 usecs
[   18.710143][    T1] calling  iptable_mangle_init+0x0/0xb4 @ 1
[   18.715910][    T1] initcall iptable_mangle_init+0x0/0xb4 returned 0 after 0 usecs
[   18.723511][    T1] calling  iptable_nat_init+0x0/0x80 @ 1
[   18.729015][    T1] initcall iptable_nat_init+0x0/0x80 returned 0 after 1 usecs
[   18.736355][    T1] calling  iptable_raw_init+0x0/0xcc @ 1
[   18.741861][    T1] initcall iptable_raw_init+0x0/0xcc returned 0 after 2 usecs
[   18.749201][    T1] calling  iptable_security_init+0x0/0xb4 @ 1
[   18.755141][    T1] initcall iptable_security_init+0x0/0xb4 returned 0 after 0 usecs
[   18.762916][    T1] calling  rpfilter_mt_init+0x0/0x2c @ 1
[   18.768422][    T1] initcall rpfilter_mt_init+0x0/0x2c returned 0 after 0 usecs
[   18.775762][    T1] calling  reject_tg_init+0x0/0x2c @ 1
[   18.781092][    T1] initcall reject_tg_init+0x0/0x2c returned 0 after 0 usecs
[   18.788256][    T1] calling  arp_tables_init+0x0/0xac @ 1
[   18.793675][    T1] initcall arp_tables_init+0x0/0xac returned 0 after 3 usecs
[   18.800927][    T1] calling  arpt_mangle_init+0x0/0x2c @ 1
[   18.806432][    T1] initcall arpt_mangle_init+0x0/0x2c returned 0 after 0 usecs
[   18.813771][    T1] calling  arptable_filter_init+0x0/0xb4 @ 1
[   18.819624][    T1] initcall arptable_filter_init+0x0/0xb4 returned 0 after 0 usecs
[   18.827312][    T1] calling  inet_diag_init+0x0/0xf8 @ 1
[   18.832642][    T1] initcall inet_diag_init+0x0/0xf8 returned 0 after 0 usecs
[   18.839806][    T1] calling  tcp_diag_init+0x0/0x2c @ 1
[   18.845048][    T1] initcall tcp_diag_init+0x0/0x2c returned 0 after 0 usecs
[   18.852125][    T1] calling  udp_diag_init+0x0/0x6c @ 1
[   18.857367][    T1] initcall udp_diag_init+0x0/0x6c returned 0 after 0 usecs
[   18.864444][    T1] calling  bbr_register+0x0/0x40 @ 1
[   18.869599][    T1] initcall bbr_register+0x0/0x40 returned 0 after 1 usecs
[   18.876589][    T1] calling  cubictcp_register+0x0/0x9c @ 1
[   18.882180][    T1] initcall cubictcp_register+0x0/0x9c returned 0 after 0 usecs
[   18.889607][    T1] calling  xfrm_user_init+0x0/0x58 @ 1
[   18.894936][    T1] Initializing XFRM netlink socket
[   18.899922][    T1] initcall xfrm_user_init+0x0/0x58 returned 0 after 4986 usecs
[   18.907347][    T1] calling  xfrmi_init+0x0/0x250 @ 1
[   18.912417][    T1] IPsec XFRM device driver
[   18.916700][    T1] initcall xfrmi_init+0x0/0x250 returned 0 after 4285 usecs
[   18.923864][    T1] calling  inet6_init+0x0/0x3dc @ 1
[   18.928951][    T1] NET: Registered PF_INET6 protocol family
[   18.934969][    T1] Segment Routing with IPv6
[   18.939350][    T1] In-situ OAM (IOAM) with IPv6
[   18.944000][    T1] initcall inet6_init+0x0/0x3dc returned 0 after 15067 usecs
[   18.951251][    T1] calling  esp6_init+0x0/0x9c @ 1
[   18.956147][    T1] initcall esp6_init+0x0/0x9c returned 0 after 2 usecs
[   18.962874][    T1] calling  ipcomp6_init+0x0/0x9c @ 1
[   18.968031][    T1] initcall ipcomp6_init+0x0/0x9c returned 0 after 2 usecs
[   18.975019][    T1] calling  xfrm6_tunnel_init+0x0/0x15c @ 1
[   18.980706][    T1] initcall xfrm6_tunnel_init+0x0/0x15c returned 0 after 7 usecs
[   18.988218][    T1] calling  tunnel6_init+0x0/0xe0 @ 1
[   18.993376][    T1] initcall tunnel6_init+0x0/0xe0 returned 0 after 2 usecs
[   19.000364][    T1] calling  mip6_init+0x0/0xd4 @ 1
[   19.005259][    T1] mip6: Mobile IPv6
[   19.008929][    T1] initcall mip6_init+0x0/0xd4 returned 0 after 3671 usecs
[   19.015919][    T1] calling  ip6_tables_init+0x0/0xac @ 1
[   19.021341][    T1] initcall ip6_tables_init+0x0/0xac returned 0 after 5 usecs
[   19.028593][    T1] calling  ip6table_filter_init+0x0/0xb4 @ 1
[   19.034448][    T1] initcall ip6table_filter_init+0x0/0xb4 returned 0 after 1 usecs
[   19.042137][    T1] calling  ip6table_mangle_init+0x0/0xb4 @ 1
[   19.047990][    T1] initcall ip6table_mangle_init+0x0/0xb4 returned 0 after 0 usecs
[   19.055683][    T1] calling  ip6table_raw_init+0x0/0xcc @ 1
[   19.061274][    T1] initcall ip6table_raw_init+0x0/0xcc returned 0 after 0 usecs
[   19.068701][    T1] calling  nf_defrag_init+0x0/0xb0 @ 1
[   19.074038][    T1] initcall nf_defrag_init+0x0/0xb0 returned 0 after 7 usecs
[   19.081203][    T1] calling  rpfilter_mt_init+0x0/0x2c @ 1
[   19.086708][    T1] initcall rpfilter_mt_init+0x0/0x2c returned 0 after 0 usecs
[   19.094047][    T1] calling  reject_tg6_init+0x0/0x2c @ 1
[   19.099464][    T1] initcall reject_tg6_init+0x0/0x2c returned 0 after 0 usecs
[   19.106716][    T1] calling  vti6_tunnel_init+0x0/0x174 @ 1
[   19.112423][    T1] initcall vti6_tunnel_init+0x0/0x174 returned 0 after 115 usecs
[   19.120029][    T1] calling  sit_init+0x0/0x110 @ 1
[   19.124922][    T1] sit: IPv6, IPv4 and MPLS over IPv4 tunneling driver
[   19.131643][    T1] initcall sit_init+0x0/0x110 returned 0 after 6721 usecs
[   19.138633][    T1] calling  ip6_tunnel_init+0x0/0x11c @ 1
[   19.144230][    T1] initcall ip6_tunnel_init+0x0/0x11c returned 0 after 92 usecs
[   19.151657][    T1] calling  ip6gre_init+0x0/0x104 @ 1
[   19.156816][    T1] ip6_gre: GRE over IPv6 tunneling driver
[   19.162489][    T1] initcall ip6gre_init+0x0/0x104 returned 0 after 5675 usecs
[   19.169744][    T1] calling  packet_init+0x0/0xb4 @ 1
[   19.174815][    T1] NET: Registered PF_PACKET protocol family
[   19.180583][    T1] initcall packet_init+0x0/0xb4 returned 0 after 5771 usecs
[   19.187748][    T1] calling  ipsec_pfkey_init+0x0/0xc8 @ 1
[   19.193259][    T1] NET: Registered PF_KEY protocol family
[   19.198763][    T1] initcall ipsec_pfkey_init+0x0/0xc8 returned 0 after 5509 usecs
[   19.206364][    T1] calling  br_init+0x0/0xf0 @ 1
[   19.211097][    T1] initcall br_init+0x0/0xf0 returned 0 after 13 usecs
[   19.217739][    T1] calling  init_dns_resolver+0x0/0x180 @ 1
[   19.223428][    T1] Key type dns_resolver registered
[   19.228410][    T1] initcall init_dns_resolver+0x0/0x180 returned 0 after 4991 usecs
[   19.236184][    T1] calling  vsock_init+0x0/0x134 @ 1
[   19.241276][    T1] NET: Registered PF_VSOCK protocol family
[   19.246954][    T1] initcall vsock_init+0x0/0x134 returned 0 after 5702 usecs
[   19.254128][    T1] calling  vsock_diag_init+0x0/0x2c @ 1
[   19.259554][    T1] initcall vsock_diag_init+0x0/0x2c returned 0 after 6 usecs
[   19.266808][    T1] calling  vsock_loopback_init+0x0/0xb8 @ 1
[   19.272577][    T1] initcall vsock_loopback_init+0x0/0xb8 returned 0 after 3 usecs
[   19.280181][    T1] calling  check_mmu_enabled_at_boot+0x0/0x40 @ 1
[   19.286472][    T1] initcall check_mmu_enabled_at_boot+0x0/0x40 returned 0 after 0 usecs
[   19.294597][    T1] calling  finalize_pkvm+0x0/0x148 @ 1
[   19.299927][    T1] initcall finalize_pkvm+0x0/0x148 returned 0 after 0 usecs
[   19.307173][    T1] calling  kernel_do_mounts_initrd_sysctls_init+0x0/0x44 @ 1
[   19.314425][    T1] initcall kernel_do_mounts_initrd_sysctls_init+0x0/0x44 returned 0 after 2 usecs
[   19.323511][    T1] calling  kernel_panic_sysctls_init+0x0/0x44 @ 1
[   19.329803][    T1] initcall kernel_panic_sysctls_init+0x0/0x44 returned 0 after 3 usecs
[   19.337928][    T1] calling  kernel_panic_sysfs_init+0x0/0x40 @ 1
[   19.344045][    T1] initcall kernel_panic_sysfs_init+0x0/0x40 returned 0 after 2 usecs
[   19.351996][    T1] calling  kernel_exit_sysctls_init+0x0/0x44 @ 1
[   19.358199][    T1] initcall kernel_exit_sysctls_init+0x0/0x44 returned 0 after 0 usecs
[   19.366236][    T1] calling  kernel_exit_sysfs_init+0x0/0x40 @ 1
[   19.372264][    T1] initcall kernel_exit_sysfs_init+0x0/0x40 returned 0 after 1 usecs
[   19.380128][    T1] calling  param_sysfs_builtin_init+0x0/0x27c @ 1
[   19.390959][    T1] initcall param_sysfs_builtin_init+0x0/0x27c returned 0 after 4540 usecs
[   19.399372][    T1] calling  reboot_ksysfs_init+0x0/0xac @ 1
[   19.405066][    T1] initcall reboot_ksysfs_init+0x0/0xac returned 0 after 13 usecs
[   19.412670][    T1] calling  setup_proxy_exec_toggle+0x0/0x70 @ 1
[   19.418789][    T1] initcall setup_proxy_exec_toggle+0x0/0x70 returned 0 after 2 usecs
[   19.426741][    T1] calling  sched_core_sysctl_init+0x0/0x48 @ 1
[   19.432776][    T1] initcall sched_core_sysctl_init+0x0/0x48 returned 0 after 3 usecs
[   19.440641][    T1] calling  sched_fair_sysctl_init+0x0/0x44 @ 1
[   19.446671][    T1] initcall sched_fair_sysctl_init+0x0/0x44 returned 0 after 1 usecs
[   19.454535][    T1] calling  sched_rt_sysctl_init+0x0/0x48 @ 1
[   19.460390][    T1] initcall sched_rt_sysctl_init+0x0/0x48 returned 0 after 1 usecs
[   19.468079][    T1] calling  sched_pelt_sysctl_init+0x0/0x48 @ 1
[   19.474107][    T1] initcall sched_pelt_sysctl_init+0x0/0x48 returned 0 after 0 usecs
[   19.481970][    T1] calling  sched_dl_sysctl_init+0x0/0x48 @ 1
[   19.487825][    T1] initcall sched_dl_sysctl_init+0x0/0x48 returned 0 after 0 usecs
[   19.495514][    T1] calling  sched_init_debug+0x0/0x2a4 @ 1
[   19.501143][    T1] initcall sched_init_debug+0x0/0x2a4 returned 0 after 37 usecs
[   19.508658][    T1] calling  sched_energy_aware_sysctl_init+0x0/0x48 @ 1
[   19.515386][    T1] initcall sched_energy_aware_sysctl_init+0x0/0x48 returned 0 after 0 usecs
[   19.523948][    T1] calling  cpu_latency_qos_init+0x0/0x7c @ 1
[   19.529816][    T1] initcall cpu_latency_qos_init+0x0/0x7c returned 0 after 15 usecs
[   19.537593][    T1] calling  pm_debugfs_init+0x0/0x44 @ 1
[   19.543012][    T1] initcall pm_debugfs_init+0x0/0x44 returned 0 after 1 usecs
[   19.550264][    T1] calling  wakeup_reason_init+0x0/0x160 @ 1
[   19.556045][    T1] initcall wakeup_reason_init+0x0/0x160 returned 0 after 13 usecs
[   19.563735][    T1] calling  printk_late_init+0x0/0x19c @ 1
[   19.569340][    T1] initcall printk_late_init+0x0/0x19c returned 0 after 11 usecs
[   19.576855][    T1] calling  init_srcu_module_notifier+0x0/0x68 @ 1
[   19.583147][    T1] initcall init_srcu_module_notifier+0x0/0x68 returned 0 after 1 usecs
[   19.591272][    T1] calling  swiotlb_create_default_debugfs+0x0/0x38 @ 1
[   19.598005][    T1] initcall swiotlb_create_default_debugfs+0x0/0x38 returned 0 after 5 usecs
[   19.606567][    T1] calling  tk_debug_sleep_time_init+0x0/0x44 @ 1
[   19.612770][    T1] initcall tk_debug_sleep_time_init+0x0/0x44 returned 0 after 1 usecs
[   19.620808][    T1] calling  bpf_ksym_iter_register+0x0/0x30 @ 1
[   19.626835][    T1] initcall bpf_ksym_iter_register+0x0/0x30 returned 0 after 0 usecs
[   19.634697][    T1] calling  bpf_rstat_kfunc_init+0x0/0x30 @ 1
[   19.640551][    T1] initcall bpf_rstat_kfunc_init+0x0/0x30 returned 0 after 1 usecs
[   19.648239][    T1] calling  debugfs_kprobe_init+0x0/0xa4 @ 1
[   19.654009][    T1] initcall debugfs_kprobe_init+0x0/0xa4 returned 0 after 4 usecs
[   19.661610][    T1] calling  kernel_delayacct_sysctls_init+0x0/0x44 @ 1
[   19.668250][    T1] initcall kernel_delayacct_sysctls_init+0x0/0x44 returned 0 after 1 usecs
[   19.676723][    T1] calling  taskstats_init+0x0/0x58 @ 1
[   19.682061][    T1] registered taskstats version 1
[   19.686867][    T1] initcall taskstats_init+0x0/0x58 returned 0 after 4813 usecs
[   19.694292][    T1] calling  bpf_key_sig_kfuncs_init+0x0/0x30 @ 1
[   19.700412][    T1] initcall bpf_key_sig_kfuncs_init+0x0/0x30 returned 0 after 2 usecs
[   19.708361][    T1] calling  bpf_kprobe_multi_kfuncs_init+0x0/0x34 @ 1
[   19.714915][    T1] initcall bpf_kprobe_multi_kfuncs_init+0x0/0x34 returned 0 after 2 usecs
[   19.723303][    T1] calling  bpf_global_ma_init+0x0/0x4c @ 1
[   19.729041][    T1] initcall bpf_global_ma_init+0x0/0x4c returned 0 after 58 usecs
[   19.736643][    T1] calling  bpf_syscall_sysctl_init+0x0/0x48 @ 1
[   19.742761][    T1] initcall bpf_syscall_sysctl_init+0x0/0x48 returned 0 after 2 usecs
[   19.750712][    T1] calling  unbound_reg_init+0x0/0x40 @ 1
[   19.756216][    T1] initcall unbound_reg_init+0x0/0x40 returned 0 after 0 usecs
[   19.763555][    T1] calling  kfunc_init+0x0/0x110 @ 1
[   19.768624][    T1] initcall kfunc_init+0x0/0x110 returned 0 after 0 usecs
[   19.775527][    T1] calling  bpf_map_iter_init+0x0/0x48 @ 1
[   19.781118][    T1] initcall bpf_map_iter_init+0x0/0x48 returned 0 after 0 usecs
[   19.788545][    T1] calling  init_subsystem+0x0/0x34 @ 1
[   19.793879][    T1] initcall init_subsystem+0x0/0x34 returned 0 after 0 usecs
[   19.801045][    T1] calling  task_iter_init+0x0/0x104 @ 1
[   19.806463][    T1] initcall task_iter_init+0x0/0x104 returned 0 after 0 usecs
[   19.813715][    T1] calling  bpf_prog_iter_init+0x0/0x30 @ 1
[   19.819394][    T1] initcall bpf_prog_iter_init+0x0/0x30 returned 0 after 0 usecs
[   19.826908][    T1] calling  bpf_link_iter_init+0x0/0x30 @ 1
[   19.832586][    T1] initcall bpf_link_iter_init+0x0/0x30 returned 0 after 0 usecs
[   19.840100][    T1] calling  init_trampolines+0x0/0x38 @ 1
[   19.845605][    T1] initcall init_trampolines+0x0/0x38 returned 0 after 0 usecs
[   19.852944][    T1] calling  kfunc_init+0x0/0x34 @ 1
[   19.857924][    T1] initcall kfunc_init+0x0/0x34 returned 0 after 0 usecs
[   19.864740][    T1] calling  bpf_cgroup_iter_init+0x0/0x38 @ 1
[   19.870594][    T1] initcall bpf_cgroup_iter_init+0x0/0x38 returned 0 after 0 usecs
[   19.878282][    T1] calling  cpumask_kfunc_init+0x0/0xcc @ 1
[   19.883963][    T1] initcall cpumask_kfunc_init+0x0/0xcc returned 0 after 2 usecs
[   19.891478][    T1] calling  crypto_kfunc_init+0x0/0xbc @ 1
[   19.897070][    T1] initcall crypto_kfunc_init+0x0/0xbc returned 0 after 0 usecs
[   19.904497][    T1] calling  dmabuf_iter_init+0x0/0x30 @ 1
[   19.910002][    T1] initcall dmabuf_iter_init+0x0/0x30 returned 0 after 0 usecs
[   19.917341][    T1] calling  load_system_certificate_list+0x0/0x48 @ 1
[   19.923892][    T1] Loading compiled-in X.509 certificates
[   19.930171][    T1] Loaded X.509 cert 'Build time autogenerated kernel key: 754c25abd1b6f32bf4a447fb7f668cf3b7edaefe'
[   19.940834][    T1] initcall load_system_certificate_list+0x0/0x48 returned 0 after 16941 usecs
[   19.949575][    T1] calling  init_lru_gen+0x0/0x90 @ 1
[   19.954743][    T1] initcall init_lru_gen+0x0/0x90 returned 0 after 11 usecs
[   19.961823][    T1] calling  init_pgsize_migration+0x0/0x5c @ 1
[   19.967768][    T1] initcall init_pgsize_migration+0x0/0x5c returned 0 after 2 usecs
[   19.975548][    T1] calling  fault_around_debugfs+0x0/0x44 @ 1
[   19.981406][    T1] initcall fault_around_debugfs+0x0/0x44 returned 0 after 3 usecs
[   19.989097][    T1] calling  slab_sysfs_init+0x0/0x154 @ 1
[   19.997498][    T1] initcall slab_sysfs_init+0x0/0x154 returned 0 after 2897 usecs
[   20.005118][    T1] calling  max_swapfiles_check+0x0/0x8 @ 1
[   20.010797][    T1] initcall max_swapfiles_check+0x0/0x8 returned 0 after 0 usecs
[   20.018310][    T1] calling  mempolicy_sysfs_init+0x0/0x3a8 @ 1
[   20.024285][    T1] initcall mempolicy_sysfs_init+0x0/0x3a8 returned 0 after 35 usecs
[   20.032149][    T1] calling  kfence_debugfs_init+0x0/0x40 @ 1
[   20.037925][    T1] initcall kfence_debugfs_init+0x0/0x40 returned 0 after 9 usecs
[   20.045527][    T1] calling  memory_tier_late_init+0x0/0xe8 @ 1
[   20.051532][    T1] Demotion targets for Node 0: null
[   20.056605][    T1] initcall memory_tier_late_init+0x0/0xe8 returned 0 after 5132 usecs
[   20.064643][    T1] calling  split_huge_pages_debugfs+0x0/0x44 @ 1
[   20.070847][    T1] initcall split_huge_pages_debugfs+0x0/0x44 returned 0 after 2 usecs
[   20.078884][    T1] calling  pageowner_init+0x0/0xc0 @ 1
[   20.084214][    T1] page_owner is disabled
[   20.088322][    T1] initcall pageowner_init+0x0/0xc0 returned 0 after 4109 usecs
[   20.095747][    T1] calling  page_pinner_init+0x0/0xb4 @ 1
[   20.101253][    T1] initcall page_pinner_init+0x0/0xb4 returned 0 after 1 usecs
[   20.108590][    T1] calling  check_early_ioremap_leak+0x0/0x68 @ 1
[   20.114794][    T1] initcall check_early_ioremap_leak+0x0/0x68 returned 0 after 1 usecs
[   20.122831][    T1] calling  cma_debugfs_init+0x0/0x208 @ 1
[   20.128444][    T1] initcall cma_debugfs_init+0x0/0x208 returned 0 after 22 usecs
[   20.135958][    T1] calling  set_hardened_usercopy+0x0/0x44 @ 1
[   20.141899][    T1] initcall set_hardened_usercopy+0x0/0x44 returned 1 after 0 usecs
[   20.149674][    T1] calling  fscrypt_init+0x0/0x100 @ 1
[   20.154951][    T1] Key type .fscrypt registered
[   20.159584][    T1] Key type fscrypt-provisioning registered
[   20.165261][    T1] initcall fscrypt_init+0x0/0x100 returned 0 after 10344 usecs
[   20.172688][    T1] calling  fsverity_init+0x0/0x54 @ 1
[   20.177954][    T1] initcall fsverity_init+0x0/0x54 returned 0 after 22 usecs
[   20.185120][    T1] calling  init_btrfs_fs+0x0/0xc8 @ 1
[   20.191462][    T1] Btrfs loaded, zoned=yes, fsverity=yes
[   20.196890][    T1] initcall init_btrfs_fs+0x0/0xc8 returned 0 after 6528 usecs
[   20.204227][    T1] calling  pstore_init+0x0/0x78 @ 1
[   20.209303][    T1] initcall pstore_init+0x0/0x78 returned 0 after 4 usecs
[   20.216205][    T1] calling  bpf_fs_kfuncs_init+0x0/0x30 @ 1
[   20.221887][    T1] initcall bpf_fs_kfuncs_init+0x0/0x30 returned 0 after 2 usecs
[   20.229399][    T1] calling  init_root_keyring+0x0/0x2c @ 1
[   20.235010][    T1] initcall init_root_keyring+0x0/0x2c returned 0 after 19 usecs
[   20.242524][    T1] calling  integrity_fs_init+0x0/0x90 @ 1
[   20.248126][    T1] initcall integrity_fs_init+0x0/0x90 returned 0 after 9 usecs
[   20.255553][    T1] calling  crypto_algapi_init+0x0/0x28 @ 1
[   20.261238][    T1] initcall crypto_algapi_init+0x0/0x28 returned 0 after 5 usecs
[   20.268751][    T1] calling  blk_timeout_init+0x0/0x18 @ 1
[   20.274259][    T1] initcall blk_timeout_init+0x0/0x18 returned 0 after 1 usecs
[   20.281598][    T1] calling  depot_debugfs_init+0x0/0x6c @ 1
[   20.287281][    T1] initcall depot_debugfs_init+0x0/0x6c returned 0 after 2 usecs
[   20.294792][    T1] calling  pci_resource_alignment_sysfs_init+0x0/0x34 @ 1
[   20.301787][    T1] initcall pci_resource_alignment_sysfs_init+0x0/0x34 returned 0 after 4 usecs
[   20.310611][    T1] calling  pci_sysfs_init+0x0/0xb8 @ 1
[   20.315943][    T1] initcall pci_sysfs_init+0x0/0xb8 returned 0 after 1 usecs
[   20.323108][    T1] calling  clk_debug_init+0x0/0x12c @ 1
[   20.328837][    T1] initcall clk_debug_init+0x0/0x12c returned 0 after 312 usecs
[   20.336266][    T1] calling  genpd_debug_init+0x0/0x9c @ 1
[   20.342047][    T1] initcall genpd_debug_init+0x0/0x9c returned 0 after 277 usecs
[   20.349564][    T1] calling  sync_state_resume_initcall+0x0/0x28 @ 1
[   20.355942][    T1] initcall sync_state_resume_initcall+0x0/0x28 returned 0 after 0 usecs
[   20.364154][    T1] calling  deferred_probe_initcall+0x0/0xbc @ 1
[   20.370681][   T53] probe of rp1_firmware returned -517 after 13 usecs
[   20.370717][   T61] probe of wl-on-reg returned 0 after 245 usecs
[   20.370768][   T12] probe of sd-vcc-reg returned 0 after 350 usecs
[   20.370780][   T14] probe of cam0_reg returned -517 after 8 usecs
[   20.370784][   T12] probe of cam1_reg returned -517 after 4 usecs
[   20.370867][   T14] probe of sd-io-1v8-reg returned 0 after 77 usecs
[   20.377308][   T53] probe of leds returned 517 after 26 usecs
[   20.414067][   T53] brcm-pcie 1000120000.pcie: host bridge /axi/pcie@1000120000 ranges:
[   20.422127][   T53] brcm-pcie 1000120000.pcie:   No bus range found for /axi/pcie@1000120000, using [bus 00-ff]
[   20.432274][   T53] brcm-pcie 1000120000.pcie:      MEM 0x1f00000000..0x1ffffffffb -> 0x0000000000
[   20.441277][   T53] brcm-pcie 1000120000.pcie:      MEM 0x1c00000000..0x1effffffff -> 0x0400000000
[   20.450283][   T53] brcm-pcie 1000120000.pcie:   IB MEM 0x1f00000000..0x1f003fffff -> 0x0000000000
[   20.459286][   T53] brcm-pcie 1000120000.pcie:   IB MEM 0x0000000000..0x0fffffffff -> 0x1000000000
[   20.468286][   T53] brcm-pcie 1000120000.pcie:   IB MEM 0x1000130000..0x1000130fff -> 0xfffffff000
[   20.478722][   T53] brcm-pcie 1000120000.pcie: PCI host bridge to bus 0002:00
[   20.485916][   T53] pci_bus 0002:00: root bus resource [bus 00-ff]
[   20.492126][   T53] pci_bus 0002:00: root bus resource [mem 0x1f00000000-0x1ffffffffb] (bus address [0x00000000-0xfffffffb])
[   20.503396][   T53] pci_bus 0002:00: root bus resource [mem 0x1c00000000-0x1effffffff pref] (bus address [0x400000000-0x6ffffffff])
[   20.515288][   T53] pci 0002:00:00.0: [14e4:2712] type 01 class 0x060400 PCIe Root Port
[   20.523330][   T53] pci 0002:00:00.0: PCI bridge to [bus 00]
[   20.529028][   T53] pci 0002:00:00.0:   bridge window [mem 0x1f80000000-0x1fbfffffff]
[   20.536913][   T53] pci 0002:00:00.0: PME# supported from D0 D3hot
[   20.543680][   T53] pci 0002:00:00.0: bridge configuration invalid ([bus 00-00]), reconfiguring
[   20.655308][   T53] brcm-pcie 1000120000.pcie: clkreq-mode set to default
[   20.662129][   T53] brcm-pcie 1000120000.pcie: link up, 5.0 GT/s PCIe x4 (!SSC)
[   20.669492][   T53] pci 0002:01:00.0: [1de4:0001] type 00 class 0x020000 PCIe Endpoint
[   20.677455][   T53] pci 0002:01:00.0: BAR 0 [mem 0xffffc000-0xffffffff]
[   20.684099][   T53] pci 0002:01:00.0: BAR 1 [mem 0xffc00000-0xffffffff]
[   20.690744][   T53] pci 0002:01:00.0: BAR 2 [mem 0xffff0000-0xffffffff]
[   20.697445][   T53] pci 0002:01:00.0: supports D1
[   20.702166][   T53] pci 0002:01:00.0: PME# supported from D0 D1 D3hot D3cold
[   20.715314][   T53] pci_bus 0002:01: busn_res: [bus 01-ff] end is updated to 01
[   20.722671][   T53] pci 0002:00:00.0: bridge window [mem 0x1f00000000-0x1f005fffff]: assigned
[   20.731242][   T53] pci 0002:01:00.0: BAR 1 [mem 0x1f00000000-0x1f003fffff]: assigned
[   20.739111][   T53] pci 0002:01:00.0: BAR 2 [mem 0x1f00400000-0x1f0040ffff]: assigned
[   20.746976][   T53] pci 0002:01:00.0: BAR 0 [mem 0x1f00410000-0x1f00413fff]: assigned
[   20.754841][   T53] pci 0002:00:00.0: PCI bridge to [bus 01]
[   20.760528][   T53] pci 0002:00:00.0:   bridge window [mem 0x1f00000000-0x1f005fffff]
[   20.768395][   T53] pci_bus 0002:00: resource 4 [mem 0x1f00000000-0x1ffffffffb]
[   20.775736][   T53] pci_bus 0002:00: resource 5 [mem 0x1c00000000-0x1effffffff pref]
[   20.783511][   T53] pci_bus 0002:01: resource 1 [mem 0x1f00000000-0x1f005fffff]
[   20.790912][   T53] pcieport 0002:00:00.0: enabling device (0000 -> 0002)
[   20.797764][   T53] pcieport 0002:00:00.0: PME: Signaling with IRQ 41
[   20.804236][   T53] probe of 0002:00:00.0:pcie001 returned 0 after 6487 usecs
[   20.811477][   T53] pcieport 0002:00:00.0: AER: enabled with IRQ 41
[   20.817769][   T53] probe of 0002:00:00.0:pcie002 returned 0 after 6357 usecs
[   20.824958][   T53] probe of 0002:00:00.0 returned 0 after 34095 usecs
[   20.831577][   T53] rp1 0002:01:00.0: bar0 len 0x4000, start 0x1f00410000, end 0x1f00413fff, flags, 0x40200
[   20.841367][   T53] rp1 0002:01:00.0: bar1 len 0x400000, start 0x1f00000000, end 0x1f003fffff, flags, 0x40200
[   20.851335][   T53] rp1 0002:01:00.0: enabling device (0000 -> 0002)
[   20.858329][   T53] rp1 0002:01:00.0: chip_id 0x20001927
[   20.864178][   T53] probe of 1f00008000.mailbox returned -517 after 0 usecs
[   20.874414][   T53] probe of 1f00018000.clocks returned 0 after 3192 usecs
[   20.881415][   T53] probe of 1f0009c000.pwm returned -517 after 3 usecs
[   20.888281][   T53] probe of 1f000d0000.gpio returned -517 after 0 usecs
[   20.895098][   T53] probe of 1f00100000.ethernet returned -517 after 0 usecs
[   20.902275][   T53] probe of 1f00178000.pio returned 517 after 53 usecs
[   20.908992][   T53] probe of 1f00188000.dma returned -517 after 0 usecs
[   20.915692][   T53] probe of 1f00200000.usb returned -517 after 3 usecs
[   20.922388][   T53] probe of 1f00300000.usb returned -517 after 0 usecs
[   20.929105][   T53] probe of 1f00400000.sram returned 0 after 51 usecs
[   20.935717][   T53] rpi-gpiomem 1f000d0000.gpiomem: window base 0x1f000d0000 size 0x00030000
[   20.944228][   T53] rpi-gpiomem 1f000d0000.gpiomem: initialised 1 regions as /dev/gpiomem0
[   20.952535][   T53] probe of 1f000d0000.gpiomem returned 0 after 16840 usecs
[   20.959662][   T53] probe of 0002:01:00.0 returned 0 after 128109 usecs
[   20.966358][   T53] probe of 1000120000.pcie returned 0 after 552314 usecs
[   20.973295][   T53] bcm2712-iommu 1000005100.iommu: IOVA aperture 0xa00000000..0xb00000000 including DMA offset 0x0
[   20.983805][   T53] bcm2712-iommu 1000005100.iommu: bcm2712_iommu_init: DEBUG_INFO = 0x20804774
[   20.992574][   T53] probe of 1000005100.iommu returned 0 after 19299 usecs
[   20.999503][   T53] bcm2712-iommu 1000005200.iommu: IOVA aperture 0xa00000000..0xa80000000 including DMA offset 0x0
[   21.010006][   T53] bcm2712-iommu 1000005200.iommu: bcm2712_iommu_init: DEBUG_INFO = 0x20804774
[   21.018762][   T53] probe of 1000005200.iommu returned 0 after 19274 usecs
[   21.025690][   T53] bcm2712-iommu 1000005280.iommu: IOVA aperture 0x1a00000000..0x1a80000000 including DMA offset 0x1000000000
[   21.037149][   T53] bcm2712-iommu 1000005280.iommu: bcm2712_iommu_init: DEBUG_INFO = 0x20804774
[   21.045905][   T53] probe of 1000005280.iommu returned 0 after 20229 usecs
[   21.058329][   T53] v3d 1002000000.v3d: [drm] Using Transparent Hugepages
[   21.065435][   T53] [drm] Initialized v3d 1.0.0 for 1002000000.v3d on minor 0
[   21.076031][   T53] probe of 1002000000.v3d returned 0 after 23211 usecs
[   21.082810][   T53] vc4_hvs 107c580000.hvs: bcm2712_iommu_of_xlate: MMU 1000005200.iommu
[   21.090944][   T53] vc4_hvs 107c580000.hvs: bcm2712_iommu_probe_device: MMU 1000005200.iommu
[   21.099428][   T53] vc4_hvs 107c580000.hvs: bcm2712_iommu_device_group: MMU 1000005200.iommu
[   21.107911][   T53] vc4_hvs 107c580000.hvs: Adding to iommu group 1
[   21.114207][   T53] vc4_hvs 107c580000.hvs: bcm2712_iommu_attach_dev: MMU 1000005200.iommu
[   21.122538][   T53] probe of 107c580000.hvs returned 0 after 39741 usecs
[   21.129318][   T53] vc4-drm axi:gpu: bcm2712_iommu_of_xlate: MMU 1000005200.iommu
[   21.136836][   T53] vc4-drm axi:gpu: bcm2712_iommu_probe_device: MMU 1000005200.iommu
[   21.144699][   T53] vc4-drm axi:gpu: bcm2712_iommu_device_group: MMU 1000005200.iommu
[   21.152564][   T53] vc4-drm axi:gpu: Adding to iommu group 1
[   21.158242][   T53] vc4-drm axi:gpu: bcm2712_iommu_attach_dev: MMU 1000005200.iommu
[   21.169579][   T53] vc4-drm axi:gpu: bound 107c580000.hvs (ops vc4_hvs_ops)
[   21.180312][   T53] probe of hdmi-audio-codec.1.auto returned 0 after 10 usecs
[   21.188151][   T53] input: vc4-hdmi-0 HDMI Jack as /devices/platform/soc@107c000000/107c701400.hdmi/sound/card0/input0
[   21.204025][   T53] vc4-drm axi:gpu: bound 107c701400.hdmi (ops vc4_hdmi_ops)
[   21.214902][   T53] probe of hdmi-audio-codec.2.auto returned 0 after 7 usecs
[   21.222351][   T53] input: vc4-hdmi-1 HDMI Jack as /devices/platform/soc@107c000000/107c706400.hdmi/sound/card1/input1
[   21.234817][   T53] vc4-drm axi:gpu: bound 107c706400.hdmi (ops vc4_hdmi_ops)
[   21.242043][   T53] vc4-drm axi:gpu: bound 107c500000.mop (ops vc4_txp_ops)
[   21.249073][   T53] vc4-drm axi:gpu: bound 107c501000.moplet (ops vc4_txp_ops)
[   21.256368][   T53] vc4-drm axi:gpu: bound 107c410000.pixelvalve (ops vc4_crtc_ops)
[   21.264098][   T53] vc4-drm axi:gpu: bound 107c411000.pixelvalve (ops vc4_crtc_ops)
[   21.272396][   T53] [drm] Initialized vc4 0.0.0 for axi:gpu on minor 1
[   21.284104][   T53] vc4-drm axi:gpu: [drm] Cannot find any crtc or sizes
[   21.290919][   T53] probe of axi:gpu returned 0 after 161622 usecs
[   21.297188][   T53] probe of 1000480000.usb returned -517 after 1 usecs
[   21.303107][   T62] vc4-drm axi:gpu: [drm] Cannot find any crtc or sizes
[   21.303897][   T53] rpi-hevc-dec 1000800000.codec: bcm2712_iommu_of_xlate: MMU 1000005100.iommu
[   21.316533][   T62] vc4-drm axi:gpu: [drm] Cannot find any crtc or sizes
[   21.319288][   T53] rpi-hevc-dec 1000800000.codec: bcm2712_iommu_probe_device: MMU 1000005100.iommu
[   21.335096][   T53] rpi-hevc-dec 1000800000.codec: bcm2712_iommu_device_group: MMU 1000005100.iommu
[   21.344184][   T53] rpi-hevc-dec 1000800000.codec: Adding to iommu group 0
[   21.351085][   T53] rpi-hevc-dec 1000800000.codec: bcm2712_iommu_attach_dev: MMU 1000005100.iommu
[   21.361006][   T53] rpi-hevc-dec 1000800000.codec: Device registered as /dev/video19
[   21.368848][   T53] probe of 1000800000.codec returned 0 after 64978 usecs
[   21.375811][   T53] pispbe 1000880000.pisp_be: bcm2712_iommu_of_xlate: MMU 1000005100.iommu
[   21.384205][   T53] pispbe 1000880000.pisp_be: bcm2712_iommu_probe_device: MMU 1000005100.iommu
[   21.392944][   T53] pispbe 1000880000.pisp_be: bcm2712_iommu_device_group: MMU 1000005100.iommu
[   21.401683][   T53] pispbe 1000880000.pisp_be: Adding to iommu group 0
[   21.408234][   T53] pispbe 1000880000.pisp_be: bcm2712_iommu_attach_dev: MMU 1000005100.iommu
[   21.417502][   T53] probe of 1000880000.pisp_be returned 0 after 41708 usecs
[   21.424630][   T53] probe of cooling_fan returned -517 after 1 usecs
[   21.431285][   T14] probe of cam0_reg returned -517 after 1 usecs
[   21.431346][   T61] sdhci-brcmstb 1000fff000.mmc: Got CD GPIO
[   21.431355][   T53] probe of rp1_firmware returned -517 after 1 usecs
[   21.431401][   T53] probe of leds returned 517 after 32 usecs
[   21.431504][   T53] genirq: irq_chip rp1_irq_chip did not update eff. affinity mask of irq 161
[   21.431510][   T94] mmc1: CQHCI version 5.10
[   21.431531][   T53] probe of 1f00008000.mailbox returned 0 after 68 usecs
[   21.431544][   T53] probe of 1f0009c000.pwm returned -517 after 4 usecs
[   21.431854][   T53] probe of 1f000d0000.gpio returned 0 after 302 usecs
[   21.433060][   T12] probe of cam1_reg returned 0 after 85 usecs
[   21.453016][   T53] probe of 1f00100000.ethernet-ffffffff:01 returned 0 after 1442 usecs
[   21.455498][   T61] mmc0: CQHCI version 5.10
[   21.464234][   T53] macb 1f00100000.ethernet eth0: Cadence GEM rev 0x00070109 at 0x1f00100000 irq 109 (88:a2:9e:11:aa:ea)
[   21.517791][   T53] probe of 1f00100000.ethernet returned 0 after 85906 usecs
[   21.525035][   T53] probe of 1f00178000.pio returned 517 after 44 usecs
[   21.532394][   T53] dw_axi_dmac_platform 1f00188000.dma: DesignWare AXI DMA Controller, 8 channels
[   21.541407][   T53] probe of 1f00188000.dma returned 0 after 9686 usecs
[   21.548280][   T53] xhci-hcd xhci-hcd.0: xHCI Host Controller
[   21.553459][   T61] mmc0: SDHCI controller on 1000fff000.mmc [1000fff000.mmc] using ADMA 64-bit
[   21.554060][   T53] xhci-hcd xhci-hcd.0: new USB bus registered, assigned bus number 1
[   21.562841][   T61] probe of 1000fff000.mmc returned 0 after 131684 usecs
[   21.571222][   T53] xhci-hcd xhci-hcd.0: hcc params 0x0240fe6d hci version 0x110 quirks 0x0000808000000810
[   21.587254][   T53] xhci-hcd xhci-hcd.0: irq 134, io mem 0x1f00200000
[   21.593787][   T53] xhci-hcd xhci-hcd.0: xHCI Host Controller
[   21.599558][   T53] xhci-hcd xhci-hcd.0: new USB bus registered, assigned bus number 2
[   21.607511][   T53] xhci-hcd xhci-hcd.0: Host supports USB 3.0 SuperSpeed
[   21.614363][   T53] usb usb1: New USB device found, idVendor=1d6b, idProduct=0002, bcdDevice= 6.12
[   21.623372][   T53] usb usb1: New USB device strings: Mfr=3, Product=2, SerialNumber=1
[   21.631319][   T53] usb usb1: Product: xHCI Host Controller
[   21.636909][   T53] usb usb1: Manufacturer: Linux 6.12.77-v8-g55b572d3ed0e xhci-hcd
[   21.644610][   T53] usb usb1: SerialNumber: xhci-hcd.0
[   21.649848][   T53] hub 1-0:1.0: USB hub found
[   21.653898][   T94] mmc1: SDHCI controller on 1001100000.mmc [1001100000.mmc] using ADMA 64-bit
[   21.654316][   T53] hub 1-0:1.0: 2 ports detected
[   21.663053][   T94] probe of 1001100000.mmc returned 0 after 231797 usecs
[   21.667813][   T53] probe of 1-0:1.0 returned 0 after 17967 usecs
[   21.680699][   T53] probe of usb1 returned 0 after 30883 usecs
[   21.680826][   T11] mmc0: new ultra high speed SDR104 SDHC card at address aaaa
[   21.686594][   T53] usb usb2: New USB device found, idVendor=1d6b, idProduct=0003, bcdDevice= 6.12
[   21.694095][   T11] mmcblk0: mmc0:aaaa JULIE 29.7 GiB
[   21.702954][   T53] usb usb2: New USB device strings: Mfr=3, Product=2, SerialNumber=1
[   21.712925][   T11]  mmcblk0: p1 p2 < p5 p6 p7 > p3
[   21.715904][   T53] usb usb2: Product: xHCI Host Controller
[   21.715905][   T53] usb usb2: Manufacturer: Linux 6.12.77-v8-g55b572d3ed0e xhci-hcd
[   21.720908][   T11] mmcblk0: mmc0:aaaa JULIE 29.7 GiB (quirks 0x00004000)
[   21.726387][   T53] usb usb2: SerialNumber: xhci-hcd.0
[   21.726464][   T53] hub 2-0:1.0: USB hub found
[   21.734084][   T11] probe of mmc0:aaaa returned 0 after 40160 usecs
[   21.740896][   T53] hub 2-0:1.0: 1 port detected
[   21.750236][   T58] mmc1: new ultra high speed DDR50 SDIO card at address 0001
[   21.750542][   T53] probe of 2-0:1.0 returned 0 after 24080 usecs
[   21.756818][   T58] probe of mmc1:0001 returned 19 after 7 usecs
[   21.761456][   T53] probe of usb2 returned 0 after 35022 usecs
[   21.768715][   T58] probe of mmc1:0001:1 returned 0 after 24 usecs
[   21.774807][   T53] probe of xhci-hcd.0 returned 0 after 226552 usecs
[   21.780980][   T58] brcmfmac: F1 signature read @0x18000000=0x15264345
[   21.786673][   T53] probe of 1f00200000.usb returned 0 after 238595 usecs
[   21.794180][   T58] brcmfmac: brcmf_fw_alloc_request: using brcm/brcmfmac43455-sdio for chip BCM4345/6
[   21.799597][   T53] xhci-hcd xhci-hcd.1: xHCI Host Controller
[   21.805895][   T58] probe of mmc1:0001:2 returned 0 after 25055 usecs
[   21.812699][   T53] xhci-hcd xhci-hcd.1: new USB bus registered, assigned bus number 3
[   21.822096][   T88] brcmfmac mmc1:0001:1: Direct firmware load for brcm/brcmfmac43455-sdio.raspberrypi,5-model-b.bin failed with error -2
[   21.828271][   T53] xhci-hcd xhci-hcd.1: hcc params 0x0240fe6d hci version 0x110 quirks 0x0000808000000810
[   21.834279][   T58] probe of mmc1:0001:3 returned 19 after 12220 usecs
[   21.842231][   T53] xhci-hcd xhci-hcd.1: irq 139, io mem 0x1f00300000
[   21.854622][   T88] brcmfmac mmc1:0001:1: Direct firmware load for brcm/brcmfmac43455-sdio.bin failed with error -2
[   21.864406][   T53] xhci-hcd xhci-hcd.1: xHCI Host Controller
[   21.893566][   T53] xhci-hcd xhci-hcd.1: new USB bus registered, assigned bus number 4
[   21.901515][   T53] xhci-hcd xhci-hcd.1: Host supports USB 3.0 SuperSpeed
[   21.908363][   T53] usb usb3: New USB device found, idVendor=1d6b, idProduct=0002, bcdDevice= 6.12
[   21.917360][   T53] usb usb3: New USB device strings: Mfr=3, Product=2, SerialNumber=1
[   21.925309][   T53] usb usb3: Product: xHCI Host Controller
[   21.930903][   T53] usb usb3: Manufacturer: Linux 6.12.77-v8-g55b572d3ed0e xhci-hcd
[   21.938590][   T53] usb usb3: SerialNumber: xhci-hcd.1
[   21.943819][   T53] hub 3-0:1.0: USB hub found
[   21.948287][   T53] hub 3-0:1.0: 2 ports detected
[   21.953070][   T53] probe of 3-0:1.0 returned 0 after 9253 usecs
[   21.959116][   T53] probe of usb3 returned 0 after 15326 usecs
[   21.965017][   T53] usb usb4: New USB device found, idVendor=1d6b, idProduct=0003, bcdDevice= 6.12
[   21.974041][   T53] usb usb4: New USB device strings: Mfr=3, Product=2, SerialNumber=1
[   21.981998][   T53] usb usb4: Product: xHCI Host Controller
[   21.987656][   T53] usb usb4: Manufacturer: Linux 6.12.77-v8-g55b572d3ed0e xhci-hcd
[   21.995343][   T53] usb usb4: SerialNumber: xhci-hcd.1
[   22.000565][   T53] hub 4-0:1.0: USB hub found
[   22.005034][   T53] hub 4-0:1.0: 1 port detected
[   22.009705][   T53] probe of 4-0:1.0 returned 0 after 9141 usecs
[   22.015762][   T53] probe of usb4 returned 0 after 15223 usecs
[   22.021640][   T53] probe of xhci-hcd.1 returned 0 after 222070 usecs
[   22.028113][   T53] probe of 1f00300000.usb returned 0 after 228725 usecs
[   22.034977][   T53] probe of 1000480000.usb returned -517 after 1 usecs
[   22.041647][   T53] probe of cooling_fan returned -517 after 1 usecs
[   22.048041][   T53] probe of rp1_firmware returned 19 after 10 usecs
[   22.054521][   T53] rp1-firmware rp1_firmware: RP1 Firmware version eb39cfd516f8c90628aa9d91f52370aade5d0a55
[   22.064400][   T53] probe of rp1_firmware returned 0 after 9949 usecs
[   22.071030][   T53] probe of leds returned 0 after 152 usecs
[   22.077087][   T53] probe of 1f0009c000.pwm returned 0 after 361 usecs
[   22.083813][   T94] probe of cam0_reg returned 0 after 106 usecs
[   22.083832][   T53] rp1-pio 1f00178000.pio: Created instance as pio0
[   22.096235][   T53] probe of 1f00178000.pio returned 0 after 12512 usecs
[   22.102996][   T53] probe of 1000480000.usb returned -517 after 1 usecs
[   22.109867][   T53] probe of cooling_fan returned 0 after 204 usecs
[   22.116220][   T53] probe of 1000480000.usb returned -517 after 1 usecs
[   22.122898][   T53] probe of 1000480000.usb returned -517 after 0 usecs
[   22.129546][    T1] initcall deferred_probe_initcall+0x0/0xbc returned 0 after 1759277 usecs
[   22.138035][    T1] calling  gpio_keys_init+0x0/0x30 @ 1
[   22.143520][    T1] input: pwr_button as /devices/platform/pwr_button/input/input2
[   22.151178][    T1] probe of pwr_button returned 0 after 7746 usecs
[   22.151208][   T53] probe of 1000480000.usb returned -517 after 0 usecs
[   22.157499][    T1] initcall gpio_keys_init+0x0/0x30 returned 0 after 14129 usecs
[   22.171630][    T1] calling  efi_shutdown_init+0x0/0x68 @ 1
[   22.177232][    T1] initcall efi_shutdown_init+0x0/0x68 returned -19 after 0 usecs
[   22.184842][    T1] calling  efi_earlycon_unmap_fb+0x0/0x60 @ 1
[   22.190791][    T1] initcall efi_earlycon_unmap_fb+0x0/0x60 returned 0 after 2 usecs
[   22.198567][    T1] calling  psci_debugfs_init+0x0/0x70 @ 1
[   22.204165][    T1] initcall psci_debugfs_init+0x0/0x70 returned 0 after 5 usecs
[   22.211595][    T1] calling  of_fdt_raw_init+0x0/0x9c @ 1
[   22.217028][    T1] initcall of_fdt_raw_init+0x0/0x9c returned 0 after 13 usecs
[   22.224411][    T1] calling  bpf_kfunc_init+0x0/0x114 @ 1
[   22.229840][    T1] initcall bpf_kfunc_init+0x0/0x114 returned 0 after 3 usecs
[   22.237099][    T1] calling  init_subsystem+0x0/0x34 @ 1
[   22.242431][    T1] initcall init_subsystem+0x0/0x34 returned 0 after 0 usecs
[   22.249594][    T1] calling  xdp_metadata_init+0x0/0x30 @ 1
[   22.255193][    T1] initcall xdp_metadata_init+0x0/0x30 returned 0 after 0 usecs
[   22.262633][    T1] calling  bpf_sockmap_iter_init+0x0/0x3c @ 1
[   22.268588][    T1] initcall bpf_sockmap_iter_init+0x0/0x3c returned 0 after 5 usecs
[   22.276365][    T1] calling  bpf_sk_storage_map_iter_init+0x0/0x38 @ 1
[   22.282917][    T1] initcall bpf_sk_storage_map_iter_init+0x0/0x38 returned 0 after 0 usecs
[   22.291301][    T1] calling  bpf_prog_test_run_init+0x0/0xbc @ 1
[   22.297334][    T1] initcall bpf_prog_test_run_init+0x0/0xbc returned 0 after 2 usecs
[   22.305196][    T1] calling  bpf_dummy_struct_ops_init+0x0/0x2c @ 1
[   22.311487][    T1] initcall bpf_dummy_struct_ops_init+0x0/0x2c returned 0 after 0 usecs
[   22.319610][    T1] calling  tcp_congestion_default+0x0/0x34 @ 1
[   22.325638][    T1] initcall tcp_congestion_default+0x0/0x34 returned 0 after 1 usecs
[   22.333498][    T1] calling  inet_blackhole_dev_init+0x0/0x48 @ 1
[   22.339616][    T1] initcall inet_blackhole_dev_init+0x0/0x48 returned 0 after 2 usecs
[   22.347567][    T1] calling  udp_tunnel_nic_init_module+0x0/0xb8 @ 1
[   22.353958][    T1] initcall udp_tunnel_nic_init_module+0x0/0xb8 returned 0 after 14 usecs
[   22.362255][    T1] calling  tcp_bpf_v4_build_proto+0x0/0xd4 @ 1
[   22.368287][    T1] initcall tcp_bpf_v4_build_proto+0x0/0xd4 returned 0 after 2 usecs
[   22.376149][    T1] calling  udp_bpf_v4_build_proto+0x0/0x70 @ 1
[   22.382177][    T1] initcall udp_bpf_v4_build_proto+0x0/0x70 returned 0 after 0 usecs
[   22.390037][    T1] calling  bpf_tcp_ca_kfunc_init+0x0/0x50 @ 1
[   22.395977][    T1] initcall bpf_tcp_ca_kfunc_init+0x0/0x50 returned 0 after 0 usecs
[   22.403750][    T1] calling  regulatory_init_db+0x0/0x158 @ 1
[   22.409523][    T1] cfg80211: Loading compiled-in X.509 certificates for regulatory database
[   22.418281][    T1] Loaded X.509 cert 'benh@debian.org: 577e021cb980e0e820821ba7b54b4961b8b4fadf'
[   22.427390][    T1] Loaded X.509 cert 'romain.perier@gmail.com: 3abbc6ec146e09d1b6016ab9d6cf71dd233f0328'
[   22.437191][    T1] Loaded X.509 cert 'sforshee: 00b28ddf47aef9cea7'
[   22.443758][    T1] Loaded X.509 cert 'wens: 61c038651aabdcf94bd0ac7ff06c7248db18c600'
[   22.451707][    T1] initcall regulatory_init_db+0x0/0x158 returned 0 after 42190 usecs
[   22.459688][   T51] platform regulatory.0: Direct firmware load for regulatory.db failed with error -2
[   22.469037][   T51] cfg80211: failed to load regulatory.db
[   22.469040][    T1] calling  software_resume_initcall+0x0/0x174 @ 1
[   22.480837][    T1] initcall software_resume_initcall+0x0/0x174 returned -2 after 5 usecs
[   22.489055][    T1] calling  lockup_detector_check+0x0/0x94 @ 1
[   22.495005][    T1] initcall lockup_detector_check+0x0/0x94 returned 0 after 8 usecs
[   22.502791][    T1] calling  trace_eval_sync+0x0/0x3c @ 1
[   22.508217][    T1] initcall trace_eval_sync+0x0/0x3c returned 0 after 6 usecs
[   22.515474][    T1] calling  late_trace_init+0x0/0x70 @ 1
[   22.520897][    T1] initcall late_trace_init+0x0/0x70 returned 0 after 4 usecs
[   22.528153][    T1] calling  amba_stub_drv_init+0x0/0x4c @ 1
[   22.533859][    T1] initcall amba_stub_drv_init+0x0/0x4c returned 0 after 25 usecs
[   22.541465][    T1] calling  clk_disable_unused+0x0/0x150 @ 1
[   22.547236][    T1] clk: Disabling unused clocks
[   22.557780][    T1] initcall clk_disable_unused+0x0/0x150 returned 0 after 10547 usecs
[   22.565730][    T1] calling  genpd_power_off_unused+0x0/0xc0 @ 1
[   22.571759][    T1] PM: genpd: Disabling unused power domains
[   22.577533][    T1] initcall genpd_power_off_unused+0x0/0xc0 returned 0 after 5774 usecs
[   22.585667][    T1] calling  regulator_init_complete+0x0/0x6c @ 1
[   22.591783][    T1] initcall regulator_init_complete+0x0/0x6c returned 0 after 0 usecs
[   22.599734][    T1] calling  of_platform_sync_state_init+0x0/0x28 @ 1
[   22.606201][    T1] initcall of_platform_sync_state_init+0x0/0x28 returned 0 after 0 usecs
[   22.614500][    T1] calling  alsa_sound_last_init+0x0/0xb8 @ 1
[   22.620356][    T1] ALSA device list:
[   22.624026][    T1]   #0: vc4-hdmi-0
[   22.627609][    T1]   #1: vc4-hdmi-1
[   22.631191][    T1] initcall alsa_sound_last_init+0x0/0xb8 returned 0 after 10836 usecs
[   22.642195][    T1] Freeing unused kernel memory: 6080K
[   22.647729][    T1] Run /init as init process
[   22.652116][    T1]   with arguments:
[   22.655795][    T1]     /init
[   22.658764][    T1]   with environment:
[   22.662609][    T1]     HOME=/
[   22.665670][    T1]     TERM=linux
[   22.670821][    T1] init: init first stage started!
[   22.675798][    T1] init: Unable to open /lib/modules, skipping module loading.
[   22.683203][    T1] init: [libfstab] Using Android DT directory /proc/device-tree/firmware/android/
[   22.692311][    T1] init: [libfstab] ReadFstabFromDt(): failed to read fstab from dt
[   22.700414][    T1] init: Failed to read vbmeta partitions.
[   22.712452][    T1] init: [libfs_mgr] superblock s_max_mnt_count:65535,/dev/block/mmcblk0p7
[   22.739970][    T1] EXT4-fs (mmcblk0p7): mounted filesystem e732c59f-88e4-4925-85c3-00a667f15a49 r/w with ordered data mode. Quota mode: none.
[   22.752831][    T1] init: [libfs_mgr] check_fs(): mount(/dev/block/mmcblk0p7,/metadata,ext4)=0: Success
[   22.762317][    T1] EXT4-fs (mmcblk0p7): unmounting filesystem e732c59f-88e4-4925-85c3-00a667f15a49.
[   22.775530][    T1] init: [libfs_mgr] umount_retry(): unmount(/metadata) succeeded
[   22.783167][    T1] init: [libfs_mgr] Not running /system/bin/e2fsck on /dev/block/mmcblk0p7 (executable not in system image)
[   22.794585][    T1] init: [libfs_mgr] fsck on /metadata took 73ms
[   22.806845][    T1] EXT4-fs (mmcblk0p7): mounted filesystem e732c59f-88e4-4925-85c3-00a667f15a49 r/w with ordered data mode. Quota mode: none.
[   22.825482][    T1] EXT4-fs (mmcblk0p5): mounted filesystem d392d8bb-6c67-58f7-b0b2-091ad46c5bc2 ro without journal. Quota mode: none.
[   22.846379][    T1] EXT4-fs (mmcblk0p6): mounted filesystem 2b96c597-1e2f-5ee1-9851-c4a9fa9de36e ro without journal. Quota mode: none.
[   22.866716][    T1] printk: init: 10 output lines suppressed due to ratelimiting
[   22.877360][   T88] brcmfmac: brcmf_sdio_htclk: HT Avail timeout (1000000): clkctl 0x50
[   23.035056][    T1] init: [libfstab] Using Android DT directory /proc/device-tree/firmware/android/
[   23.046284][    T1] init: Skipping mount of system_ext, system is not dynamic.
[   23.053545][    T1] init: Skipping mount of product, system is not dynamic.
[   23.060554][    T1] init: Opening SELinux policy
[   23.081642][    T1] init: Loading SELinux policy
[   23.093044][    T1] SELinux:  Class memfd_file not defined in policy.
[   23.099619][    T1] SELinux: the above unknown classes and permissions will be denied
[   23.109591][    T1] SELinux:  policy capability network_peer_controls=1
[   23.116296][    T1] SELinux:  policy capability open_perms=1
[   23.121995][    T1] SELinux:  policy capability extended_socket_class=1
[   23.128635][    T1] SELinux:  policy capability always_check_network=0
[   23.135185][    T1] SELinux:  policy capability cgroup_seclabel=0
[   23.141300][    T1] SELinux:  policy capability nnp_nosuid_transition=1
[   23.147942][    T1] SELinux:  policy capability genfs_seclabel_symlinks=0
[   23.154756][    T1] SELinux:  policy capability ioctl_skip_cloexec=0
[   23.161141][    T1] SELinux:  policy capability userspace_initial_context=0
[   23.168131][    T1] SELinux: policy capability memfd_class=0
[   23.173808][    T1] SELinux: policy capability genfs_seclabel_wildcard=0
[   23.180535][    T1] SELinux:  unknown policy capability 12
[   23.203356][   T50] audit: type=1403 audit(42.111:2): auid=4294967295 ses=4294967295 lsm=selinux res=1
[   23.208848][    T1] selinux: SELinux: Loaded file context from:
[   23.218663][    T1] selinux: 		/system/etc/selinux/plat_file_contexts
[   23.225132][    T1] selinux: 		/system_ext/etc/selinux/system_ext_file_contexts
[   23.232505][    T1] selinux: 		/product/etc/selinux/product_file_contexts
[   23.239335][    T1] selinux: 		/vendor/etc/selinux/vendor_file_contexts
[   23.251400][    T1] printk: init: 1 output lines suppressed due to ratelimiting
[   23.264761][    T1] init: init second stage started!
[   23.282936][    T1] selinux: SELinux: Loaded file context from:
[   23.288955][    T1] selinux: 		/system/etc/selinux/plat_file_contexts
[   23.295439][    T1] selinux: 		/system_ext/etc/selinux/system_ext_file_contexts
[   23.302809][    T1] selinux: 		/product/etc/selinux/product_file_contexts
[   23.309633][    T1] selinux: 		/vendor/etc/selinux/vendor_file_contexts
[   23.316288][    T1] selinux: 		/odm/etc/selinux/odm_file_contexts
[   23.336466][    T1] init: [libfstab] Using Android DT directory /proc/device-tree/firmware/android/
[   23.350231][   T50] audit: type=1107 audit(42.259:3): pid=1 uid=0 auid=4294967295 ses=4294967295 subj=u:r:init:s0 msg='avc:  denied  { set } for property=ro.boot.audio.tinyalsa.simulate_input pid=1 uid=0 gid=0 scontext=u:r:vendor_init:s0 tcontext=u:object_r:bootloader_prop:s0 tclass=property_service permissive=1'
[   23.350700][    T1] init: Overriding previous property 'bluetooth.device.class_of_device':'38,4,32' with new value '38,4,8'
[   23.378094][   T50] audit: type=1107 audit(42.259:4): pid=1 uid=0 auid=4294967295 ses=4294967295 subj=u:r:init:s0 msg='avc:  denied  { set } for property=persist.bluetooth.a2dp_aac.vbr_supported pid=1 uid=0 gid=0 scontext=u:r:vendor_init:s0 tcontext=u:object_r:bluetooth_prop:s0 tclass=property_service permissive=1'
[   23.378097][   T50] audit: type=1107 audit(42.259:5): pid=1 uid=0 auid=4294967295 ses=4294967295 subj=u:r:init:s0 msg='avc:  denied  { set } for property=ro.lockscreen.disable.default pid=1 uid=0 gid=0 scontext=u:r:vendor_init:s0 tcontext=u:object_r:default_prop:s0 tclass=property_service permissive=1'
[   23.394933][    T1] init: Setting product property ro.product.brand to 'Raspberry' (from ro.product.product.brand)
[   23.417301][   T50] audit: type=1107 audit(42.259:6): pid=1 uid=0 auid=4294967295 ses=4294967295 subj=u:r:init:s0 msg='avc:  denied  { set } for property=persist.device_config.mglru_native.lru_gen_config pid=1 uid=0 gid=0 scontext=u:r:vendor_init:s0 tcontext=u:object_r:device_config_mglru_native_prop:s0 tclass=property_service permissive=1'
[   23.484872][   T50] audit: type=1107 audit(42.299:7): pid=1 uid=0 auid=4294967295 ses=4294967295 subj=u:r:init:s0 msg='avc:  denied  { set } for property=service.sf.prime_shader_cache pid=1 uid=0 gid=0 scontext=u:r:vendor_init:s0 tcontext=u:object_r:system_prop:s0 tclass=property_service permissive=1'
[   23.560375][  T142] ueventd: ueventd started!
[   23.565785][  T142] selinux: SELinux: Loaded file context from:
[   23.571740][  T142] selinux: 		/system/etc/selinux/plat_file_contexts
[   23.578205][  T142] selinux: 		/system_ext/etc/selinux/system_ext_file_contexts
[   23.585545][  T142] selinux: 		/product/etc/selinux/product_file_contexts
[   23.592362][  T142] selinux: 		/vendor/etc/selinux/vendor_file_contexts
[   23.599002][  T142] selinux: 		/odm/etc/selinux/odm_file_contexts
[   23.605303][  T142] ueventd: Parsing file /system/etc/ueventd.rc...
[   23.612689][  T142] ueventd: Added '/vendor/etc/ueventd.rc' to import list
[   23.619600][  T142] ueventd: Added '/odm/etc/ueventd.rc' to import list
[   23.627127][   T50] audit: type=1400 audit(42.535:8): avc:  denied  { search } for  pid=142 comm="ueventd" name="/" dev="mmcblk0p7" ino=2 scontext=u:r:ueventd:s0 tcontext=u:object_r:unlabeled:s0 tclass=dir permissive=1
[   23.636327][  T143] apexd: Started. subcommand = --bootstrap
[   23.666142][  T143] apexd-bootstrap: Scanning /system/apex for pre-installed ApexFiles
[   23.676628][  T143] apexd-bootstrap: Found pre-installed APEX /system/apex/com.android.permission.apex
[   23.685988][  T143] apexd-bootstrap: Found pre-installed APEX /system/apex/com.android.devicelock.apex
[   23.695347][  T143] apexd-bootstrap: Found pre-installed APEX /system/apex/com.android.wifi.apex
[   23.704177][  T143] apexd-bootstrap: Found pre-installed APEX /system/apex/com.android.tzdata.apex
[   23.713200][  T143] apexd-bootstrap: Found pre-installed APEX /system/apex/com.android.runtime.apex
[   23.722306][  T143] apexd-bootstrap: Found pre-installed APEX /system/apex/com.android.bt.apex
[   23.730957][  T143] apexd-bootstrap: Found pre-installed APEX /system/apex/com.android.i18n.apex
[   23.739783][  T143] apexd-bootstrap: Found pre-installed APEX /system/apex/com.android.tethering.apex
[   23.887662][  T272] loop0: detected capacity change from 0 to 27944
[   23.887715][  T278] loop4: detected capacity change from 0 to 23512
[   23.887728][  T275] loop5: detected capacity change from 0 to 8936
[   23.887827][  T274] loop3: detected capacity change from 0 to 8632
[   23.887956][  T276] loop6: detected capacity change from 0 to 1672
[   23.888031][  T273] loop1: detected capacity change from 0 to 42016
[   23.888147][  T279] loop7: detected capacity change from 0 to 40440
[   23.888273][  T280] loop8: detected capacity change from 0 to 17832
[   23.888335][  T277] loop2: detected capacity change from 0 to 202072
[   23.888450][  T281] loop9: detected capacity change from 0 to 73472
[   24.064369][  T277] EXT4-fs (loop2): mounted filesystem 7d1522e1-9dfa-5edb-a43e-98e3a4d20250 ro without journal. Quota mode: none.
[   24.086817][  T280] EXT4-fs (loop8): mounted filesystem 7d1522e1-9dfa-5edb-a43e-98e3a4d20250 ro without journal. Quota mode: none.
[   24.098682][  T276] EXT4-fs (loop6): mounted filesystem 7d1522e1-9dfa-5edb-a43e-98e3a4d20250 ro without journal. Quota mode: none.
[   24.101121][  T273] EXT4-fs (loop1): mounted filesystem 7d1522e1-9dfa-5edb-a43e-98e3a4d20250 ro without journal. Quota mode: none.
[   24.101550][  T275] EXT4-fs (loop5): mounted filesystem 7d1522e1-9dfa-5edb-a43e-98e3a4d20250 ro without journal. Quota mode: none.
[   24.115805][  T272] EXT4-fs (loop0): mounted filesystem 7d1522e1-9dfa-5edb-a43e-98e3a4d20250 ro without journal. Quota mode: none.
[   24.116840][  T281] EXT4-fs (loop9): mounted filesystem 7d1522e1-9dfa-5edb-a43e-98e3a4d20250 ro without journal. Quota mode: none.
[   24.119098][  T278] EXT4-fs (loop4): mounted filesystem 7d1522e1-9dfa-5edb-a43e-98e3a4d20250 ro without journal. Quota mode: none.
[   24.120999][  T274] EXT4-fs (loop3): mounted filesystem 7d1522e1-9dfa-5edb-a43e-98e3a4d20250 ro without journal. Quota mode: none.
[   24.186468][  T279] EXT4-fs (loop7): mounted filesystem 7d1522e1-9dfa-5edb-a43e-98e3a4d20250 ro without journal. Quota mode: none.
[   24.202191][  T143] printk: apexd: 73 output lines suppressed due to ratelimiting
[   24.392336][  T297] main[297]: Starting aconfigd_system command: EarlyPlatformInit
console:/ $ [   24.570379][  T302] servicemanager: Starting sm instance on /dev/binder
[   24.585112][  T302] SELinux: SELinux: Loaded service context from:
[   24.586114][  T300] logd: libprocessgroup: A JoinCgroup action in the SystemMemoryProcess profile is used for controller memory in the cgroup v2 hierarchy and will be ignored
[   24.591422][  T302] SELinux: 		/system/etc/selinux/plat_service_contexts
[   24.613718][  T302] SELinux: 		/system_ext/etc/selinux/system_ext_service_contexts
[   24.621369][  T302] SELinux: 		/product/etc/selinux/product_service_contexts
[   24.627952][  T300] logd.auditd: start
[   24.628552][  T302] SELinux: 		/vendor/etc/selinux/vendor_service_contexts
[   24.632230][  T300] logd.klogd: 23364919673
[   24.639198][  T302] SELinux: 		/odm/etc/selinux/odm_service_contexts
[   24.704354][  T300] logd: Loaded bug_map file: /system_ext/etc/selinux/bug_map
[   24.711650][  T300] logd: Loaded bug_map file: /vendor/etc/selinux/selinux_denial_metadata
[   24.725219][  T300] logd: Loaded bug_map file: /system/etc/selinux/bug_map
[   24.731779][    T1] tune2fs: tune2fs 1.47.2 (1-Jan-2025)
[   24.764442][  T302] servicemanager: getDeviceHalManifest: Reading VINTF information.
[   24.779177][  T302] servicemanager: Loaded APEX Infos from /bootstrap-apex/apex-info-list.xml
[   24.881734][  T302] servicemanager: Loaded APEX Infos from /bootstrap-apex/apex-info-list.xml
[   24.894038][  T319] hw-ProcessState: HwBinder is not supported on this device but this process is calling setThreadPoolConfiguration
[   24.924992][    T1] EXT4-fs (mmcblk0p3): mounted filesystem 9871e3d5-7638-43fa-a8c8-e3d3f39c8d70 r/w with ordered data mode. Quota mode: journalled.
[   24.938713][    T1] EXT4-fs (mmcblk0p3): unmounting filesystem 9871e3d5-7638-43fa-a8c8-e3d3f39c8d70.
[   24.986195][    T1] e2fsck: e2fsck 1.47.2 (1-Jan-2025)
[   24.999091][  T319] libbinder.BackendUnifiedServiceManager: Thread Pool max thread count is 0. Cannot cache binder as linkToDeath cannot be implemented. serviceName: vold
[   25.028583][    T1] e2fsck: Pass 1: Checking inodes, blocks, and sizes
[   25.090158][    T1] e2fsck: Pass 2: Checking directory structure
[   25.096867][    T1] e2fsck: Pass 3: Checking directory connectivity
[   25.103245][    T1] e2fsck: Pass 4: Checking reference counts
[   25.110028][    T1] e2fsck: Pass 5: Checking group summary information
[   25.119734][    T1] e2fsck: userdata: 12/707136 files (0.0% non-contiguous), 115232/2827008 blocks
[   25.137717][    T1] tune2fs: tune2fs 1.47.2 (1-Jan-2025)
[   25.158200][    T1] tune2fs: tune2fs 1.47.2 (1-Jan-2025)
[   25.180580][    T1] EXT4-fs (mmcblk0p3): Using encoding defined by superblock: utf8-12.1.0 with flags 0x0
[   25.195856][    T1] EXT4-fs (mmcblk0p3): mounted filesystem 9871e3d5-7638-43fa-a8c8-e3d3f39c8d70 r/w with ordered data mode. Quota mode: journalled.
[   26.284648][  T313] logd: logd reinit
[   26.288441][  T313] logd: Cannot read /data/misc/logd/event-log-tags
[   26.294386][  T389] apexd: Started. subcommand = (null)
[   26.295601][  T313] logd: FrameworkListener: read() failed (Connection reset by peer)
[   26.300750][  T389] libbinder.BackendUnifiedServiceManager: Thread Pool max thread count is 0. Cannot cache binder as linkToDeath cannot be implemented. serviceName: vold
[   26.323410][  T389] apexd: Scanning /system/apex for pre-installed ApexFiles
[   26.330638][  T389] apexd: Found pre-installed APEX /system/apex/com.android.permission.apex
[   26.339129][  T389] apexd: Found pre-installed APEX /system/apex/com.android.devicelock.apex
[   26.347642][  T389] apexd: Found pre-installed APEX /system/apex/com.android.wifi.apex
[   26.355609][  T389] apexd: Found pre-installed APEX /system/apex/com.android.tzdata.apex
[   26.363748][  T389] apexd: Found pre-installed APEX /system/apex/com.android.runtime.apex
[   26.371966][  T389] apexd: Found pre-installed APEX /system/apex/com.android.bt.apex
[   26.379746][  T389] apexd: Found pre-installed APEX /system/apex/com.android.i18n.apex
[   26.610836][  T453] EXT4-fs (loop10): mounted filesystem 7d1522e1-9dfa-5edb-a43e-98e3a4d20250 ro without journal. Quota mode: none.
[   26.617564][  T462] EXT4-fs (loop11): mounted filesystem 7d1522e1-9dfa-5edb-a43e-98e3a4d20250 ro without journal. Quota mode: none.
[   26.648208][  T455] EXT4-fs (loop12): mounted filesystem 7d1522e1-9dfa-5edb-a43e-98e3a4d20250 ro without journal. Quota mode: none.
[   26.674313][  T505] EXT4-fs (loop50): mounted filesystem 7d1522e1-9dfa-5edb-a43e-98e3a4d20250 ro without journal. Quota mode: none.
[   26.689677][  T489] EXT4-fs (loop67): mounted filesystem 7d1522e1-9dfa-5edb-a43e-98e3a4d20250 ro without journal. Quota mode: none.
[   26.693372][  T456] EXT4-fs (loop14): mounted filesystem 7d1522e1-9dfa-5edb-a43e-98e3a4d20250 ro without journal. Quota mode: none.
[   26.701626][  T469] EXT4-fs (loop22): mounted filesystem 7d1522e1-9dfa-5edb-a43e-98e3a4d20250 ro without journal. Quota mode: none.
[   26.713516][  T495] EXT4-fs (loop65): mounted filesystem 7d1522e1-9dfa-5edb-a43e-98e3a4d20250 ro without journal. Quota mode: none.
[   26.718834][  T463] EXT4-fs (loop17): mounted filesystem 7d1522e1-9dfa-5edb-a43e-98e3a4d20250 ro without journal. Quota mode: none.
[   26.731213][  T468] EXT4-fs (loop20): mounted filesystem 7d1522e1-9dfa-5edb-a43e-98e3a4d20250 ro without journal. Quota mode: none.
[   26.765384][  T482] EXT4-fs (loop70): mounted filesystem 7d1522e1-9dfa-5edb-a43e-98e3a4d20250 ro without journal. Quota mode: none.
[   26.779955][  T461] EXT4-fs (loop21): mounted filesystem 7d1522e1-9dfa-5edb-a43e-98e3a4d20250 ro without journal. Quota mode: none.
[   26.794400][  T454] EXT4-fs (loop15): mounted filesystem 7d1522e1-9dfa-5edb-a43e-98e3a4d20250 ro without journal. Quota mode: none.
[   26.794728][  T458] EXT4-fs (loop18): mounted filesystem 7d1522e1-9dfa-5edb-a43e-98e3a4d20250 ro without journal. Quota mode: none.
[   26.820661][  T459] EXT4-fs (loop13): mounted filesystem 7d1522e1-9dfa-5edb-a43e-98e3a4d20250 ro without journal. Quota mode: none.
[   26.823164][  T481] EXT4-fs (loop45): mounted filesystem 7d1522e1-9dfa-5edb-a43e-98e3a4d20250 ro without journal. Quota mode: none.
[   26.846970][  T478] EXT4-fs (loop36): mounted filesystem 7d1522e1-9dfa-5edb-a43e-98e3a4d20250 ro without journal. Quota mode: none.
[   26.858918][  T511] EXT4-fs (loop42): mounted filesystem 7d1522e1-9dfa-5edb-a43e-98e3a4d20250 ro without journal. Quota mode: none.
[   26.861674][  T483] EXT4-fs (loop58): mounted filesystem 7d1522e1-9dfa-5edb-a43e-98e3a4d20250 ro without journal. Quota mode: none.
[   26.870866][  T507] EXT4-fs (loop47): mounted filesystem 7d1522e1-9dfa-5edb-a43e-98e3a4d20250 ro without journal. Quota mode: none.
[   26.886993][  T460] EXT4-fs (loop19): mounted filesystem 7d1522e1-9dfa-5edb-a43e-98e3a4d20250 ro without journal. Quota mode: none.
[   26.887913][  T501] EXT4-fs (loop53): mounted filesystem 7d1522e1-9dfa-5edb-a43e-98e3a4d20250 ro without journal. Quota mode: none.
[   26.889248][  T472] EXT4-fs (loop25): mounted filesystem 7d1522e1-9dfa-5edb-a43e-98e3a4d20250 ro without journal. Quota mode: none.
[   26.890000][  T506] EXT4-fs (loop46): mounted filesystem 7d1522e1-9dfa-5edb-a43e-98e3a4d20250 ro without journal. Quota mode: none.
[   26.891099][  T475] EXT4-fs (loop30): mounted filesystem 7d1522e1-9dfa-5edb-a43e-98e3a4d20250 ro without journal. Quota mode: none.
[   26.891885][  T508] EXT4-fs (loop43): mounted filesystem 7d1522e1-9dfa-5edb-a43e-98e3a4d20250 ro without journal. Quota mode: none.
[   26.892791][  T480] EXT4-fs (loop39): mounted filesystem 7d1522e1-9dfa-5edb-a43e-98e3a4d20250 ro without journal. Quota mode: none.
[   26.899591][  T513] EXT4-fs (loop49): mounted filesystem 7d1522e1-9dfa-5edb-a43e-98e3a4d20250 ro without journal. Quota mode: none.
[   26.993186][  T498] EXT4-fs (loop57): mounted filesystem 7d1522e1-9dfa-5edb-a43e-98e3a4d20250 ro without journal. Quota mode: none.
[   27.007515][  T466] EXT4-fs (loop29): mounted filesystem 7d1522e1-9dfa-5edb-a43e-98e3a4d20250 ro without journal. Quota mode: none.
[   27.019482][  T464] EXT4-fs (loop24): mounted filesystem 7d1522e1-9dfa-5edb-a43e-98e3a4d20250 ro without journal. Quota mode: none.
[   27.022014][  T476] EXT4-fs (loop32): mounted filesystem 7d1522e1-9dfa-5edb-a43e-98e3a4d20250 ro without journal. Quota mode: none.
[   27.022390][  T497] EXT4-fs (loop62): mounted filesystem 7d1522e1-9dfa-5edb-a43e-98e3a4d20250 ro without journal. Quota mode: none.
[   27.022748][  T496] EXT4-fs (loop59): mounted filesystem 7d1522e1-9dfa-5edb-a43e-98e3a4d20250 ro without journal. Quota mode: none.
[   27.023397][  T485] EXT4-fs (loop40): mounted filesystem 7d1522e1-9dfa-5edb-a43e-98e3a4d20250 ro without journal. Quota mode: none.
[   27.023922][  T491] EXT4-fs (loop56): mounted filesystem 7d1522e1-9dfa-5edb-a43e-98e3a4d20250 ro without journal. Quota mode: none.
[   27.024614][  T488] EXT4-fs (loop55): mounted filesystem 7d1522e1-9dfa-5edb-a43e-98e3a4d20250 ro without journal. Quota mode: none.
[   27.025402][  T502] EXT4-fs (loop51): mounted filesystem 7d1522e1-9dfa-5edb-a43e-98e3a4d20250 ro without journal. Quota mode: none.
[   27.026664][  T500] EXT4-fs (loop54): mounted filesystem 7d1522e1-9dfa-5edb-a43e-98e3a4d20250 ro without journal. Quota mode: none.
[   27.027126][  T470] EXT4-fs (loop23): mounted filesystem 7d1522e1-9dfa-5edb-a43e-98e3a4d20250 ro without journal. Quota mode: none.
[   27.028224][  T486] EXT4-fs (loop38): mounted filesystem 7d1522e1-9dfa-5edb-a43e-98e3a4d20250 ro without journal. Quota mode: none.
[   27.028671][  T484] EXT4-fs (loop68): mounted filesystem 7d1522e1-9dfa-5edb-a43e-98e3a4d20250 ro without journal. Quota mode: none.
[   27.029096][  T473] EXT4-fs (loop26): mounted filesystem 7d1522e1-9dfa-5edb-a43e-98e3a4d20250 ro without journal. Quota mode: none.
[   27.030346][  T457] EXT4-fs (loop16): mounted filesystem 7d1522e1-9dfa-5edb-a43e-98e3a4d20250 ro without journal. Quota mode: none.
[   27.031316][  T474] EXT4-fs (loop28): mounted filesystem 7d1522e1-9dfa-5edb-a43e-98e3a4d20250 ro without journal. Quota mode: none.
[   27.031649][  T467] EXT4-fs (loop31): mounted filesystem 7d1522e1-9dfa-5edb-a43e-98e3a4d20250 ro without journal. Quota mode: none.
[   28.602524][    T1] init: Service 'mainline_aconfigd_init' (pid 580) exited with status 0 waiting took 1.198000 seconds
[   28.613391][    T1] init: Sending SIGKILL to service 'mainline_aconfigd_init' (pid 580) process group...
[   28.623119][    T1] libprocessgroup: Removed cgroup /sys/fs/cgroup/system/uid_1000/pid_580
[   28.631787][    T1] init: starting service 'mainline_aconfigd_socket_service'...
[   28.639460][    T1] init: Created socket '/dev/socket/aconfigd_mainline', mode 666, user 1000, group 1000
[   28.671890][    T1] init: ... started service 'mainline_aconfigd_socket_service' has pid 583
[   28.680449][    T1] init: Service 'mainline_aconfigd_socket_service' (pid 583) exited with status 0 oneshot service took 0.030000 seconds in background
[   28.694097][    T1] init: Sending SIGKILL to service 'mainline_aconfigd_socket_service' (pid 583) process group...
[   28.704654][    T1] libprocessgroup: Removed cgroup /sys/fs/cgroup/system/uid_1000/pid_583
[   28.717161][    T1] init: starting service 'derive_sdk'...
[   28.776808][  T585] libbinder.BackendUnifiedServiceManager: Thread Pool max thread count is 0. Cannot cache binder as linkToDeath cannot be implemented. serviceName: vold
[   28.792154][  T585] vdc: Waited 0ms for vold
[   29.493073][  T594] apexd: Started. subcommand = --snapshotde
[   29.499462][  T594] libbinder.BackendUnifiedServiceManager: Thread Pool max thread count is 0. Cannot cache binder as linkToDeath cannot be implemented. serviceName: vold
[   29.514927][  T594] apexd-snapshotde: Marking APEXd as ready
[   29.604319][  T596] NetBpfLoad: NetBpfLoad (/apex/com.android.tethering/bin/netbpfload) api:36/3610 kver:60c004d (64-on-aarch64) libbpf: v1.4 uid:0 rc:01
[   29.618521][  T596] NetBpfLoad: Tethering APEX version 361099999
[   29.624709][  T596] NetBpfLoad: detected 5 of 5: 2025Q4 api:36.1.0
[   29.630974][  T596] WARNING: Unprivileged eBPF is enabled, data leaks possible via Spectre v2 BHB attacks!
[   29.645062][  T596] NetBpfLoad: Loading ELF object /apex/com.android.tethering/etc/bpf/mainline/offload.o with license Apache 2.0
[   29.650104][  T302] servicemanager: Notifying apexservice they don't (previously: do) have clients when we now have no record of a client
[   29.656774][  T596] NetBpfLoad: Processing ELF object /apex/com.android.tethering/etc/bpf/mainline/offload.o
[   29.697935][  T302] servicemanager: getDeviceHalManifest: Reloading VINTF information.
[   29.705950][  T302] servicemanager: getDeviceHalManifest: Reading VINTF information.
[   29.713967][  T596] NetBpfLoad: bpf_create_map[tether_error_map] btf:1 -> 5
[   29.714383][  T302] servicemanager: Loaded APEX Infos from /apex/apex-info-list.xml
[   29.721020][  T596] NetBpfLoad: map /sys/fs/bpf/tethering/map_offload_tether_error_map id 1
[   29.737079][  T596] NetBpfLoad: bpf_create_map[tether_stats_map] btf:1 -> 6
[   29.744092][  T596] NetBpfLoad: map /sys/fs/bpf/tethering/map_offload_tether_stats_map id 2
[   29.747827][  T302] servicemanager: Loaded APEX Infos from /apex/apex-info-list.xml
[   29.752500][  T596] NetBpfLoad: bpf_create_map[tether_limit_map] btf:1 -> 7
[   29.760195][  T302] servicemanager: getDeviceHalManifest: Successfully processed VINTF information
[   29.776164][  T302] servicemanager: getFrameworkHalManifest: Reloading VINTF information.
[   29.784404][  T302] servicemanager: getFrameworkHalManifest: Reading VINTF information.
[   29.793601][  T302] servicemanager: Loaded APEX Infos from /apex/apex-info-list.xml
[   29.804469][  T302] servicemanager: getFrameworkHalManifest: Successfully processed VINTF information
[   30.211174][  T596] printk: netbpfload: 267 output lines suppressed due to ratelimiting
[   30.265205][  T322] type=1400 audit(49.171:9): avc:  denied  { write } for  comm="init" name="discard_max_bytes" dev="sysfs" ino=36867 scontext=u:r:init:s0 tcontext=u:object_r:sysfs:s0 tclass=file permissive=1
[   30.283999][  T322] type=1400 audit(49.171:10): avc:  denied  { open } for  comm="init" path="/sys/devices/platform/soc@107c000000/1000fff000.mmc/mmc_host/mmc0/mmc0:aaaa/block/mmcblk0/queue/discard_max_bytes" dev="sysfs" ino=36867 scontext=u:r:init:s0 tcontext=u:object_r:sysfs:s0 tclass=file permissive=1
[   30.311115][  T322] logd: HexToBytes: Invalid size: 115
[   31.672799][  T322] type=1400 audit(50.579:11): avc:  denied  { read } for  comm="binder:638_2" name="u:object_r:default_prop:s0" dev="tmpfs" ino=126 scontext=u:r:mediacodec:s0 tcontext=u:object_r:default_prop:s0 tclass=file permissive=1
[   31.694020][  T322] type=1400 audit(50.579:12): avc:  denied  { open } for  comm="binder:638_2" path="/dev/__properties__/u:object_r:default_prop:s0" dev="tmpfs" ino=126 scontext=u:r:mediacodec:s0 tcontext=u:object_r:default_prop:s0 tclass=file permissive=1
[   31.716976][  T322] logd: HexToBytes: Invalid characters: ", /
[   31.722883][  T322] type=1400 audit(50.579:13): avc:  denied  { getattr } for  comm="binder:638_2" path="/dev/__properties__/u:object_r:default_prop:s0" dev="tmpfs" ino=126 scontext=u:r:mediacodec:s0 tcontext=u:object_r:default_prop:s0 tclass=file permissive=1
[   31.746068][  T322] logd: HexToBytes: Invalid characters: ", /
[   31.751965][  T322] type=1400 audit(50.579:14): avc:  denied  { map } for  comm="binder:638_2" path="/dev/__properties__/u:object_r:default_prop:s0" dev="tmpfs" ino=126 scontext=u:r:mediacodec:s0 tcontext=u:object_r:default_prop:s0 tclass=file permissive=1
[   31.774799][  T322] logd: HexToBytes: Invalid characters: ", /
[   31.877685][  T636] healthd: No battery devices found
[   31.884136][  T636] HealthLoop: Successfully attached the BPF filter to the uevent socket
[   31.892556][  T636] healthd: battery none chg=
[   31.952982][  T141] file system registered
[   32.724378][   T94] dwc2 1000480000.usb: supply vusb_d not found, using dummy regulator
[   32.732593][   T94] dwc2 1000480000.usb: supply vusb_a not found, using dummy regulator
[   32.844981][   T94] dwc2 1000480000.usb: EPs: 8, dedicated fifos, 4080 entries in SPRAM
[   32.855840][   T94] probe of 1000480000.usb returned 0 after 132398 usecs
[   32.996733][   T62] vc4-drm axi:gpu: [drm] Cannot find any crtc or sizes
[   33.845832][    T1] init: service 'adbd' requested start, but it is already running (flags: 132, pid: 662, started 1795ms ago)
[   33.857302][    T1] init: Control message: Processed ctl.start for 'adbd' from pid: 755 (/system/bin/usbd)
[   33.867109][    T1] init: Service 'exec 12 (/system/bin/flags_health_check BOOT_FAILURE)' (pid 756) exited with status 0 waiting took 0.307000 seconds
[   33.880673][    T1] init: Sending SIGKILL to service 'exec 12 (/system/bin/flags_health_check BOOT_FAILURE)' (pid 756) process group...
[   33.893137][    T1] libprocessgroup: Removed cgroup /sys/fs/cgroup/system/uid_1000/pid_756
[   33.901557][    T1] init: Service 'usbd' (pid 755) exited with status 0 oneshot service took 0.347000 seconds in background
[   33.912812][    T1] init: Sending SIGKILL to service 'usbd' (pid 755) process group...
[   33.921100][    T1] libprocessgroup: Removed cgroup /sys/fs/cgroup/system/uid_0/pid_755
[   33.929550][    T1] init: processing action (load_persist_props_action) from (/system/etc/init/logcatd.rc:29)
[   33.939964][    T1] init: processing action (llk.enable=0) from (/system/etc/init/llkd.rc:12)
[   35.301325][  T302] servicemanager: Caller(pid=654,uid=1041,sid=u:r:audioserver:s0) Since 'activity' could not be found trying to start it as a lazy AIDL service. (if it's not configured to be a lazy service, it may be stuck starting or still starting).
[   35.325146][  T790] servicemanager: Caller(pid=654,uid=1041,sid=u:r:audioserver:s0) Tried to start aidl service activity as a lazy service, but was unable to. Usually this happens when a service is not installed, but if the service is intended to be used as a lazy service, then it may be configured incorrectly.
[   35.376382][  T302] servicemanager: Caller(pid=792,uid=1062,sid=u:r:evs_app:s0) Found android.hardware.automotive.evs.IEvsEnumerator/default in framework VINTF manifest.
[   35.393113][  T302] servicemanager: Caller(pid=792,uid=1062,sid=u:r:evs_app:s0) Found android.hardware.automotive.vehicle.IVehicle/default in device VINTF manifest.
[   35.408843][  T322] type=1400 audit(54.315:41): avc:  denied  { use } for  comm="binder:314_1" path="socket:[12947]" dev="sockfs" ino=12947 scontext=u:r:surfaceflinger:s0 tcontext=u:r:automotive_display_service:s0 tclass=fd permissive=1
[   35.409810][  T302] servicemanager: Caller(pid=314,uid=1003,sid=u:r:automotive_display_service:s0) Found android.hardware.graphics.allocator.IAllocator/default in device VINTF manifest.
[   35.430726][  T322] logd: HexToBytes: Invalid characters: ", s
[   35.447323][  T302] servicemanager: Caller(pid=314,uid=1003,sid=u:r:automotive_display_service:s0) Found android.hardware.graphics.allocator.IAllocator/default in device VINTF manifest.
[   35.469405][  T302] servicemanager: Caller(pid=314,uid=1003,sid=u:r:automotive_display_service:s0) Found mapper/minigbm_gbm_mesa in device VINTF manifest.
[   35.582246][  T322] type=1400 audit(54.487:42): avc:  denied  { read } for  comm="binder:314_1" name="u:object_r:vendor_default_prop:s0" dev="tmpfs" ino=372 scontext=u:r:automotive_display_service:s0 tcontext=u:object_r:vendor_default_prop:s0 tclass=file permissive=1
[   35.607049][  T322] type=1400 audit(54.487:43): avc:  denied  { open } for  comm="binder:314_1" path="/dev/__properties__/u:object_r:vendor_default_prop:s0" dev="tmpfs" ino=372 scontext=u:r:automotive_display_service:s0 tcontext=u:object_r:vendor_default_prop:s0 tclass=file permissive=1
[   35.632982][  T322] logd: HexToBytes: Invalid size: 55
[   35.638381][  T322] type=1400 audit(54.487:44): avc:  denied  { getattr } for  comm="binder:314_1" path="/dev/__properties__/u:object_r:vendor_default_prop:s0" dev="tmpfs" ino=372 scontext=u:r:automotive_display_service:s0 tcontext=u:object_r:vendor_default_prop:s0 tclass=file permissive=1
[   35.664670][  T322] logd: HexToBytes: Invalid size: 55
[   35.670056][  T322] type=1400 audit(54.487:45): avc:  denied  { map } for  comm="binder:314_1" path="/dev/__properties__/u:object_r:vendor_default_prop:s0" dev="tmpfs" ino=372 scontext=u:r:automotive_display_service:s0 tcontext=u:object_r:vendor_default_prop:s0 tclass=file permissive=1
[   35.695680][  T322] logd: HexToBytes: Invalid size: 55
[   36.043732][  T322] type=1400 audit(54.951:46): avc:  denied  { read } for  comm="binder:318_3" name="dri" dev="tmpfs" ino=808 scontext=u:r:hal_evs_default:s0 tcontext=u:object_r:gpu_device:s0 tclass=dir permissive=1
[   36.044704][  T302] servicemanager: Caller(pid=318,uid=1003,sid=u:r:hal_evs_default:s0) Found android.hardware.graphics.allocator.IAllocator/default in device VINTF manifest.
[   36.080744][  T302] servicemanager: Caller(pid=318,uid=1003,sid=u:r:hal_evs_default:s0) Found android.hardware.graphics.allocator.IAllocator/default in device VINTF manifest.
[   36.097239][  T302] servicemanager: Caller(pid=318,uid=1003,sid=u:r:hal_evs_default:s0) Found mapper/minigbm_gbm_mesa in device VINTF manifest.
[   39.326961][    T1] init: Control message: Could not find 'aidl/activity' for ctl.interface_start from pid: 302 (/system/bin/servicemanager)
[   40.326966][  T302] servicemanager: Caller(pid=654,uid=1041,sid=u:r:audioserver:s0) Since 'activity' could not be found trying to start it as a lazy AIDL service. (if it's not configured to be a lazy service, it may be stuck starting or still starting).
[   40.349913][    T1] init: Control message: Could not find 'aidl/activity' for ctl.interface_start from pid: 302 (/system/bin/servicemanager)
[   40.362748][  T820] servicemanager: Caller(pid=654,uid=1041,sid=u:r:audioserver:s0) Tried to start aidl service activity as a lazy service, but was unable to. Usually this happens when a service is not installed, but if the service is intended to be used as a lazy service, then it may be configured incorrectly.
[   41.350027][  T302] servicemanager: Caller(pid=654,uid=1041,sid=u:r:audioserver:s0) Since 'activity' could not be found trying to start it as a lazy AIDL service. (if it's not configured to be a lazy service, it may be stuck starting or still starting).
[   41.375663][    T1] init: Control message: Could not find 'aidl/activity' for ctl.interface_start from pid: 302 (/system/bin/servicemanager)
[   41.388538][  T827] servicemanager: Caller(pid=654,uid=1041,sid=u:r:audioserver:s0) Tried to start aidl service activity as a lazy service, but was unable to. Usually this happens when a service is not installed, but if the service is intended to be used as a lazy service, then it may be configured incorrectly.
[   42.374180][  T302] servicemanager: Caller(pid=654,uid=1041,sid=u:r:audioserver:s0) Since 'activity' could not be found trying to start it as a lazy AIDL service. (if it's not configured to be a lazy service, it may be stuck starting or still starting).
[   42.397788][    T1] init: Control message: Could not find 'aidl/activity' for ctl.interface_start from pid: 302 (/system/bin/servicemanager)
[   42.410777][  T841] servicemanager: Caller(pid=654,uid=1041,sid=u:r:audioserver:s0) Tried to start aidl service activity as a lazy service, but was unable to. Usually this happens when a service is not installed, but if the service is intended to be used as a lazy service, then it may be configured incorrectly.
[   42.691989][  T302] servicemanager: Notifying apexservice they do (previously: don't) have clients when service is guaranteed to be in use
[   42.704583][  T577] libbinder.AidlLazyServiceRegistrar: Process has 1 (of 1 available) client(s) in use after notification apexservice has clients: 1
[   42.704829][  T576] apexd: getActivePackages received by ApexService
[   42.718048][  T577] libbinder.AidlLazyServiceRegistrar: Shutdown prevented by forcePersist override flag.
[   42.955969][  T302] servicemanager: Caller(pid=821,uid=1000,sid=u:r:system_server:s0) Found android.hardware.power.stats.IPowerStats/default in device VINTF manifest.
[   42.972535][  T302] servicemanager: Caller(pid=821,uid=1000,sid=u:r:system_server:s0) Found android.frameworks.stats.IStats/default in framework VINTF manifest.
[   42.987841][  T302] servicemanager: Caller(pid=821,uid=1000,sid=u:r:system_server:s0) Could not find android.hardware.memtrack.IMemtrack/default in the VINTF manifest. No alternative instances declared in VINTF.
[   43.371499][  T821] fs-verity: sha256 using implementation "sha256-ce" (multibuffer)
[   43.397831][    T1] init: Control message: Could not find 'aidl/activity' for ctl.interface_start from pid: 302 (/system/bin/servicemanager)
[   43.483365][    T1] init: processing action (ro.postinstall.fstab.prefix=/system && sys.cppreopt=requested) from (/system/etc/init/cppreopts.rc:26)
[   43.499738][    T1] init: [libfstab] Error updating for slotselect
[   43.505993][    T1] init: [libfstab] ReadFstabFromFileCommon(): failed to load fstab from : '/system/etc/fstab.postinstall'
[   43.517200][    T1] init: Command 'mount_all /system/etc/fstab.postinstall' action=ro.postinstall.fstab.prefix=/system && sys.cppreopt=requested (/system/etc/init/cppreopts.rc:27) took 20ms and failed: Could not read fstab
[   43.537629][    T1] init: starting service 'cppreopts'...
[   43.689396][  T577] apexd: getAllPackages received by ApexService
[   44.398315][    T1] init: Control message: Could not find 'aidl/activity' for ctl.interface_start from pid: 302 (/system/bin/servicemanager)
[   44.650236][  T577] libbinder.AidlLazyServiceRegistrar: Process has 0 (of 1 available) client(s) in use after notification apexservice has clients: 0
[   44.663769][  T577] libbinder.AidlLazyServiceRegistrar: Shutdown prevented by forcePersist override flag.
[   45.398251][  T302] servicemanager: Caller(pid=654,uid=1041,sid=u:r:audioserver:s0) Since 'activity' could not be found trying to start it as a lazy AIDL service. (if it's not configured to be a lazy service, it may be stuck starting or still starting).
[   45.421902][    T1] init: Control message: Could not find 'aidl/activity' for ctl.interface_start from pid: 302 (/system/bin/servicemanager)
[   45.434827][  T897] servicemanager: Caller(pid=654,uid=1041,sid=u:r:audioserver:s0) Tried to start aidl service activity as a lazy service, but was unable to. Usually this happens when a service is not installed, but if the service is intended to be used as a lazy service, then it may be configured incorrectly.
[   46.421273][  T302] servicemanager: Caller(pid=654,uid=1041,sid=u:r:audioserver:s0) Since 'activity' could not be found trying to start it as a lazy AIDL service. (if it's not configured to be a lazy service, it may be stuck starting or still starting).
[   46.445928][    T1] init: Control message: Could not find 'aidl/activity' for ctl.interface_start from pid: 302 (/system/bin/servicemanager)
[   46.458760][  T898] servicemanager: Caller(pid=654,uid=1041,sid=u:r:audioserver:s0) Tried to start aidl service activity as a lazy service, but was unable to. Usually this happens when a service is not installed, but if the service is intended to be used as a lazy service, then it may be configured incorrectly.
[   46.803499][  T302] libbinder.BpBinder: onLastStrongRef automatically unlinking death recipients for descriptor: '(not cached)'
[   46.816201][  T302] servicemanager: Caller(pid=654,uid=1041,sid=u:r:audioserver:s0) Since 'sensor_privacy' could not be found trying to start it as a lazy AIDL service. (if it's not configured to be a lazy service, it may be stuck starting or still starting).
[   46.840587][    T1] init: Control message: Could not find 'aidl/sensor_privacy' for ctl.interface_start from pid: 302 (/system/bin/servicemanager)
[   46.854829][  T903] servicemanager: Caller(pid=654,uid=1041,sid=u:r:audioserver:s0) Tried to start aidl service sensor_privacy as a lazy service, but was unable to. Usually this happens when a service is not installed, but if the service is intended to be used as a lazy service, then it may be configured incorrectly.
[   47.224501][  T302] libbinder.BpBinder: onLastStrongRef automatically unlinking death recipients for descriptor: '(not cached)'
[   47.236483][  T302] servicemanager: Caller(pid=821,uid=1000,sid=u:r:system_server:s0) Could not find android.hardware.sensors.ISensors/default in the VINTF manifest. No alternative instances declared in VINTF.
[   47.260144][  T302] servicemanager: Caller(pid=821,uid=1000,sid=u:r:system_server:s0) Found android.hardware.health.IHealth/default in device VINTF manifest.
[   47.276433][  T636] healthd: battery none chg=
[   48.323372][    T1] init: processing action (sys.sysctl.extra_free_kbytes=*) from (/system/etc/init/hw/init.rc:1254)
[   48.334226][    T1] init: starting service 'exec 14 (/system/bin/extra_free_kbytes.sh 24300)'...
[   48.359595][    T1] init: ... started service 'exec 14 (/system/bin/extra_free_kbytes.sh 24300)' has pid 942
[   48.537496][    T1] init: Service 'exec 14 (/system/bin/extra_free_kbytes.sh 24300)' (pid 942) exited with status 0 oneshot service took 0.191000 seconds in background
[   48.553137][    T1] init: Sending SIGKILL to service 'exec 14 (/system/bin/extra_free_kbytes.sh 24300)' (pid 942) process group...
[   48.565219][    T1] libprocessgroup: Removed cgroup /sys/fs/cgroup/system/uid_0/pid_942
[   49.836101][  T905] read descriptors
[   49.840001][  T905] bcdVersion must be 0x0100, stored in Little Endian order. Userspace driver should be fixed, accepting 0x0001 for compatibility.
[   49.854603][  T905] read strings
[   49.858495][  T905] read descriptors
[   49.862188][  T905] bcdVersion must be 0x0100, stored in Little Endian order. Userspace driver should be fixed, accepting 0x0001 for compatibility.
[   49.875578][  T905] read strings
[   50.938558][  T302] servicemanager: Caller(pid=821,uid=1000,sid=u:r:system_server:s0) Could not find android.hardware.authsecret.IAuthSecret/default in the VINTF manifest. No alternative instances declared in VINTF.
[   51.687216][  T322] type=1400 audit(1777788380.627:56): avc:  denied  { read } for  comm="binder:349_4" name="name" dev="sysfs" ino=16160 scontext=u:r:system_suspend:s0 tcontext=u:object_r:sysfs:s0 tclass=file permissive=1
[   51.707593][  T322] type=1400 audit(1777788380.627:57): avc:  denied  { open } for  comm="binder:349_4" path="/sys/devices/platform/soc@107c000000/soc@107c000000:rpi_rtc/wakeup/wakeup0/name" dev="sysfs" ino=16160 scontext=u:r:system_suspend:s0 tcontext=u:object_r:sysfs:s0 tclass=file permissive=1
[   51.734388][  T322] logd: HexToBytes: Invalid size: 81
[   51.999018][  T302] servicemanager: Caller(pid=821,uid=1000,sid=u:r:system_server:s0) Found android.hardware.wifi.IWifi/default in device VINTF manifest.
[   52.000651][  T986] macb 1f00100000.ethernet eth0: PHY [1f00100000.ethernet-ffffffff:01] driver [Broadcom BCM54213PE] (irq=POLL)
[   52.024599][  T986] macb 1f00100000.ethernet eth0: configuring for phy/rgmii-id link mode
[   52.037892][  T986] macb 1f00100000.ethernet: gem-ptp-timer ptp clock registered.
[   52.085826][  T302] servicemanager: Caller(pid=821,uid=1000,sid=u:r:system_server:s0) Found android.hardware.health.IHealth/default in device VINTF manifest.
[   52.509650][  T302] servicemanager: Notifying apexservice they do (previously: don't) have clients when service is guaranteed to be in use
[   52.522254][  T577] libbinder.AidlLazyServiceRegistrar: Process has 1 (of 1 available) client(s) in use after notification apexservice has clients: 1
[   52.522439][  T576] apexd: getSessions() received by ApexService
[   52.535796][  T577] libbinder.AidlLazyServiceRegistrar: Shutdown prevented by forcePersist override flag.
[   52.953807][  T302] servicemanager: Caller(pid=821,uid=1000,sid=u:r:system_server:s0) Found android.hardware.thermal.IThermal/default in device VINTF manifest.
[   52.983185][  T302] servicemanager: Caller(pid=821,uid=1000,sid=u:r:system_server:s0) Could not find android.hardware.input.processor.IInputProcessor/default in the VINTF manifest. No alternative instances declared in VINTF.
[   53.054171][  T302] SELinux: avc:  denied  { find } for pid=723 uid=1013 name=android.hardware.media.c2.IComponentStore/ffmpeg scontext=u:r:mediaserver:s0 tcontext=u:object_r:default_android_service:s0 tclass=service_manager permissive=1
[   53.083361][  T302] servicemanager: Caller(pid=723,uid=1013,sid=u:r:mediaserver:s0) Found android.hardware.media.c2.IComponentStore/ffmpeg in device VINTF manifest.
[   53.099421][  T302] servicemanager: Caller(pid=723,uid=1013,sid=u:r:mediaserver:s0) Found android.hardware.media.c2.IComponentStore/software in framework VINTF manifest.
[   53.160450][  T302] servicemanager: Caller(pid=752,uid=1046,sid=u:r:mediaswcodec:s0) Found android.hardware.graphics.allocator.IAllocator/default in device VINTF manifest.
[   53.181728][  T322] type=1400 audit(1777788382.123:58): avc:  denied  { read } for  comm="binder:752_2" name="u:object_r:vendor_default_prop:s0" dev="tmpfs" ino=372 scontext=u:r:mediaswcodec:s0 tcontext=u:object_r:vendor_default_prop:s0 tclass=file permissive=1
[   53.205100][  T322] type=1400 audit(1777788382.123:59): avc:  denied  { open } for  comm="binder:752_2" path="/dev/__properties__/u:object_r:vendor_default_prop:s0" dev="tmpfs" ino=372 scontext=u:r:mediaswcodec:s0 tcontext=u:object_r:vendor_default_prop:s0 tclass=file permissive=1
[   53.230129][  T322] logd: HexToBytes: Invalid size: 55
[   53.235384][  T322] type=1400 audit(1777788382.123:60): avc:  denied  { getattr } for  comm="binder:752_2" path="/dev/__properties__/u:object_r:vendor_default_prop:s0" dev="tmpfs" ino=372 scontext=u:r:mediaswcodec:s0 tcontext=u:object_r:vendor_default_prop:s0 tclass=file permissive=1
[   53.260690][  T322] logd: HexToBytes: Invalid size: 55
[   53.265878][  T322] type=1400 audit(1777788382.123:61): avc:  denied  { map } for  comm="binder:752_2" path="/dev/__properties__/u:object_r:vendor_default_prop:s0" dev="tmpfs" ino=372 scontext=u:r:mediaswcodec:s0 tcontext=u:object_r:vendor_default_prop:s0 tclass=file permissive=1
[   53.290926][  T322] logd: HexToBytes: Invalid size: 55
[   54.650227][  T577] libbinder.AidlLazyServiceRegistrar: Process has 0 (of 1 available) client(s) in use after notification apexservice has clients: 0
[   54.663898][  T577] libbinder.AidlLazyServiceRegistrar: Shutdown prevented by forcePersist override flag.
[   55.011949][    T1] init: processing action (boot.car_service_created=1) from (/system/etc/init/com.android.car.procfsinspector.rc:7)
[   55.032418][    T1] init: starting service 'com.android.car.procfsinspector'...
[   55.065053][    T1] init: ... started service 'com.android.car.procfsinspector' has pid 1222
[   55.077422][    T1] init: processing action (boot.car_service_created=1) from (/system/etc/init/init.bootstat.car.rc:6)
[   55.090488][    T1] init: starting service 'exec 15 (/system/bin/bootstat -r car_service_created)'...
[   55.116296][    T1] init: ... started service 'exec 15 (/system/bin/bootstat -r car_service_created)' has pid 1237
[   55.131136][    T1] init: SVC_EXEC service 'exec 15 (/system/bin/bootstat -r car_service_created)' pid 1237 (uid 1000 gid 1007+0 context default) started; waiting...
[   55.146090][    T1] init: Command 'exec - system log -- /system/bin/bootstat -r car_service_created' action=boot.car_service_created=1 (/system/etc/init/init.bootstat.car.rc:7) took 56ms and succeeded
[   55.164666][    T1] init: Service 'exec 15 (/system/bin/bootstat -r car_service_created)' (pid 1237) exited with status 0 waiting took 0.060000 seconds
[   55.178367][    T1] init: Sending SIGKILL to service 'exec 15 (/system/bin/bootstat -r car_service_created)' (pid 1237) process group...
[   56.379844][  T302] servicemanager: Caller(pid=1290,uid=1068,sid=u:r:secure_element:s0:c44,c260,c512,c768) Could not find android.hardware.secure_element.ISecureElement/eSE1 in the VINTF manifest. No alternative instances declared in VINTF.
[   56.404532][  T302] servicemanager: Caller(pid=1290,uid=1068,sid=u:r:secure_element:s0:c44,c260,c512,c768) Could not find android.hardware.secure_element.ISecureElement/SIM1 in the VINTF manifest. No alternative instances declared in VINTF.
[   56.426881][  T302] servicemanager: Caller(pid=821,uid=1000,sid=u:r:system_server:s0) Could not find android.hardware.weaver.IWeaver/default in the VINTF manifest. No alternative instances declared in VINTF.
[   57.760419][  T322] type=1400 audit(1777788386.703:63): avc:  denied  { open } for  comm="RenderThread" path="/dev/__properties__/u:object_r:vendor_default_prop:s0" dev="tmpfs" ino=372 scontext=u:r:system_app:s0 tcontext=u:object_r:vendor_default_prop:s0 tclass=file permissive=1
[   57.787849][  T322] logd: HexToBytes: Invalid size: 55
[   57.793276][  T322] type=1400 audit(1777788386.727:64): avc:  denied  { getattr } for  comm="RenderThread" path="/dev/__properties__/u:object_r:vendor_default_prop:s0" dev="tmpfs" ino=372 scontext=u:r:system_app:s0 tcontext=u:object_r:vendor_default_prop:s0 tclass=file permissive=1
[   57.819554][  T322] logd: HexToBytes: Invalid size: 55
[   57.824933][  T322] type=1400 audit(1777788386.727:65): avc:  denied  { map } for  comm="RenderThread" path="/dev/__properties__/u:object_r:vendor_default_prop:s0" dev="tmpfs" ino=372 scontext=u:r:system_app:s0 tcontext=u:object_r:vendor_default_prop:s0 tclass=file permissive=1
[   57.841190][  T302] servicemanager: Caller(pid=1331,uid=1001000,sid=u:r:system_app:s0) Found android.hardware.graphics.allocator.IAllocator/default in device VINTF manifest.
[   57.849974][  T322] logd: HexToBytes: Invalid size: 55
[   57.872889][  T302] servicemanager: Caller(pid=1331,uid=1001000,sid=u:r:system_app:s0) Found android.hardware.graphics.allocator.IAllocator/default in device VINTF manifest.
[   57.889619][  T302] servicemanager: Caller(pid=1331,uid=1001000,sid=u:r:system_app:s0) Found mapper/minigbm_gbm_mesa in device VINTF manifest.
[   57.915996][  T302] servicemanager: Caller(pid=1331,uid=1001000,sid=u:r:system_app:s0) Found android.hardware.graphics.allocator.IAllocator/default in device VINTF manifest.
[   57.932732][  T302] servicemanager: Caller(pid=1331,uid=1001000,sid=u:r:system_app:s0) Found android.hardware.graphics.allocator.IAllocator/default in device VINTF manifest.
[   57.950471][  T302] servicemanager: Caller(pid=1331,uid=1001000,sid=u:r:system_app:s0) Found mapper/minigbm_gbm_mesa in device VINTF manifest.
[   58.381462][  T322] type=1400 audit(1777788387.323:66): avc:  denied  { watch watch_reads } for  comm="android.hardwar" path="/dev/usb-ffs/adb" dev="functionfs" ino=12919 scontext=u:r:hal_usb_gadget_default:s0 tcontext=u:object_r:functionfs:s0 tclass=dir permissive=1
[   58.405711][  T322] logd: HexToBytes: Invalid characters: ", /
[   58.615005][  T302] servicemanager: Caller(pid=821,uid=1000,sid=u:r:system_server:s0) Could not find android.hardware.weaver.IWeaver/default in the VINTF manifest. No alternative instances declared in VINTF.
[   59.679714][  T322] type=1400 audit(1777788388.623:67): avc:  denied  { search } for  comm="binder:647_2" name="axi:gpu" dev="sysfs" ino=7804 scontext=u:r:hal_tv_hdmi_connection_default:s0 tcontext=u:object_r:sysfs_gpu:s0 tclass=dir permissive=1
[   60.639143][  T322] type=1400 audit(1777788389.579:68): avc:  denied  { open } for  comm="hwuiTask1" path="/dev/__properties__/u:object_r:vendor_default_prop:s0" dev="tmpfs" ino=372 scontext=u:r:platform_app:s0:c512,c768 tcontext=u:object_r:vendor_default_prop:s0 tclass=file permissive=1 app=com.android.systemui
[   61.785169][  T302] servicemanager: Caller(pid=1524,uid=1010049,sid=u:r:platform_app:s0:c522,c768) Found android.hardware.graphics.allocator.IAllocator/default in device VINTF manifest.
[   61.802890][  T302] servicemanager: Caller(pid=1524,uid=1010049,sid=u:r:platform_app:s0:c522,c768) Found android.hardware.graphics.allocator.IAllocator/default in device VINTF manifest.
[   61.820268][  T302] servicemanager: Caller(pid=1524,uid=1010049,sid=u:r:platform_app:s0:c522,c768) Found mapper/minigbm_gbm_mesa in device VINTF manifest.
[   61.847745][  T302] servicemanager: Caller(pid=1524,uid=1010049,sid=u:r:platform_app:s0:c522,c768) Found android.hardware.graphics.allocator.IAllocator/default in device VINTF manifest.
[   61.865039][  T302] servicemanager: Caller(pid=1524,uid=1010049,sid=u:r:platform_app:s0:c522,c768) Found android.hardware.graphics.allocator.IAllocator/default in device VINTF manifest.
[   61.882454][  T302] servicemanager: Caller(pid=1524,uid=1010049,sid=u:r:platform_app:s0:c522,c768) Found mapper/minigbm_gbm_mesa in device VINTF manifest.
[   62.701664][  T302] servicemanager: Caller(pid=1474,uid=1001002,sid=u:r:bluetooth:s0) Found android.hardware.bluetooth.IBluetoothHci/default in device VINTF manifest.
[   62.949267][  T302] SELinux: avc:  denied  { find } for pid=1325 uid=10103 name=android.hardware.media.c2.IComponentStore/ffmpeg scontext=u:r:platform_app:s0:c512,c768 tcontext=u:object_r:default_android_service:s0 tclass=service_manager permissive=1
[   62.975240][  T302] servicemanager: Caller(pid=1325,uid=10103,sid=u:r:platform_app:s0:c512,c768) Found android.hardware.media.c2.IComponentStore/ffmpeg in device VINTF manifest.
[   62.994693][  T302] servicemanager: Caller(pid=1325,uid=10103,sid=u:r:platform_app:s0:c512,c768) Found android.hardware.media.c2.IComponentStore/software in framework VINTF manifest.
[   64.137222][  T322] type=1400 audit(1777788393.079:74): avc:  denied  { read } for  comm="android.display" name="u:object_r:vendor_default_prop:s0" dev="tmpfs" ino=372 scontext=u:r:system_server:s0 tcontext=u:object_r:vendor_default_prop:s0 tclass=file permissive=1
[   64.162966][  T322] type=1400 audit(1777788393.079:75): avc:  denied  { open } for  comm="android.display" path="/dev/__properties__/u:object_r:vendor_default_prop:s0" dev="tmpfs" ino=372 scontext=u:r:system_server:s0 tcontext=u:object_r:vendor_default_prop:s0 tclass=file permissive=1
[   64.189455][  T322] logd: HexToBytes: Invalid size: 55
[   64.194756][  T322] type=1400 audit(1777788393.079:76): avc:  denied  { getattr } for  comm="android.display" path="/dev/__properties__/u:object_r:vendor_default_prop:s0" dev="tmpfs" ino=372 scontext=u:r:system_server:s0 tcontext=u:object_r:vendor_default_prop:s0 tclass=file permissive=1
[   64.220533][  T322] logd: HexToBytes: Invalid size: 55
[   64.226475][  T322] type=1400 audit(1777788393.079:77): avc:  denied  { map } for  comm="android.display" path="/dev/__properties__/u:object_r:vendor_default_prop:s0" dev="tmpfs" ino=372 scontext=u:r:system_server:s0 tcontext=u:object_r:vendor_default_prop:s0 tclass=file permissive=1
[   64.251851][  T322] logd: HexToBytes: Invalid size: 55
[   65.544129][ T1567] logd: start watching /data/system/packages.list ...
[   65.551899][ T1567] logd: ReadPackageList, total packages: 141
[   66.120608][  T322] type=1400 audit(1777788395.063:78): avc:  denied  { read } for  comm="crash_dump64" name="BluetoothRpiOverlay.apk" dev="mmcblk0p6" ino=517 scontext=u:r:crash_dump:s0 tcontext=u:object_r:vendor_overlay_file:s0 tclass=file permissive=1
[   66.202547][    T1] init: Untracked process (pid: 1799 name: (crash_dump64) ppid: 1 pgrp: 1798 state: Z) exited with status 0
[   66.214044][    T1] init: Untracked process (pid: 1799 name: (crash_dump64) ppid: 1 pgrp: 1798 state: Z) did not have an associated service entry and will not be reaped
[   66.215134][   T78] binder: release 1474:1668 transaction 28693 out, still active
[   66.229732][    T1] init: Untracked process (pid: 1801 name: (droid.bluetooth) ppid: 1 pgrp: 1801 state: Z) exited with status 0
[   66.248533][    T1] init: Untracked process (pid: 1801 name: (droid.bluetooth) ppid: 1 pgrp: 1801 state: Z) did not have an associated service entry and will not be reaped
[   66.310615][    T1] init: Untracked process (pid: 1818 name: (pbtombstone) ppid: 1 pgrp: 604 state: Z) exited with status 1
[   66.321930][    T1] init: Untracked process (pid: 1818 name: (pbtombstone) ppid: 1 pgrp: 604 state: Z) did not have an associated service entry and will not be reaped
[   67.260874][  T302] servicemanager: Caller(pid=1824,uid=1001002,sid=u:r:bluetooth:s0) Found android.hardware.bluetooth.IBluetoothHci/default in device VINTF manifest.
[   67.598883][    T1] init: Service 'bootanim' (pid 778) exited with status 0 oneshot service took 33.630001 seconds in background
[   67.610547][    T1] init: Sending SIGKILL to service 'bootanim' (pid 778) process group...
[   67.619088][    T1] libprocessgroup: Removed cgroup /sys/fs/cgroup/system/uid_1003/pid_778
[   67.652870][  T302] servicemanager: Caller(pid=319,uid=0,sid=u:r:vold:s0) Could not find android.hardware.boot.IBootControl/default in the VINTF manifest. No alternative instances declared in VINTF.
[   67.759173][  T302] servicemanager: Notifying apexservice they do (previously: don't) have clients when service is guaranteed to be in use
[   67.771841][  T577] libbinder.AidlLazyServiceRegistrar: Process has 1 (of 1 available) client(s) in use after notification apexservice has clients: 1
[   67.772007][  T576] apexd: markBootCompleted() received by ApexService
[   67.785584][  T577] libbinder.AidlLazyServiceRegistrar: Shutdown prevented by forcePersist override flag.
[   67.804882][    T1] init: processing action (sys.boot_completed=1) from (/system/etc/init/hw/init.rc:1245)
[   68.154756][  T302] servicemanager: Caller(pid=658,uid=1000,sid=u:r:surfaceflinger:s0) Found android.hardware.power.IPower/default in device VINTF manifest.
[   68.203057][  T577] apexd: destroyCeSnapshotsNotSpecified() received by ApexService user_id : 0 retain_rollback_ids : []
[   68.533706][  T302] servicemanager: Caller(pid=1962,uid=1010069,sid=u:r:untrusted_app_25:s0:c522,c768) Found android.hardware.graphics.allocator.IAllocator/default in device VINTF manifest.
[   68.559957][  T302] servicemanager: Caller(pid=1962,uid=1010069,sid=u:r:untrusted_app_25:s0:c522,c768) Found android.hardware.graphics.allocator.IAllocator/default in device VINTF manifest.
[   68.583138][  T302] servicemanager: Caller(pid=1962,uid=1010069,sid=u:r:untrusted_app_25:s0:c522,c768) Found mapper/minigbm_gbm_mesa in device VINTF manifest.
[   68.692387][  T577] apexd: destroyCeSnapshotsNotSpecified() received by ApexService user_id : 10 retain_rollback_ids : []
[   69.276196][  T302] SELinux: avc:  denied  { find } for pid=1980 uid=10133 name=android.hardware.media.c2.IComponentStore/ffmpeg scontext=u:r:mediaprovider_app:s0:c133,c256,c512,c768 tcontext=u:object_r:default_android_service:s0 tclass=service_manager permissive=1
[   69.304905][  T302] servicemanager: Caller(pid=1980,uid=10133,sid=u:r:mediaprovider_app:s0:c133,c256,c512,c768) Found android.hardware.media.c2.IComponentStore/ffmpeg in device VINTF manifest.
[   69.650223][  T302] servicemanager: Notifying apexservice they don't (previously: do) have clients when we now have no record of a client
[   69.667696][  T577] libbinder.AidlLazyServiceRegistrar: Process has 0 (of 1 available) client(s) in use after notification apexservice has clients: 0
[   69.681503][  T577] libbinder.AidlLazyServiceRegistrar: Shutdown prevented by forcePersist override flag.
[   70.759347][  T322] type=1400 audit(1777788399.699:94): avc:  denied  { read } for  comm="crash_dump64" name="BluetoothRpiOverlay.apk" dev="mmcblk0p6" ino=517 scontext=u:r:crash_dump:s0 tcontext=u:object_r:vendor_overlay_file:s0 tclass=file permissive=1
[   70.768899][ T2193] audit: audit_lost=1 audit_rate_limit=5 audit_backlog_limit=64
[   70.782049][  T322] type=1400 audit(1777788399.699:95): avc:  denied  { open } for  comm="crash_dump64" path="/vendor/overlay/BluetoothRpiOverlay.apk" dev="mmcblk0p6" ino=517 scontext=u:r:crash_dump:s0 tcontext=u:object_r:vendor_overlay_file:s0 tclass=file permissive=1
[   70.800076][ T2193] audit: rate limit exceeded
[   70.814153][  T322] logd: HexToBytes: Invalid size: 41
[   70.827446][  T322] type=1400 audit(1777788399.699:96): avc:  denied  { getattr } for  comm="crash_dump64" path="/vendor/overlay/BluetoothRpiOverlay.apk" dev="mmcblk0p6" ino=517 scontext=u:r:crash_dump:s0 tcontext=u:object_r:vendor_overlay_file:s0 tclass=file permissive=1
[   70.851592][  T311] logd: logdr: UID=1001002 GID=1001002 PID=2193 n tail=500 logMask=8 pid=1824 start=0ns deadline=0ns
[   70.852150][  T322] logd: HexToBytes: Invalid size: 41
[   70.867837][  T322] type=1400 audit(1777788399.699:97): avc:  denied  { map } for  comm="crash_dump64" path="/vendor/overlay/BluetoothRpiOverlay.apk" dev="mmcblk0p6" ino=517 scontext=u:r:crash_dump:s0 tcontext=u:object_r:vendor_overlay_file:s0 tclass=file permissive=1
[   70.887496][  T311] logd: logdr: UID=1001002 GID=1001002 PID=2193 n tail=500 logMask=1 pid=1824 start=0ns deadline=0ns
[   70.891849][  T322] logd: HexToBytes: Invalid size: 41
[   70.907904][  T322] type=1400 audit(1777788399.711:98): avc:  denied  { read } for  comm="crash_dump64" name="system@product@overlay@CarFrameworkResVisualRRO.apk@idmap" dev="mmcblk0p3" ino=36 scontext=u:r:crash_dump:s0 tcontext=u:object_r:resourcecache_data_file:s0 tclass=file permissive=1
[   71.081422][   T78] binder: release 1824:1854 transaction 39252 out, still active
[   71.089427][   T78] binder: undelivered TRANSACTION_COMPLETE
[   72.367079][  T302] servicemanager: Caller(pid=1700,uid=1010027,sid=u:r:platform_app:s0:c522,c768) Found android.hardware.graphics.allocator.IAllocator/default in device VINTF manifest.
[   72.386013][  T302] servicemanager: Caller(pid=1700,uid=1010027,sid=u:r:platform_app:s0:c522,c768) Found android.hardware.graphics.allocator.IAllocator/default in device VINTF manifest.
[   72.404357][  T302] servicemanager: Caller(pid=1700,uid=1010027,sid=u:r:platform_app:s0:c522,c768) Found mapper/minigbm_gbm_mesa in device VINTF manifest.
[   73.569693][  T302] servicemanager: Caller(pid=2483,uid=1001002,sid=u:r:bluetooth:s0) Found android.hardware.bluetooth.IBluetoothHci/default in device VINTF manifest.
[   73.698615][  T302] servicemanager: Caller(pid=2552,uid=1010083,sid=u:r:platform_app:s0:c522,c768) Found android.hardware.graphics.allocator.IAllocator/default in device VINTF manifest.
[   73.717392][  T302] servicemanager: Caller(pid=2552,uid=1010083,sid=u:r:platform_app:s0:c522,c768) Found android.hardware.graphics.allocator.IAllocator/default in device VINTF manifest.
[   73.734673][  T302] servicemanager: Caller(pid=2552,uid=1010083,sid=u:r:platform_app:s0:c522,c768) Found mapper/minigbm_gbm_mesa in device VINTF manifest.
[   73.768335][  T302] servicemanager: Caller(pid=2552,uid=1010083,sid=u:r:platform_app:s0:c522,c768) Found android.hardware.graphics.allocator.IAllocator/default in device VINTF manifest.
[   73.785769][  T302] servicemanager: Caller(pid=2552,uid=1010083,sid=u:r:platform_app:s0:c522,c768) Found android.hardware.graphics.allocator.IAllocator/default in device VINTF manifest.
[   73.804240][  T302] servicemanager: Caller(pid=2552,uid=1010083,sid=u:r:platform_app:s0:c522,c768) Found mapper/minigbm_gbm_mesa in device VINTF manifest.
[   74.954095][    T1] init: Sending SIGKILL to service 'idmap2d' (pid 718) process group...
[   74.969296][    T1] libprocessgroup: Removed cgroup /sys/fs/cgroup/system/uid_1000/pid_718
[   74.983180][    T1] init: Control message: Processed ctl.stop for 'idmap2d' from pid: 821 (system_server)
[   74.993655][    T1] init: Service 'idmap2d' (pid 718) received SIGKILL
[   75.000528][    T1] init: Sending SIGKILL to service 'idmap2d' (pid 718) process group...
[   75.009103][    T1] libprocessgroup: Failed to write 1 to /sys/fs/cgroup/system/uid_1000/pid_718/cgroup.kill: No such file or directory
[   75.021895][    T1] libprocessgroup: Failed to open /sys/fs/cgroup/system/uid_1000/pid_718/cgroup.procs: No such file or directory
[   76.972900][  T322] type=1400 audit(1777788405.915:111): avc:  denied  { read } for  comm="crash_dump64" name="BluetoothRpiOverlay.apk" dev="mmcblk0p6" ino=517 scontext=u:r:crash_dump:s0 tcontext=u:object_r:vendor_overlay_file:s0 tclass=file permissive=1
[   77.006510][  T322] type=1400 audit(1777788405.939:112): avc:  denied  { open } for  comm="crash_dump64" path="/vendor/overlay/BluetoothRpiOverlay.apk" dev="mmcblk0p6" ino=517 scontext=u:r:crash_dump:s0 tcontext=u:object_r:vendor_overlay_file:s0 tclass=file permissive=1
[   77.018658][ T2860] audit: audit_lost=8 audit_rate_limit=5 audit_backlog_limit=64
[   77.031753][  T322] logd: HexToBytes: Invalid size: 41
[   77.039639][ T2860] audit: rate limit exceeded
[   77.046823][  T322] type=1400 audit(1777788405.939:113): avc:  denied  { getattr } for  comm="crash_dump64" path="/vendor/overlay/BluetoothRpiOverlay.apk" dev="mmcblk0p6" ino=517 scontext=u:r:crash_dump:s0 tcontext=u:object_r:vendor_overlay_file:s0 tclass=file permissive=1
[   77.068159][  T311] logd: logdr: UID=1001002 GID=1001002 PID=2860 n tail=500 logMask=8 pid=2483 start=0ns deadline=0ns
[   77.074279][  T322] logd: HexToBytes: Invalid size: 41
[   77.088261][  T311] logd: logdr: UID=1001002 GID=1001002 PID=2860 n tail=500 logMask=1 pid=2483 start=0ns deadline=0ns
[   77.096782][  T322] type=1400 audit(1777788405.939:114): avc:  denied  { map } for  comm="crash_dump64" path="/vendor/overlay/BluetoothRpiOverlay.apk" dev="mmcblk0p6" ino=517 scontext=u:r:crash_dump:s0 tcontext=u:object_r:vendor_overlay_file:s0 tclass=file permissive=1
[   77.129066][  T322] logd: HexToBytes: Invalid size: 41
[   77.138358][  T322] type=1400 audit(1777788405.959:115): avc:  denied  { read } for  comm="crash_dump64" name="system@product@overlay@CarFrameworkResVisualRRO.apk@idmap" dev="mmcblk0p3" ino=36 scontext=u:r:crash_dump:s0 tcontext=u:object_r:resourcecache_data_file:s0 tclass=file permissive=1
[   77.143634][    T1] init: Untracked process (pid: 2860 name: (crash_dump64) ppid: 1 pgrp: 2859 state: Z) exited with status 0
[   77.181082][    T1] init: Untracked process (pid: 2860 name: (crash_dump64) ppid: 1 pgrp: 2859 state: Z) did not have an associated service entry and will not be reaped
[   77.196910][   T51] binder: release 2483:2591 transaction 59656 out, still active
[   77.198186][    T1] init: Untracked process (pid: 2862 name: (droid.bluetooth) ppid: 1 pgrp: 2862 state: Z) exited with status 0
[   77.204877][   T51] binder: undelivered TRANSACTION_COMPLETE
[   77.224162][  T932] binder: 932:821 cannot find target node
[   77.235556][  T932] binder: 821:932 transaction async to 0:0 failed 109675/29189/-22, code 12 size 376-16 line 3434
[   77.257008][  T389] apexd: Deleting unused dm device com.android.adbd
[   77.283765][  T389] apexd: Deleting unused dm device com.android.adservices
[   77.316249][  T389] apexd: Deleting unused dm device com.android.apex.cts.shim
[   77.349431][  T389] apexd: Deleting unused dm device com.android.appsearch
[   77.379502][  T389] apexd: Deleting unused dm device com.android.art
[   77.407525][  T389] apexd: Deleting unused dm device com.android.bt
[   77.427537][  T389] apexd: Deleting unused dm device com.android.compos
[   77.447489][  T389] apexd: Deleting unused dm device com.android.configinfrastructure
[   77.475480][  T389] apexd: Deleting unused dm device com.android.conscrypt
[   77.495696][  T389] apexd: Deleting unused dm device com.android.crashrecovery
[   78.971974][  T302] servicemanager: Caller(pid=389,uid=0,sid=u:r:apexd:s0) Unregistering apexservice
[   78.981328][  T302] libbinder.BpBinder: onLastStrongRef automatically unlinking death recipients for descriptor: '(not cached)'
[   78.998169][  T853] printk: binder:389_4: 127 output lines suppressed due to ratelimiting

console:/ $ 
console:/ $ [   93.439112][  T302] servicemanager: Caller(pid=3302,uid=1001002,sid=u:r:bluetooth:s0) Found android.hardware.bluetooth.IBluetoothHci/default in device VINTF manifest.
ls -al /tm[   96.646290][  T322] type=1400 audit(1777788425.587:127): avc:  denied  { read } for  comm="crash_dump64" name="BluetoothRpiOverlay.apk" dev="mmcblk0p6" ino=517 scontext=u:r:crash_dump:s0 tcontext=u:object_r:vendor_overlay_file:s0 tclass=file permissive=1
[   96.650906][ T3338] audit: audit_lost=17 audit_rate_limit=5 audit_backlog_limit=64
[   96.669125][  T322] type=1400 audit(1777788425.587:128): avc:  denied  { open } for  comm="crash_dump64" path="/vendor/overlay/BluetoothRpiOverlay.apk" dev="mmcblk0p6" ino=517 scontext=u:r:crash_dump:s0 tcontext=u:object_r:vendor_overlay_file:s0 tclass=file permissive=1
[   96.676521][ T3338] audit: rate limit exceeded
[   96.685209][  T311] logd: logdr: UID=1001002 GID=1001002 PID=3338 n tail=500 logMask=8 pid=3302 start=0ns deadline=0ns
[   96.700593][  T322] logd: HexToBytes: Invalid size: 41
[   96.708805][  T311] logd: logdr: UID=1001002 GID=1001002 PID=3338 n tail=500 logMask=1 pid=3302 start=0ns deadline=0ns
[   96.715803][  T322] type=1400 audit(1777788425.587:129): avc:  denied  { getattr } for  comm="crash_dump64" path="/vendor/overlay/BluetoothRpiOverlay.apk" dev="mmcblk0p6" ino=517 scontext=u:r:crash_dump:s0 tcontext=u:object_r:vendor_overlay_file:s0 tclass=file permissive=1
[   96.751958][    T1] init: Untracked process (pid: 3338 name: (crash_dump64) ppid: 1 pgrp: 3337 state: Z) exited with status 0
[   96.756183][  T322] logd: HexToBytes: Invalid size: 41
[   96.768337][    T1] init: Untracked process (pid: 3338 name: (crash_dump64) ppid: 1 pgrp: 3337 state: Z) did not have an associated service entry and will not be reaped
[   96.772569][  T322] type=1400 audit(1777788425.587:130): avc:  denied  { map } for  comm="crash_dump64" path="/vendor/overlay/BluetoothRpiOverlay.apk" dev="mmcblk0p6" ino=517 scontext=u:r:crash_dump:s0 tcontext=u:object_r:vendor_overlay_file:s0 tclass=file permissive=1
[   96.811650][  T322] logd: HexToBytes: Invalid size: 41
[   96.811901][    T1] init: Untracked process (pid: 3340 name: (droid.bluetooth) ppid: 1 pgrp: 3340 state: Z) exited with status 0
[   96.816902][  T322] type=1400 audit(1777788425.591:131): avc:  denied  { read } for  comm="crash_dump64" name="system@product@overlay@CarFrameworkResVisualRRO.apk@idmap" dev="mmcblk0p3" ino=36 scontext=u:r:crash_dump:s0 tcontext=u:object_r:resourcecache_data_file:s0 tclass=file permissive=1
console:/ $ [   96.828559][    T1] init: Untracked process (pid: 3340 name: (droid.bluetooth) ppid: 1 pgrp: 3340 state: Z) did not have an associated service entry and will not be reaped
[   96.854829][  T346] binder: release 3302:3333 transaction 136012 out, still active
ls -al /tmp/                     [   96.871917][    T1] init: Untracked process (pid: 3347 name: (pbtombstone) ppid: 1 pgrp: 604 state: Z) exited with status 1
                                 [   96.878485][  T346] binder: undelivered TRANSACTION_COMPLETE
 [   96.892463][    T1] init: Untracked process (pid: 3347 name: (pbtombstone) ppid: 1 pgrp: 604 state: Z) did not have an associated service entry and will not be reaped

total 4
drwxrwx--x  2 shell shell   40 1970-01-01 00:00 .
drwxr-xr-x 26 root  root  4096 2026-05-03 06:06 ..
console:/ $ console:/ $ ls -al /tmp/                                                       [   99.285398][    T1] init: Sending SIGKILL to service 'idmap2d' (pid 3089) process group...
[   99.295003][    T1] libprocessgroup: Removed cgroup /sys/fs/cgroup/system/uid_1000/pid_3089
[   99.303642][    T1] init: Control message: Processed ctl.stop for 'idmap2d' from pid: 821 (system_server)
[   99.313437][    T1] init: Service 'idmap2d' (pid 3089) received SIGKILL

total 4
drwxrwx--x  2 shell shell   40 1970-01-01 00:00 .
drwxr-xr-x 26 root  root  4096 2026-05-03 06:06 ..
console:/ $ ls -al /da
data/           data_mirror/
[  104.787505][  T322] type=1400 audit(1777788433.731:135): avc:  denied  { getattr } for  comm="sh" path="/data_mirror" dev="tmpfs" ino=1 scontext=u:r:shell:s0 tcontext=u:object_r:mirror_data_file:s0 tclass=dir permissive=1
console:/ $ ls -al /data       [  104.810078][  T322] logd: HexToBytes: Invalid characters: ", /
                                                
data/           data_mirror/
console:/ $ ls -al /data                                                       
data/           data_mirror/
console:/ $ ls -al /data                                                       /
ls: /data/: Permission denied
1|console:/ $ sud  o su
/system/bin/sh: sudo: inaccessible or not found
127|console:/ $ su
console:/ # ls -al /da
data/           data_mirror/
console:/ # ls -al /data                                                       
total 224
drwxrwx--x  50 system   system    4096 2026-05-03 06:06 .
drwxr-xr-x  26 root     root      4096 2026-05-03 06:06 ..
drwx------   2 root     root      4096 1970-01-01 00:00 adb
drwxrwxr-x   2 system   system    4096 1970-01-01 00:00 anr
drwxr-xr-x   7 root     system    4096 1970-01-01 00:00 apex
drwxrwx--x   2 system   system    4096 1970-01-01 00:00 app
drwx------   2 root     root      4096 1970-01-01 00:00 app-asec
drwxrwx--x   2 system   system    4096 1970-01-01 00:00 app-ephemeral
drwxrwx--x   2 system   system    4096 1970-01-01 00:00 app-lib
drwx------   2 system   system    4096 1970-01-01 00:00 app-metadata
drwxrwx--x   2 system   system    4096 1970-01-01 00:00 app-private
drwxr-x--x   2 system   system    4096 1970-01-01 00:00 app-staging
drwx------   2 system   system    4096 1970-01-01 00:00 backup
drwxr-xr-x   2 shell    shell     4096 1970-01-01 00:00 bootchart
drwxrwx---   5 system   cache     4096 1970-01-01 00:00 cache
drwxrwx--x   3 root     root      4096 1970-01-01 00:00 dalvik-cache
drwxrwx--x 166 system   system   12288 1970-01-01 00:01 data
drwxrwx---   2 drm      drm       4096 1970-01-01 00:00 drm
drwxrwx--x   4 root     root      4096 1970-01-01 00:00 fonts
drwx------   5 root     root      4096 1970-01-01 00:00 gsi
-rw-------   1 system   system       1 1970-01-01 00:00 gsi_persistent_data
drwxrwx--x   2 system   system    4096 1970-01-01 00:00 incremental
drwxr-x--x   5 root     root      4096 1970-01-01 00:00 local
drwxrwx---   2 root     root     16384 2026-05-03 06:06 lost+found
dr-xr-x---   5 media_rw media_rw  4096 2026-05-03 06:06 media
drwxrwx---   2 mediadrm mediadrm  4096 1970-01-01 00:00 mediadrm
drwxrwx--t  67 system   misc      4096 2026-05-03 06:06 misc
dr-xr-x--x   4 system   misc      4096 2026-05-03 06:06 misc_ce
dr-xr-x--x   4 system   misc      4096 2026-05-03 06:06 misc_de
drwxrwx---   3 nfc      nfc       4096 1970-01-01 00:00 nfc
drwxrwx--x   2 root     root      4096 1970-01-01 00:00 ota
drwxrwx---   2 system   cache     4096 1970-01-01 00:00 ota_package
drwx------   2 system   system    4096 2026-05-03 06:06 per_boot
drwxrwxr-x   2 system   system    4096 1970-01-01 00:00 preloads
drwx------   2 root     root      4096 2026-05-03 06:06 property
drwxrwx--x   2 system   system    4096 2026-05-03 06:06[  117.098968][  T302] servicemanager: Caller(pid=3355,uid=1001002,sid=u:r:bluetooth:s0) Found android.hardware.bluetooth.IBluetoothHci/default in device VINTF manifest.
 resource-cache
drwx------   2 system   system    4096 1970-01-01 00:00 rollback
drwx------   2 system   system    4096 1970-01-01 00:00 rollback-history
drwx------   2 system   system    4096 1970-01-01 00:01 rollback-observer
drwxrwxr-x   2 system   system    4096 1970-01-01 00:00 server_configurable_flags
drwx------   2 system   system    4096 1970-01-01 00:00 ss
dr-xr-x--x   2 root     root      4096 1970-01-01 00:00 storage_area
drwxrwxr-x  28 system   system    4096 2026-05-03 06:07 system
dr-xr-x---   4 system   system    4096 2026-05-03 06:06 system_ce
dr-xr-x---   4 system   system    4096 2026-05-03 06:06 system_de
drwxrwxr-x   2 system   system    4096 2026-05-03 06:07 tombstones
dr-x--x--x   4 system   system    4096 2026-05-03 06:06 user
dr-x--x--x   4 system   system    4096 2026-05-03 06:06 user_de
drwxrwx--x   5 root     root      4096 1970-01-01 00:00 vendor
dr-xr-x--x   4 root     root      4096 2026-05-03 06:06 vendor_ce
dr-xr-x--x   4 root     root      4096 2026-05-03 06:06 vendor_de
console:/ # console:/ # ls -al /data                                                       [  120.305390][  T322] type=1400 audit(1777788449.247:136): avc:  denied  { read } for  comm="crash_dump64" name="BluetoothRpiOverlay.apk" dev="mmcblk0p6" ino=517 scontext=u:r:crash_dump:s0 tcontext=u:object_r:vendor_overlay_file:s0 tclass=file permissive=1
[  120.318341][  T311] logd: logdr: UID=1001002 GID=1001002 PID=3394 n tail=500 logMask=8 pid=3355 start=0ns deadline=0ns
[  120.328091][  T322] type=1400 audit(1777788449.247:137): avc:  denied  { open } for  comm="crash_dump64" path="/vendor/overlay/BluetoothRpiOverlay.apk" dev="mmcblk0p6" ino=517 scontext=u:r:crash_dump:s0 tcontext=u:object_r:vendor_overlay_file:s0 tclass=file permissive=1
[  120.342538][  T311] logd: logdr: UID=1001002 GID=1001002 PID=3394 n tail=500 logMask=1 pid=3355 start=0ns deadline=0ns
[  120.362819][  T322] logd: HexToBytes: Invalid size: 41
[  120.378712][  T322] type=1400 audit(1777788449.247:138): avc:  denied  { getattr } for  comm="crash_dump64" path="/vendor/overlay/BluetoothRpiOverlay.apk" dev="mmcblk0p6" ino=517 scontext=u:r:crash_dump:s0 tcontext=u:object_r:vendor_overlay_file:s0 tclass=file permissive=1
[  120.402652][    T1] init: Untracked process (pid: 3394 name: (crash_dump64) ppid: 1 pgrp: 3392 state: Z) exited with status 0
[  120.403149][  T322] logd: HexToBytes: Invalid size: 41
[  120.414447][    T1] init: Untracked process (pid: 3394 name: (crash_dump64) ppid: 1 pgrp: 3392 state: Z) did not have an associated service entry and will not be reaped
[  120.419593][  T322] type=1400 audit(1777788449.247:139): avc:  denied  { map } for  comm="crash_dump64" path="/vendor/overlay/BluetoothRpiOverlay.apk" dev="mmcblk0p6" ino=517 scontext=u:r:crash_dump:s0 tcontext=u:object_r:vendor_overlay_file:s0 tclass=file permissive=1
[  120.442914][    T1] init: Untracked process (pid: 3396 name: (droid.bluetooth) ppid: 1 pgrp: 3396 state: Z) exited with status 0
[  120.458710][  T322] logd: HexToBytes: Invalid size: 41
[  120.470262][    T1] init: Untracked process (pid: 3396 name: (droid.bluetooth) ppid: 1 pgrp: 3396 state: Z) did not have an associated service entry and will not be reaped
[  120.470685][   T78] binder: release 3355:3388 transaction 137538 out, still active
[  120.470689][   T78] binder: undelivered TRANSACTION_COMPLETE
[  120.475471][  T322] type=1400 audit(1777788449.251:140): avc:  denied  { read } for  comm="crash_dump64" name="system@product@overlay@CarFrameworkResVisualRRO.apk@idmap" dev="mmcblk0p3" ino=36 scontext=u:r:crash_dump:s0 tcontext=u:object_r:resourcecache_data_file:s0 tclass=file permissive=1
[  120.491193][    T1] init: Untracked process (pid: 3402 name: (pbtombstone) ppid: 1 pgrp: 604 state: Z) exited with status 1
[  120.541110][    T1] init: Untracked process (pid: 3402 name: (pbtombstone) ppid: 1 pgrp: 604 state: Z) did not have an associated service entry and will not be reaped
ls -al /tmconsole:/ # ls -al /datals -al /tmp/                                           
ls: /datals: No such file or directory
total 4
drwxrwx--x  2 shell shell   40 1970-01-01 00:00:43.187999993 +0000 .
drwxr-xr-x 26 root  root  4096 2026-05-03 06:06:17.000000000 +0000 ..
1|console:/ # ls -al /da
data/           data_mirror/
1|console:/ # ls -al /data                                                     
total 224
drwxrwx--x  50 system   system    4096 2026-05-03 06:06 .
drwxr-xr-x  26 root     root      4096 2026-05-03 06:06 ..
drwx------   2 root     root      4096 1970-01-01 00:00 adb
drwxrwxr-x   2 system   system    4096 1970-01-01 00:00 anr
drwxr-xr-x   7 root     system    4096 1970-01-01 00:00 apex
drwxrwx--x   2 system   system    4096 1970-01-01 00:00 app
drwx------   2 root     root      4096 1970-01-01 00:00 app-asec
drwxrwx--x   2 system   system    4096 1970-01-01 00:00 app-ephemeral
drwxrwx--x   2 system   system    4096 1970-01-01 00:00 app-lib
drwx------   2 system   system    4096 1970-01-01 00:00 app-metadata
drwxrwx--x   2 system   system    4096 1970-01-01 00:00 app-private
drwxr-x--x   2 system   system    4096 1970-01-01 00:00 app-staging
drwx------   2 system   system    4096 1970-01-01 00:00 backup
drwxr-xr-x   2 shell    shell     4096 1970-01-01 00:00 bootchart
drwxrwx---   5 system   cache     4096 1970-01-01 00:00 cache
drwxrwx--x   3 root     root      4096 1970-01-01 00:00 dalvik-cache
drwxrwx--x 166 system   system   12288 1970-01-01 00:01 data
drwxrwx---   2 drm      drm       4096 1970-01-01 00:00 drm
drwxrwx--x   4 root     root      4096 1970-01-01 00:00 fonts
drwx------   5 root     root      4096 1970-01-01 00:00 gsi
-rw-------   1 system   system       1 1970-01-01 00:00 gsi_persistent_data
drwxrwx--x   2 system   system    4096 1970-01-01 00:00 incremental
drwxr-x--x   5 root     root      4096 1970-01-01 00:00 local
drwxrwx---   2 root     root     16384 2026-05-03 06:06 lost+found
dr-xr-x---   5 media_rw media_rw  4096 2026-05-03 06:06 media
drwxrwx---   2 mediadrm mediadrm  4096 1970-01-01 00:00 mediadrm
drwxrwx--t  67 system   misc      4096 2026-05-03 06:06 misc
dr-xr-x--x   4 system   misc      4096 2026-05-03 06:06 misc_ce
dr-xr-x--x   4 system   misc      4096 2026-05-03 06:06 misc_de
drwxrwx---   3 nfc      nfc       4096 1970-01-01 00:00 nfc
drwxrwx--x   2 root     root      4096 1970-01-01 00:00 ota
drwxrwx---   2 system   cache     4096 1970-01-01 00:00 ota_package
drwx------   2 system   system    4096 2026-05-03 06:06 per_boot
drwxrwxr-x   2 system   system    4096 1970-01-01 00:00 preloads
drwx------   2 root     root      4096 2026-05-03 06:06 property
drwxrwx--x   2 system   system    4096 2026-05-03 06:06 resource-cache
drwx------   2 system   system    4096 1970-01-01 00:00 rollback
drwx------   2 system   system    4096 1970-01-01 00:00 rollback-history
drwx------   2 system   system    4096 1970-01-01 00:01 rollback-observer
drwxrwxr-x   2 system   system    4096 1970-01-01 00:00 server_configurable_flags
drwx------   2 system   system    4096 1970-01-01 00:00 ss
dr-xr-x--x   2 root     root      4096 1970-01-01 00:00 storage_area
drwxrwxr-x  28 system   system    4096 2026-05-03 06:07 system
dr-xr-x---   4 system   system    4096 2026-05-03 06:06 system_ce
dr-xr-x---   4 system   system    4096 2026-05-03 06:06 system_de
drwxrwxr-x   2 system   system    4096 2026-05-03 06:07 tombstones
dr-x--x--x   4 system   system    4096 2026-05-03 06:06 user
dr-x--x--x   4 system   system    4096 2026-05-03 06:06 user_de
drwxrwx--x   5 root     root      4096 1970-01-01 00:00 vendor
dr-xr-x--x   4 root     root      4096 2026-05-03 06:06 vendor_ce
dr-xr-x--x   4 root     root      4096 2026-05-03 06:06 vendor_de
console:/ # console:/ # ls -al /data                                                       ve  /ve
vendor/      vendor_ce/   vendor_de/
console:/ # ls -al /data/vendor                                                
total 20
drwxrwx--x  5 root   root   4096 1970-01-01 00:00 .
drwxrwx--x 50 system system 4096 2026-05-03 06:06 ..
drwxrwx--x  2 root   root   4096 1970-01-01 00:00 hardware
drwxrwx--x  3 root   root   4096 1970-01-01 00:00 tombstones
drwxrwx---  4 wifi   wifi   4096 1970-01-01 00:00 wifi
console:/ # console:/ # ls -al /data/vendor                                                      sys[  144.681507][  T302] servicemanager: Caller(pid=3407,uid=1001002,sid=u:r:bluetooth:s0) Found android.hardware.bluetooth.IBluetoothHci/default in device VINTF manifest.

system/      system_ce/   system_de/
console:/ # ls -al /data/system                                                
total 852
drwxrwxr-x 28 system system         4096 2026-05-03 06:07 .
drwxrwx--x 50 system system         4096 2026-05-03 06:06 ..
drwx------  2 system system         4096 1970-01-01 00:01 alarms
drwxrwx--x  2 system system         4096 2026-05-03 06:06 appops
-rw-------  1 system system        21479 2026-05-03 06:06 appops_accesses.xml
drwx------  2 system system         4096 2026-05-03 06:06 battery-history
-rw-------  1 system system         3548 2026-05-03 06:06 batterystats.bin
-rw-------  1 system system           50 2026-05-03 06:06 cachequota.xml
drwx------  5 system system         4096 2026-05-03 06:06 car
drwx------  2 system system         4096 2026-05-03 06:06 device_lock
-rw-------  1 system system          327 2026-05-03 06:06 device_owner_2.xml
-rw-------  1 system system           81 2026-05-03 06:06 device_policies.xml
-rw-------  1 system system            1 2026-05-03 06:06 device_policies_version
drwx------  2 system system         4096 2026-05-03 06:06 device_policy_backups
-rw-------  1 system system          882 2026-05-03 06:06 device_policy_state.xml
-rw-------  1 system system          271 1970-01-01 00:01 display-manager-state.xml
drwx------  2 system system        12288 2026-05-03 06:07 dropbox
-rw-------  1 system system          512 1970-01-01 00:01 entropy.dat
drwx------  2 system system         4096 1970-01-01 00:00 environ
-rw-------  1 system system            0 2026-05-03 06:06 game_mode_intervention.list
drwx------  2 system system         4096 2026-05-03 06:06 graphicsstats
drwx------  2 system system         4096 1970-01-01 00:00 heapdump
drwx------  2 system system         4096 1970-01-01 00:01 ifw
drwx------  2 system system         4096 1970-01-01 00:01 install_sessions
-rw-------  1 system system          115 2026-05-03 06:06 install_sessions.xml
drwx------  2 system system         4096 2026-05-03 06:06 job
-rw-------  1 system system            0 2026-05-03 06:06 last-fstrim
-rw-------  1 system system          361 2026-05-03 06:07 last-header.txt
-rw-rw----  1 system system        20480 2026-05-03 06:06 locksettings.db
-rw-rw----  1 system system            0 2026-05-03 06:06 locksettings.db-journal
-rw-------  1 system system          866 2026-05-03 06:07 log-files.xml
-rw-------  1 system system           50 2026-05-03 06:06 monotonic_clock.xml
srwxrwxrwx  1 system system            0 2026-05-03 06:06 ndebugsocket
-rw-------  1 system system          166 2026-05-03 06:06 netpolicy.xml
drwx------  2 system system         4096 2026-05-03 06:06 netstats
-rw-------  1 system system        21507 2026-05-03 06:06 notification_policy.xml
drwx------  2 system system         4096 2026-05-03 06:06 offloaded-bitmaps
-rw-------  1 system system         8114 2026-05-03 06:06 overlays.xml
-rw-------  1 system system         7381 2026-05-03 06:07 package-dex-usage.pb
-rw-------  1 system system          230 2026-05-03 06:06 package-watchdog.xml
-rw-r-----  1 system package_info  27404 2026-05-03 06:06 packages.list
-rw-rw----  1 system system       228337 2026-05-03 06:06 packages.xml
-rw-rw----  1 system system       228337 2026-05-03 06:06 packages.xml.reservecopy
drwx------  2 system system         4096 2026-05-03 06:06 power-stats
drwx------  2 system system         4096 1970-01-01 00:01 procexitstore
drwx------  2 system system         4096 1970-01-01 00:01 procstartstore
drwx------  2 system system         4096 1970-01-01 00:01 procstats
drwx------  2 system system         4096 2026-05-03 06:06 profiling_service_data
-rw-rw----  1 system system        45056 2026-05-03 06:06 recoverablekeystore.db
-rw-------  1 system system            4 1970-01-01 00:01 screen_on_time
-rw-------  1 system system           44 1970-01-01 00:01 sensor_privacy.xml
-rw-------  1 system system           72 1970-01-01 00:01 sensor_privacy_impl.xml
drwx------  2 system system         4096 1970-01-01 00:01 sensor_service
drwxrwx--x  2 system system         4096 2026-05-03 06:06 shared_prefs
-rwxrwx--x  1 system system           66 2026-05-03 06:06 shortcut_service.xml
-rwxrwx--x  1 system system           66 2026-05-03 06:06 shortcut_service.xml.reservecopy
drwxr-xr-x  2 system system         4096 1970-01-01 00:00 shutdown-checkpoints
drwx------  2 system system         4096 2026-05-03 06:06 stats_pull
-rw-------  1 system system          188 2026-05-03 06:06 supervision_settings.xml
drwx------  2 system system         4096 2026-05-03 06:06 sync
-rwxrwxr--  1 system system         3398 2026-05-03 06:06 uiderrors.txt
srw-rw-rw-  1 system system            0 1970-01-01 00:01 unsolzygotesocket
drwxrwxr-x  4 system system         4096 2026-05-03 06:06 users
-rw-rw----  1 system system        16384 2026-05-03 06:06 watchlist_report.db
-rw-rw----  1 system system            0 2026-05-03 06:06 watchlist_report.db-journal
-rw-------  1 system system          157 2026-05-03 06:06 watchlist_settings.xml
console:/ # console:/ # ls -al /data/system                                                      [  147.886786][  T322] type=1400 audit(1777788476.827:144): avc:  denied  { read } for  comm="crash_dump64" name="BluetoothRpiOverlay.apk" dev="mmcblk0p6" ino=517 scontext=u:r:crash_dump:s0 tcontext=u:object_r:vendor_overlay_file:s0 tclass=file permissive=1
[  147.891415][ T3446] audit: audit_lost=20 audit_rate_limit=5 audit_backlog_limit=64
[  147.909536][  T322] type=1400 audit(1777788476.827:145): avc:  denied  { open } for  comm="crash_dump64" path="/vendor/overlay/BluetoothRpiOverlay.apk" dev="mmcblk0p6" ino=517 scontext=u:r:crash_dump:s0 tcontext=u:object_r:vendor_overlay_file:s0 tclass=file permissive=1
[  147.917022][ T3446] audit: rate limit exceeded
[  147.941064][  T322] logd: HexToBytes: Invalid size: 41
[  147.950657][  T322] type=1400 audit(1777788476.827:146): avc:  denied  { getattr } for  comm="crash_dump64" path="/vendor/overlay/BluetoothRpiOverlay.apk" dev="mmcblk0p6" ino=517 scontext=u:r:crash_dump:s0 tcontext=u:object_r:vendor_overlay_file:s0 tclass=file permissive=1
[  147.953999][  T311] logd: logdr: UID=1001002 GID=1001002 PID=3446 n tail=500 logMask=8 pid=3407 start=0ns deadline=0ns
[  147.985714][  T322] logd: HexToBytes: Invalid size: 41
[  147.989540][  T311] logd: logdr: UID=1001002 GID=1001002 PID=3446 n tail=500 logMask=1 pid=3407 start=0ns deadline=0ns

[  147.990903][  T322] type=1400 audit(1777788476.827:147): avc:  denied  { map } for  comm="crash_dump64" path="/vendor/overlay/BluetoothRpiOverlay.apk" dev="mmcblk0p6" ino=517 scontext=u:r:crash_dump:s0 tcontext=u:object_r:vendor_overlay_file:s0 tclass=file permissive=1
[  148.025864][  T322] logd: HexToBytes: Invalid size: 41
[  148.031115][  T322] type=1400 audit(1777788476.835:148): avc:  denied  { read } for  comm="crash_dump64" name="system@product@overlay@CarFrameworkResVisualRRO.apk@idmap" dev="mmcblk0p3" ino=36 scontext=u:r:crash_dump:s0 tcontext=u:object_r:resourcecache_data_file:s0 tclass=file permissive=1
[  148.033026][    T1] init: Untracked process (pid: 3446 name: (crash_dump64) ppid: 1 pgrp: 3444 state: Z) exited with status 0
total 224
drwxrwx--x  50 system  [  148.068466][    T1] init: Untracked process (pid: 3446 name: (crash_dump64) ppid: 1 pgrp: 3444 state: Z) did not have an associated service entry and will not be reaped
 system    4096 2026-05-03 06:06 [  148.086736][    T1] init: Untracked process (pid: 3448 name: (droid.bluetooth) ppid: 1 pgrp: 3448 state: Z) exited with status 0
.
drwxr-xr-x  26 root     root [  148.087065][  T346] binder: release 3407:3439 transaction 138105 out, still active
     4096 2026-05-03 06:06 ..
d[  148.100916][    T1] init: Untracked process (pid: 3448 name: (droid.bluetooth) ppid: 1 pgrp: 3448 state: Z) did not have an associated service entry and will not be reaped
rwx------   2 root     root     [  148.101022][    T1] init: Untracked process (pid: 3455 name: (pbtombstone) ppid: 1 pgrp: 604 state: Z) exited with status 1
 4096 1970-01-01 00:00 adb
drwx[  148.111334][  T346] binder: undelivered TRANSACTION_COMPLETE
rwxr-x   2 system   system    40[  148.129471][    T1] init: Untracked process (pid: 3455 name: (pbtombstone) ppid: 1 pgrp: 604 state: Z) did not have an associated service entry and will not be reaped
96 1970-01-01 00:00 anr
drwxr-xr-x   7 root     system    4096 1970-01-01 00:00 apex
drwxrwx--x   2 system   system    4096 1970-01-01 00:00 app
drwx------   2 root     root      4096 1970-01-01 00:00 app-asec
drwxrwx--x   2 system   system    4096 1970-01-01 00:00 app-ephemeral
drwxrwx--x   2 system   system    4096 1970-01-01 00:00 app-lib
drwx------   2 system   system    4096 1970-01-01 00:00 app-metadata
drwxrwx--x   2 system   system    4096 1970-01-01 00:00 app-private
drwxr-x--x   2 system   system    4096 1970-01-01 00:00 app-staging
drwx------   2 system   system    4096 1970-01-01 00:00 backup
drwxr-xr-x   2 shell    shell     4096 1970-01-01 00:00 bootchart
drwxrwx---   5 system   cache     4096 1970-01-01 00:00 cache
drwxrwx--x   3 root     root      4096 1970-01-01 00:00 dalvik-cache
drwxrwx--x 166 system   system   12288 1970-01-01 00:01 data
drwxrwx---   2 drm      drm       4096 1970-01-01 00:00 drm
drwxrwx--x   4 root     root      4096 1970-01-01 00:00 fonts
drwx------   5 root     root      4096 1970-01-01 00:00 gsi
-rw-------   1 system   system       1 1970-01-01 00:00 gsi_persistent_data
drwxrwx--x   2 system   system    4096 1970-01-01 00:00 incremental
drwxr-x--x   5 root     root      4096 1970-01-01 00:00 local
drwxrwx---   2 root     root     16384 2026-05-03 06:06 lost+found
dr-xr-x---   5 media_rw media_rw  4096 2026-05-03 06:06 media
drwxrwx---   2 mediadrm mediadrm  4096 1970-01-01 00:00 mediadrm
drwxrwx--t  67 system   misc      4096 2026-05-03 06:06 misc
dr-xr-x--x   4 system   misc      4096 2026-05-03 06:06 misc_ce
dr-xr-x--x   4 system   misc      4096 2026-05-03 06:06 misc_de
drwxrwx---   3 nfc      nfc       4096 1970-01-01 00:00 nfc
drwxrwx--x   2 root     root      4096 1970-01-01 00:00 ota
drwxrwx---   2 system   cache     4096 1970-01-01 00:00 ota_package
drwx------   2 system   system    4096 2026-05-03 06:06 per_boot
drwxrwxr-x   2 system   system    4096 1970-01-01 00:00 preloads
drwx------   2 root     root      4096 2026-05-03 06:06 property
drwxrwx--x   2 system   system    4096 2026-05-03 06:06 resource-cache
drwx------   2 system   system    4096 1970-01-01 00:00 rollback
drwx------   2 system   system    4096 1970-01-01 00:00 rollback-history
drwx------   2 system   system    4096 1970-01-01 00:01 rollback-observer
drwxrwxr-x   2 system   system    4096 1970-01-01 00:00 server_configurable_flags
drwx------   2 system   system    4096 1970-01-01 00:00 ss
dr-xr-x--x   2 root     root      4096 1970-01-01 00:00 storage_area
drwxrwxr-x  28 system   system    4096 2026-05-03 06:07 system
dr-xr-x---   4 system   system    4096 2026-05-03 06:06 system_ce
dr-xr-x---   4 system   system    4096 2026-05-03 06:06 system_de
drwxrwxr-x   2 system   system    4096 2026-05-03 06:07 tombstones
dr-x--x--x   4 system   system    4096 2026-05-03 06:06 user
dr-x--x--x   4 system   system    4096 2026-05-03 06:06 user_de
drwxrwx--x   5 root     root      4096 1970-01-01 00:00 vendor
dr-xr-x--x   4 root     root      4096 2026-05-03 06:06 vendor_ce
dr-xr-x--x   4 root     root      4096 2026-05-03 06:06 vendor_de
console:/ # /binconsole:/ # /bin/                                                              r
readelf             recovery-persist    resize.f2fs         rmmod
readlink            recovery-refresh    resize2fs           rss_hwm_reset
realpath            remount             restorecon          rtcwake
reboot              renice              rm                  run-as
record_binder       requestsync         rmdir               runcon
console:/ # /bin/r                                                                  ve
vendor/         vendor_dlkm/
console:/ # /vendor                                                            /biconsole:/ # /vendor/bin/                                                       rpiconsole:/ # /vendor/bin/rpi5_boot_diag.sh                                       
============================================================
 rpi5 boot diagnostics  Sun May  3 06:08:12 GMT 2026
============================================================

--- basic info ---
eng
16
36
Linux localhost 6.12.77-v8-g55b572d3ed0e #5 SMP PREEMPT Sat May  2 17:17:01 UTC 2026 aarch64 Toybox
stack_depot_disable=on cgroup_disable=pressure  root=/dev/ram0 rootwait androidboot.hardware=rpi5 androidboot.selinux=permissive ignore_loglevel loglevel=7 initcall_debug androidboot.verifiedbootstate=orange androidboot.vbmeta.device_state=unlocked  androidboot.serialno=6113ca6606956aab androidboot.btmacaddr=11:22:06:95:6a:ab
1

--- verified boot ---
orange
unlocked





--- global crypto state ---
unsupported


--- FBE properties ---





--- vold crypto status (filtered) ---

--- fstab ---
# Android fstab file.
# The filesystem that contains the filesystem checker binary (typically /system) cannot
# specify MF_CHECK, and must come before any filesystems that do specify MF_CHECK

#<src>                                     <mnt_point>  <type>  <mnt_flags and options>            <fs_mgr_flags>
/dev/block/mmcblk0p5                       /system      ext4    ro,barrier=1                       wait,first_stage_mount
/dev/block/mmcblk0p6                       /vendor      ext4    ro,barrier=1                       wait,first_stage_mount
/dev/block/mmcblk0p7                       /metadata    ext4    nodev,noatime,nosuid               wait,check,formattable,first_stage_mount
/dev/block/mmcblk0p3                       /data        ext4    nodev,noatime,nosuid,errors=panic  wait,check,formattable,quota
/devices/platform/axi/*.pcie/*.usb/*/usb*  auto         auto    defaults                           voldmanaged=usb:auto
/devices/platform/axi/*.usb/usb*           auto         auto    defaults                           voldmanaged=usb:auto

--- mounts ---
tmpfs on /dev type tmpfs (rw,seclabel,nosuid,relatime,mode=755)
devpts on /dev/pts type devpts (rw,seclabel,relatime,mode=600,ptmxmode=000)
proc on /proc type proc (rw,relatime,gid=3009,hidepid=invisible)
sysfs on /sys type sysfs (rw,seclabel,relatime)
selinuxfs on /sys/fs/selinux type selinuxfs (rw,relatime)
tmpfs on /mnt type tmpfs (rw,seclabel,nosuid,nodev,noexec,relatime,mode=755,gid=1000)
/dev/block/mmcblk0p7 on /metadata type ext4 (rw,seclabel,nosuid,nodev,noatime)
/dev/block/mmcblk0p5 on / type ext4 (ro,seclabel,nodev,relatime)
/dev/block/mmcblk0p6 on /vendor type ext4 (ro,seclabel,relatime)
tmpfs on /apex type tmpfs (rw,seclabel,nosuid,nodev,noexec,relatime,mode=755)
tmpfs on /bootstrap-apex type tmpfs (rw,seclabel,nosuid,nodev,noexec,relatime,mode=755)
tmpfs on /linkerconfig type tmpfs (rw,seclabel,nosuid,nodev,noexec,relatime,mode=755)
tmpfs on /mnt/installer type tmpfs (rw,seclabel,nosuid,nodev,noexec,relatime,mode=755,gid=1000)
tmpfs on /mnt/androidwritable type tmpfs (rw,seclabel,nosuid,nodev,noexec,relatime,mode=755,gid=1000)
tmpfs on /apex type tmpfs (rw,seclabel,nosuid,nodev,noexec,relatime,mode=755)
none on /dev/blkio type cgroup (rw,nosuid,nodev,noexec,relatime,blkio)
none on /sys/fs/cgroup type cgroup2 (rw,nosuid,nodev,noexec,relatime,memory_recursiveprot)
none on /dev/cpuctl type cgroup (rw,nosuid,nodev,noexec,relatime,cpu)
none on /dev/cpuset type cgroup (rw,nosuid,nodev,noexec,relatime,cpuset,noprefix,cpuset_v2_mode)
tmpfs on /linkerconfig type tmpfs (rw,seclabel,nosuid,nodev,noexec,relatime,mode=755)
tracefs on /sys/kernel/tracing type tracefs (rw,seclabel,relatime)
/dev/block/loop2 on /apex/com.android.virt@3 type ext4 (ro,dirsync,seclabel,nodev,noatime,file=/system/apex/com.android.virt.apex)
/dev/block/loop2 on /bootstrap-apex/com.android.virt@3 type ext4 (ro,dirsync,seclabel,nodev,noatime,file=/system/apex/com.android.virt.apex)
/dev/block/loop2 on /apex/com.android.virt type ext4 (ro,dirsync,seclabel,nodev,noatime,file=/system/apex/com.android.virt.apex)
/dev/block/loop2 on /bootstrap-apex/com.android.virt type ext4 (ro,dirsync,seclabel,nodev,noatime,file=/system/apex/com.android.virt.apex)
/dev/block/loop8 on /apex/com.android.runtime@1 type ext4 (ro,dirsync,seclabel,nodev,noatime,file=/system/apex/com.android.runtime.apex)
/dev/block/loop8 on /bootstrap-apex/com.android.runtime@1 type ext4 (ro,dirsync,seclabel,nodev,noatime,file=/system/apex/com.android.runtime.apex)
/dev/block/loop5 on /apex/com.android.hardware.graphics.composer@1 type ext4 (ro,dirsync,seclabel,nodev,noatime,file=/vendor/apex/com.android.hardware.graphics.composer.drm_hwcomposer.apex)
/dev/block/loop5 on /bootstrap-apex/com.android.hardware.graphics.composer@1 type ext4 (ro,dirsync,seclabel,nodev,noatime,file=/vendor/apex/com.android.hardware.graphics.composer.drm_hwcomposer.apex)
/dev/block/loop8 on /apex/com.android.runtime type ext4 (ro,dirsync,seclabel,nodev,noatime,file=/system/apex/com.android.runtime.apex)
/dev/block/loop8 on /bootstrap-apex/com.android.runtime type ext4 (ro,dirsync,seclabel,nodev,noatime,file=/system/apex/com.android.runtime.apex)
/dev/block/loop5 on /apex/com.android.hardware.graphics.composer type ext4 (ro,dirsync,seclabel,nodev,noatime,file=/vendor/apex/com.android.hardware.graphics.composer.drm_hwcomposer.apex)
/dev/block/loop5 on /bootstrap-apex/com.android.hardware.graphics.composer type ext4 (ro,dirsync,seclabel,nodev,noatime,file=/vendor/apex/com.android.hardware.graphics.composer.drm_hwcomposer.apex)
/dev/block/loop6 on /apex/com.android.tzdata@361099999 type ext4 (ro,dirsync,seclabel,nodev,noatime,file=/system/apex/com.android.tzdata.apex)
/dev/block/loop6 on /bootstrap-apex/com.android.tzdata@361099999 type ext4 (ro,dirsync,seclabel,nodev,noatime,file=/system/apex/com.android.tzdata.apex)
/dev/block/loop6 on /apex/com.android.tzdata type ext4 (ro,dirsync,seclabel,nodev,noatime,file=/system/apex/com.android.tzdata.apex)
/dev/block/loop6 on /bootstrap-apex/com.android.tzdata type ext4 (ro,dirsync,seclabel,nodev,noatime,file=/system/apex/com.android.tzdata.apex)
/dev/block/loop9 on /apex/com.android.i18n@1 type ext4 (ro,dirsync,seclabel,nodev,noatime,file=/system/apex/com.android.i18n.apex)
/dev/block/loop9 on /bootstrap-apex/com.android.i18n@1 type ext4 (ro,dirsync,seclabel,nodev,noatime,file=/system/apex/com.android.i18n.apex)
/dev/block/loop4 on /apex/com.android.hardware.keymint@1 type ext4 (ro,dirsync,seclabel,nodev,noatime,file=/vendor/apex/com.android.hardware.keymint.rust_nonsecure.apex)
/dev/block/loop4 on /bootstrap-apex/com.android.hardware.keymint@1 type ext4 (ro,dirsync,seclabel,nodev,noatime,file=/vendor/apex/com.android.hardware.keymint.rust_nonsecure.apex)
/dev/block/loop3 on /apex/com.android.hardware.gatekeeper@1 type ext4 (ro,dirsync,seclabel,nodev,noatime,file=/vendor/apex/com.android.hardware.gatekeeper.nonsecure.apex)
/dev/block/loop3 on /bootstrap-apex/com.android.hardware.gatekeeper@1 type ext4 (ro,dirsync,seclabel,nodev,noatime,file=/vendor/apex/com.android.hardware.gatekeeper.nonsecure.apex)
/dev/block/loop9 on /apex/com.android.i18n type ext4 (ro,dirsync,seclabel,nodev,noatime,file=/system/apex/com.android.i18n.apex)
/dev/block/loop9 on /bootstrap-apex/com.android.i18n type ext4 (ro,dirsync,seclabel,nodev,noatime,file=/system/apex/com.android.i18n.apex)
/dev/block/loop4 on /apex/com.android.hardware.keymint type ext4 (ro,dirsync,seclabel,nodev,noatime,file=/vendor/apex/com.android.hardware.keymint.rust_nonsecure.apex)
/dev/block/loop4 on /bootstrap-apex/com.android.hardware.keymint type ext4 (ro,dirsync,seclabel,nodev,noatime,file=/vendor/apex/com.android.hardware.keymint.rust_nonsecure.apex)
/dev/block/loop1 on /apex/com.android.hardware.egl.mesa@1 type ext4 (ro,dirsync,seclabel,nodev,noatime,file=/vendor/apex/com.android.hardware.egl.mesa.apex)
/dev/block/loop1 on /bootstrap-apex/com.android.hardware.egl.mesa@1 type ext4 (ro,dirsync,seclabel,nodev,noatime,file=/vendor/apex/com.android.hardware.egl.mesa.apex)
/dev/block/loop3 on /apex/com.android.hardware.gatekeeper type ext4 (ro,dirsync,seclabel,nodev,noatime,file=/vendor/apex/com.android.hardware.gatekeeper.nonsecure.apex)
/dev/block/loop3 on /bootstrap-apex/com.android.hardware.gatekeeper type ext4 (ro,dirsync,seclabel,nodev,noatime,file=/vendor/apex/com.android.hardware.gatekeeper.nonsecure.apex)
/dev/block/loop1 on /apex/com.android.hardware.egl.mesa type ext4 (ro,dirsync,seclabel,nodev,noatime,file=/vendor/apex/com.android.hardware.egl.mesa.apex)
/dev/block/loop1 on /bootstrap-apex/com.android.hardware.egl.mesa type ext4 (ro,dirsync,seclabel,nodev,noatime,file=/vendor/apex/com.android.hardware.egl.mesa.apex)
/dev/block/loop0 on /apex/com.android.hardware.vulkan.broadcom@1 type ext4 (ro,dirsync,seclabel,nodev,noatime,file=/vendor/apex/com.android.hardware.vulkan.broadcom.apex)
/dev/block/loop0 on /bootstrap-apex/com.android.hardware.vulkan.broadcom@1 type ext4 (ro,dirsync,seclabel,nodev,noatime,file=/vendor/apex/com.android.hardware.vulkan.broadcom.apex)
/dev/block/loop0 on /apex/com.android.hardware.vulkan.broadcom type ext4 (ro,dirsync,seclabel,nodev,noatime,file=/vendor/apex/com.android.hardware.vulkan.broadcom.apex)
/dev/block/loop0 on /bootstrap-apex/com.android.hardware.vulkan.broadcom type ext4 (ro,dirsync,seclabel,nodev,noatime,file=/vendor/apex/com.android.hardware.vulkan.broadcom.apex)
/dev/block/loop7 on /apex/com.android.hardware.graphics.allocator.minigbm_gbm_mesa@1 type ext4 (ro,dirsync,seclabel,nodev,noatime,file=/vendor/apex/com.android.hardware.graphics.allocator.minigbm_gbm_mesa.apex)
/dev/block/loop7 on /bootstrap-apex/com.android.hardware.graphics.allocator.minigbm_gbm_mesa@1 type ext4 (ro,dirsync,seclabel,nodev,noatime,file=/vendor/apex/com.android.hardware.graphics.allocator.minigbm_gbm_mesa.apex)
/dev/block/loop7 on /apex/com.android.hardware.graphics.allocator.minigbm_gbm_mesa type ext4 (ro,dirsync,seclabel,nodev,noatime,file=/vendor/apex/com.android.hardware.graphics.allocator.minigbm_gbm_mesa.apex)
/dev/block/loop7 on /bootstrap-apex/com.android.hardware.graphics.allocator.minigbm_gbm_mesa type ext4 (ro,dirsync,seclabel,nodev,noatime,file=/vendor/apex/com.android.hardware.graphics.allocator.minigbm_gbm_mesa.apex)
tmpfs on /tmp type tmpfs (rw,seclabel,relatime)
none on /config type configfs (rw,nosuid,nodev,noexec,relatime)
binder on /dev/binderfs type binder (rw,relatime,max=1048576,stats=global)
none on /sys/fs/fuse/connections type fusectl (rw,relatime)
bpf on /sys/fs/bpf type bpf (rw,nosuid,nodev,noexec,relatime)
pstore on /sys/fs/pstore type pstore (rw,seclabel,nosuid,nodev,noexec,relatime)
tmpfs on /mnt/vm type tmpfs (rw,seclabel,nosuid,nodev,noexec,relatime)
/dev/block/mmcblk0p3 on /data type ext4 (rw,seclabel,nosuid,nodev,noatime,errors=panic)
tmpfs on /storage type tmpfs (rw,seclabel,nosuid,nodev,noexec,relatime,mode=755,gid=1000)
tmpfs on /data_mirror type tmpfs (rw,seclabel,nosuid,nodev,noexec,relatime,mode=700,gid=1000)
/dev/block/mmcblk0p3 on /data_mirror/data_ce/null type ext4 (rw,seclabel,nosuid,nodev,noatime,errors=panic)
/dev/block/mmcblk0p3 on /data_mirror/data_de/null type ext4 (rw,seclabel,nosuid,nodev,noatime,errors=panic)
/dev/block/mmcblk0p3 on /data_mirror/misc_ce/null type ext4 (rw,seclabel,nosuid,nodev,noatime,errors=panic)
/dev/block/mmcblk0p3 on /data_mirror/misc_de/null type ext4 (rw,seclabel,nosuid,nodev,noatime,errors=panic)
/dev/block/mmcblk0p3 on /data_mirror/storage_area type ext4 (rw,seclabel,nosuid,nodev,noatime,errors=panic)
/dev/block/mmcblk0p3 on /data_mirror/cur_profiles type ext4 (rw,seclabel,nosuid,nodev,noatime,errors=panic)
/dev/block/mmcblk0p3 on /data_mirror/ref_profiles type ext4 (rw,seclabel,nosuid,nodev,noatime,errors=panic)
/dev/block/mmcblk0p3 on /data/user/0 type ext4 (rw,seclabel,nosuid,nodev,noatime,errors=panic)
/dev/block/mmcblk0p3 on /data_mirror/data_ce/null/0 type ext4 (rw,seclabel,nosuid,nodev,noatime,errors=panic)
adb on /dev/usb-ffs/adb type functionfs (rw,seclabel,relatime)
mtp on /dev/usb-ffs/mtp type functionfs (rw,seclabel,relatime)
ptp on /dev/usb-ffs/ptp type functionfs (rw,seclabel,relatime)
/dev/fuse on /mnt/user/0/emulated type fuse (rw,lazytime,nosuid,nodev,noexec,noatime,user_id=0,group_id=0,allow_other)
/dev/fuse on /mnt/androidwritable/0/emulated type fuse (rw,lazytime,nosuid,nodev,noexec,noatime,user_id=0,group_id=0,allow_other)
/dev/fuse on /mnt/installer/0/emulated type fuse (rw,lazytime,nosuid,nodev,noexec,noatime,user_id=0,group_id=0,allow_other)
/dev/fuse on /storage/emulated type fuse (rw,lazytime,nosuid,nodev,noexec,noatime,user_id=0,group_id=0,allow_other)
/dev/block/mmcblk0p3 on /mnt/pass_through/0/emulated type ext4 (rw,seclabel,nosuid,nodev,noatime,errors=panic)
/dev/fuse on /mnt/user/10/emulated type fuse (rw,lazytime,nosuid,nodev,noexec,noatime,user_id=0,group_id=0,allow_other)
/dev/fuse on /mnt/androidwritable/10/emulated type fuse (rw,lazytime,nosuid,nodev,noexec,noatime,user_id=0,group_id=0,allow_other)
/dev/fuse on /mnt/installer/10/emulated type fuse (rw,lazytime,nosuid,nodev,noexec,noatime,user_id=0,group_id=0,allow_other)
/dev/block/mmcblk0p3 on /mnt/pass_through/10/emulated type ext4 (rw,seclabel,nosuid,nodev,noatime,errors=panic)

--- /data mount ---
/dev/block/mmcblk0p3 on /data type ext4 (rw,seclabel,nosuid,nodev,noatime,errors=panic)
Filesystem           Size Used Avail Use% Mounted on
/dev/block/mmcblk0p3  10G  37M   10G   1% /mnt/pass_through/10/emulated

--- dm-crypt/dm-verity ---
ls: /dev/block/dm-*: No such file or directory
total 0
drwxr-xr-x 2 root root 40 2026-05-03 06:06 by-uuid

--- selinux ---
Permissive

============================================================
 diagnostics complete
============================================================
console:/ # console:/ # /vendor/bin/rpi5_boot_diag.sh                                      s/vendor/bin/rpi5_boot_diag.sh h/vendor/bin/rpi5_boot_diag.sh  /vendor/bin/rpi5_boot_diag.sh -/vendor/bin/rpi5_boot_diag.sh x/vendor/bin/rpi5_boot_diag.sh  /vendor/bin/rpi5_boot_diag.sh 
+ LOG=/data/local/tmp/rpi5_boot_diag.log 
+ 2>&1 
+ mkdir -p /data/local/tmp
+ 2>&1 
+ touch /data/local/tmp/.diag_test
+ 2>&1 
+ rm -f /data/local/tmp/.diag_test
+ 2>&1 
+ run_diag
+ echo '============================================================'
+ tee /data/local/tmp/rpi5_boot_diag.log
+ date
============================================================
+ echo ' rpi5 boot diagnostics  Sun May  3 06:08:26 GMT 2026'
 rpi5 boot diagnostics  Sun May  3 06:08:26 GMT 2026
+ echo '============================================================'
============================================================
+ echo ''

+ echo '--- basic info ---'
--- basic info ---
+ getprop ro.build.type
eng
+ getprop ro.build.version.release
16
+ getprop ro.build.version.sdk
36
+ uname -a
Linux localhost 6.12.77-v8-g55b572d3ed0e #5 SMP PREEMPT Sat May  2 17:17:01 UTC 2026 aarch64 Toybox
+ cat /proc/cmdline
stack_depot_disable=on cgroup_disable=pressure  root=/dev/ram0 rootwait androidboot.hardware=rpi5 androidboot.selinux=permissive ignore_loglevel loglevel=7 initcall_debug androidboot.verifiedbootstate=orange androidboot.vbmeta.device_state=unlocked  androidboot.serialno=6113ca6606956aab androidboot.btmacaddr=11:22:06:95:6a:ab
+ getprop sys.boot_completed
1
+ echo ''
+ echo '--- verified boot ---'

--- verified boot ---
+ getprop ro.boot.verifiedbootstate
orange
+ getprop ro.boot.vbmeta.device_state
unlocked
+ getprop ro.boot.flash.locked

+ getprop ro.boot.avb_version

+ getprop ro.boot.vbmeta.digest

+ getprop ro.boot.vbmeta.hash_alg

+ echo ''

+ echo '--- global crypto state ---'
--- global crypto state ---
+ getprop ro.crypto.state
unsupported
+ getprop ro.crypto.type

+ echo ''

+ echo '--- FBE properties ---'
+ getprop ro.crypto.volume.filenames_mode
--- FBE properties ---

+ getprop ro.crypto.volume.contents_mode

+ getprop ro.crypto.metadata.enabled

+ getprop ro.crypto.fs_crypto_blkdev

+ echo ''
+ echo '--- vold crypto status (filtered) ---'

--- vold crypto status (filtered) ---
+ 2>&1 
+ dumpsys vold
+ grep -iE 'encrypt|file|fscrypt'
+ true
+ echo ''
+ echo '--- fstab ---'

--- fstab ---
+ 2>&1 
+ cat /vendor/etc/fstab.rpi5
# Android fstab file.
# The filesystem that contains the filesystem checker binary (typically /system) cannot
# specify MF_CHECK, and must come before any filesystems that do specify MF_CHECK

#<src>                                     <mnt_point>  <type>  <mnt_flags and options>            <fs_mgr_flags>
/dev/block/mmcblk0p5                       /system      ext4    ro,barrier=1                       wait,first_stage_mount
/dev/block/mmcblk0p6                       /vendor      ext4    ro,barrier=1                       wait,first_stage_mount
/dev/block/mmcblk0p7                       /metadata    ext4    nodev,noatime,nosuid               wait,check,formattable,first_stage_mount
/dev/block/mmcblk0p3                       /data        ext4    nodev,noatime,nosuid,errors=panic  wait,check,formattable,quota
/devices/platform/axi/*.pcie/*.usb/*/usb*  auto         auto    defaults                           voldmanaged=usb:auto
/devices/platform/axi/*.usb/usb*           auto         auto    defaults                           voldmanaged=usb:auto
+ echo ''
+ echo '--- mounts ---'

--- mounts ---
+ 2>&1 
+ mount
tmpfs on /dev type tmpfs (rw,seclabel,nosuid,relatime,mode=755)
devpts on /dev/pts type devpts (rw,seclabel,relatime,mode=600,ptmxmode=000)
proc on /proc type proc (rw,relatime,gid=3009,hidepid=invisible)
sysfs on /sys type sysfs (rw,seclabel,relatime)
selinuxfs on /sys/fs/selinux type selinuxfs (rw,relatime)
tmpfs on /mnt type tmpfs (rw,seclabel,nosuid,nodev,noexec,relatime,mode=755,gid=1000)
/dev/block/mmcblk0p7 on /metadata type ext4 (rw,seclabel,nosuid,nodev,noatime)
/dev/block/mmcblk0p5 on / type ext4 (ro,seclabel,nodev,relatime)
/dev/block/mmcblk0p6 on /vendor type ext4 (ro,seclabel,relatime)
tmpfs on /apex type tmpfs (rw,seclabel,nosuid,nodev,noexec,relatime,mode=755)
tmpfs on /bootstrap-apex type tmpfs (rw,seclabel,nosuid,nodev,noexec,relatime,mode=755)
tmpfs on /linkerconfig type tmpfs (rw,seclabel,nosuid,nodev,noexec,relatime,mode=755)
tmpfs on /mnt/installer type tmpfs (rw,seclabel,nosuid,nodev,noexec,relatime,mode=755,gid=1000)
tmpfs on /mnt/androidwritable type tmpfs (rw,seclabel,nosuid,nodev,noexec,relatime,mode=755,gid=1000)
tmpfs on /apex type tmpfs (rw,seclabel,nosuid,nodev,noexec,relatime,mode=755)
none on /dev/blkio type cgroup (rw,nosuid,nodev,noexec,relatime,blkio)
none on /sys/fs/cgroup type cgroup2 (rw,nosuid,nodev,noexec,relatime,memory_recursiveprot)
none on /dev/cpuctl type cgroup (rw,nosuid,nodev,noexec,relatime,cpu)
none on /dev/cpuset type cgroup (rw,nosuid,nodev,noexec,relatime,cpuset,noprefix,cpuset_v2_mode)
tmpfs on /linkerconfig type tmpfs (rw,seclabel,nosuid,nodev,noexec,relatime,mode=755)
tracefs on /sys/kernel/tracing type tracefs (rw,seclabel,relatime)
/dev/block/loop2 on /apex/com.android.virt@3 type ext4 (ro,dirsync,seclabel,nodev,noatime,file=/system/apex/com.android.virt.apex)
/dev/block/loop2 on /bootstrap-apex/com.android.virt@3 type ext4 (ro,dirsync,seclabel,nodev,noatime,file=/system/apex/com.android.virt.apex)
/dev/block/loop2 on /apex/com.android.virt type ext4 (ro,dirsync,seclabel,nodev,noatime,file=/system/apex/com.android.virt.apex)
/dev/block/loop2 on /bootstrap-apex/com.android.virt type ext4 (ro,dirsync,seclabel,nodev,noatime,file=/system/apex/com.android.virt.apex)
/dev/block/loop8 on /apex/com.android.runtime@1 type ext4 (ro,dirsync,seclabel,nodev,noatime,file=/system/apex/com.android.runtime.apex)
/dev/block/loop8 on /bootstrap-apex/com.android.runtime@1 type ext4 (ro,dirsync,seclabel,nodev,noatime,file=/system/apex/com.android.runtime.apex)
/dev/block/loop5 on /apex/com.android.hardware.graphics.composer@1 type ext4 (ro,dirsync,seclabel,nodev,noatime,file=/vendor/apex/com.android.hardware.graphics.composer.drm_hwcomposer.apex)
/dev/block/loop5 on /bootstrap-apex/com.android.hardware.graphics.composer@1 type ext4 (ro,dirsync,seclabel,nodev,noatime,file=/vendor/apex/com.android.hardware.graphics.composer.drm_hwcomposer.apex)
/dev/block/loop8 on /apex/com.android.runtime type ext4 (ro,dirsync,seclabel,nodev,noatime,file=/system/apex/com.android.runtime.apex)
/dev/block/loop8 on /bootstrap-apex/com.android.runtime type ext4 (ro,dirsync,seclabel,nodev,noatime,file=/system/apex/com.android.runtime.apex)
/dev/block/loop5 on /apex/com.android.hardware.graphics.composer type ext4 (ro,dirsync,seclabel,nodev,noatime,file=/vendor/apex/com.android.hardware.graphics.composer.drm_hwcomposer.apex)
/dev/block/loop5 on /bootstrap-apex/com.android.hardware.graphics.composer type ext4 (ro,dirsync,seclabel,nodev,noatime,file=/vendor/apex/com.android.hardware.graphics.composer.drm_hwcomposer.apex)
/dev/block/loop6 on /apex/com.android.tzdata@361099999 type ext4 (ro,dirsync,seclabel,nodev,noatime,file=/system/apex/com.android.tzdata.apex)
/dev/block/loop6 on /bootstrap-apex/com.android.tzdata@361099999 type ext4 (ro,dirsync,seclabel,nodev,noatime,file=/system/apex/com.android.tzdata.apex)
/dev/block/loop6 on /apex/com.android.tzdata type ext4 (ro,dirsync,seclabel,nodev,noatime,file=/system/apex/com.android.tzdata.apex)
/dev/block/loop6 on /bootstrap-apex/com.android.tzdata type ext4 (ro,dirsync,seclabel,nodev,noatime,file=/system/apex/com.android.tzdata.apex)
/dev/block/loop9 on /apex/co+ echo ''
+ echo '--- /data mount ---'
m.android.i18n@1 type ext4 (ro,dirsync,seclabel,nodev,noatime,file=/system/apex/com.android.i18n.apex)
/dev/block/loop9 on /bootstrap-apex/com.android.i18n@1 type ext4 (ro,dirsync,seclabel,nodev,noatime,file=/system/apex/com.android.i18n.apex)
/dev/block/loop4 on /apex/com.android.hardware.keymint@1 type ext4 (ro,dirsync,seclabel,nodev,noatime,file=/vendor/apex/com.android.hardware.keymint.rust_nonsecure.apex)
/dev/block/loop4 on /bootstrap-apex/com.android.hardware.keymint@1 type ext4 (ro,dirsync,seclabel,nodev,noatime,file=/vendor/apex/com.android.hardware.keymint.rust_nonsecure.apex)
/dev/block/loop3 on /apex/com.android.hardware.gatekeeper@1 type ext4 (ro,dirsync,seclabel,nodev,noatime,file=/vendor/apex/com.android.hardware.gatekeeper.nonsecure.apex)
/dev/block/loop3 on /bootstrap-apex/com.android.hardware.gatekeeper@1 type ext4 (ro,dirsync,seclabel,nodev,noatime,file=/vendor/apex/com.android.hardware.gatekeeper.nonsecure.apex)
/dev/block/loop9 on /apex/com.android.i18n type ext4 (ro,dirsync,seclabel,nodev,noatime,file=/system/apex/com.android.i18n.apex)
/dev/block/loop9 on /bootstrap-apex/com.android.i18n type ext4 (ro,dirsync,seclabel,nodev,noatime,file=/system/apex/com.android.i18n.apex)
/dev/block/loop4 on /apex/com.android.hardware.keymint type ext4 (ro,dirsync,seclabel,nodev,noatime,file=/vendor/apex/com.android.hardware.keymint.rust_nonsecure.apex)
/dev/block/loop4 on /bootstrap-apex/com.android.hardware.keymint type ext4 (ro,dirsync,seclabel,nodev,noatime,file=/vendor/apex/com.android.hardware.keymint.rust_nonsecure.apex)
/dev/block/loop1 on /apex/com.android.hardware.egl.mesa@1 type ext4 (ro,dirsync,seclabel,nodev,noatime,file=/vendor/apex/com.android.hardware.egl.mesa.apex)
/dev/block/loop1 on /bootstrap-apex/com.android.hardware.egl.mesa@1 type ext4 (ro,dirsync,seclabel,nodev,noatime,file=/vendor/apex/com.android.hardware.egl.mesa.apex)
/dev/block/loop3 on /apex/com.android.hardware.gatekeeper type ext4 (ro,dirsync,seclabel,nodev,noatime,file=/vendor/apex/com.android.hardware.gatekeeper.nonsecure.apex)
/dev/block/loop3 on /bootstrap-apex/com.android.hardware.gatekeeper type ext4 (ro,dirsync,seclabel,nodev,noatime,file=/vendor/apex/com.android.hardware.gatekeeper.nonsecure.apex)
/dev/block/loop1 on /apex/com.android.hardware.egl.mesa type ext4 (ro,dirsync,seclabel,nodev,noatime,file=/vendor/apex/com.android.hardware.egl.mesa.apex)
/dev/block/loop1 on /bootstrap-apex/com.android.hardware.egl.mesa type ext4 (ro,dirsync,seclabel,nodev,noatime,file=/vendor/apex/com.android.hardware.egl.mesa.apex)
/dev/block/loop0 on /apex/com.android.hardware.vulkan.broadcom@1 type ext4 (ro,dirsync,seclabel,nodev,noatime,file=/vendor/apex/com.android.hardware.vulkan.broadcom.apex)
/dev/block/loop0 on /bootstrap-apex/com.android.hardware.vulkan.broadcom@1 type ext4 (ro,dirsync,seclabel,nodev,noatime,file=/vendor/apex/com.android.hardware.vulkan.broadcom.apex)
/dev/block/loop0 on /apex/com.android.hardware.vulkan.broadcom type ext4 (ro,dirsync,seclabel,nodev,noatime,file=/vendor/apex/com.android.hardware.vulkan.broadcom.apex)
/dev/block/loop0 on /bootstrap-apex/com.android.hardware.vulkan.broadcom type ext4 (ro,dirsync,seclabel,nodev,noatime,file=/vendor/apex/com.android.hardware.vulkan.broadcom.apex)
/dev/block/loop7 on /apex/com.android.hardware.graphics.allocator.minigbm_gbm_mesa@1 type ext4 (ro,dirsync,seclabel,nodev,noatime,file=/vendor/apex/com.android.hardware.graphics.allocator.minigbm_gbm_mesa.apex)
/dev/block/loop7 on /bootstrap-apex/com.android.hardware.graphics.allocator.minigbm_gbm_mesa@1 type ext4 (ro,dirsync,seclabel,nodev,noatime,file=/vendor/apex/com.android.hardware.graphics.allocator.minigbm_gbm_mesa.apex)
/dev/block/loop7 on /apex/com.android.hardware.graphics.allocator.minigbm_gbm_mesa type ext4 (ro,dirsync,seclabel,nodev,noatime,file=/vendor/apex/com.android.hardware.graphics.allocator.minigbm_gbm_mesa.apex)
/dev/block/loop7 on /bootstrap-apex/com.android.hardware.graphics.allocator.minigbm_gbm_mesa type ext4 (ro,dirsync,seclabel,nodev,noatime,file=/vendor/apex/com.android.hardware.graphics.allocator.minigbm+ mount
+ grep ' /data '
_gbm_mesa.apex)
tmpfs on /tmp type tmpfs (rw,seclabel,relatime)
none on /config type configfs (rw,nosuid,nodev,noexec,relatime)
binder on /dev/binderfs type binder (rw,relatime,max=1048576,stats=global)
none on /sys/fs/fuse/connections type fusectl (rw,relatime)
bpf on /sys/fs/bpf type bpf (rw,nosuid,nodev,noexec,relatime)
pstore on /sys/fs/pstore type pstore (rw,seclabel,nosuid,nodev,noexec,relatime)
tmpfs on /mnt/vm type tmpfs (rw,seclabel,nosuid,nodev,noexec,relatime)
/dev/block/mmcblk0p3 on /data type ext4 (rw,seclabel,nosuid,nodev,noatime,errors=panic)
tmpfs on /storage type tmpfs (rw,seclabel,nosuid,nodev,noexec,relatime,mode=755,gid=1000)
tmpfs on /data_mirror type tmpfs (rw,seclabel,nosuid,nodev,noexec,relatime,mode=700,gid=1000)
/dev/block/mmcblk0p3 on /data_mirror/data_ce/null type ext4 (rw,seclabel,nosuid,nodev,noatime,errors=panic)
/dev/block/mmcblk0p3 on /data_mirror/data_de/null type ext4 (rw,seclabel,nosuid,nodev,noatime,errors=panic)
/dev/block/mmcblk0p3 on /data_mirror/misc_ce/null type ext4 (rw,seclabel,nosuid,nodev,noatime,errors=panic)
/dev/block/mmcblk0p3 on /data_mirror/misc_de/null type ext4 (rw,seclabel,nosuid,nodev,noatime,errors=panic)
/dev/block/mmcblk0p3 on /data_mirror/storage_area type ext4 (rw,seclabel,nosuid,nodev,noatime,errors=panic)
/dev/block/mmcblk0p3 on /data_mirror/cur_profiles type ext4 (rw,seclabel,nosuid,nodev,noatime,errors=panic)
/dev/block/mmcblk0p3 on /data_mirror/ref_profiles type ext4 (rw,seclabel,nosuid,nodev,noatime,errors=panic)
/dev/block/mmcblk0p3 on /data/user/0 type ext4 (rw,seclabel,nosuid,nodev,noatime,errors=panic)
/dev/block/mmcblk0p3 on /data_mirror/data_ce/null/0 type ext4 (rw,seclabel,nosuid,nodev,noatime,errors=panic)
adb on /dev/usb-ffs/adb type functionfs (rw,seclabel,relatime)
mtp on /dev/usb-ffs/mtp type functionfs (rw,seclabel,relatime)
ptp on /dev/usb-ffs/ptp type functionfs (rw,seclabel,relatime)
/dev/fuse on /mnt/user/0/emulated type fuse (rw,lazytime,nosuid,nodev,noexec,noatime,user_id=0,group_id=0,allow_other)
/dev/fuse on /mnt/androidwritable/0/emulated type fuse (rw,lazytime,nosuid,nodev,noexec,noatime,user_id=0,group_id=0,allow_other)
/dev/fuse on /mnt/installer/0/emulated type fuse (rw,lazytime,nosuid,nodev,noexec,noatime,user_id=0,group_id=0,allow_other)
/dev/fuse on /storage/emulated type fuse (rw,lazytime,nosuid,nodev,noexec,noatime,user_id=0,group_id=0,allow_other)
/dev/block/mmcblk0p3 on /mnt/pass_through/0/emulated type ext4 (rw,seclabel,nosuid,nodev,noatime,errors=panic)
/dev/fuse on /mnt/user/10/emulated type fuse (rw,lazytime,nosuid,nodev,noexec,noatime,user_id=0,group_id=0,allow_other)
/dev/fuse on /mnt/androidwritable/10/emulated type fuse (rw,lazytime,nosuid,nodev,noexec,noatime,user_id=0,group_id=0,allow_other)
/dev/fuse on /mnt/installer/10/emulated type fuse (rw,lazytime,nosuid,nodev,noexec,noatime,user_id=0,group_id=0,allow_other)
/dev/block/mmcblk0p3 on /mnt/pass_through/10/emulated type ext4 (rw,seclabel,nosuid,nodev,noatime,errors=panic)

--- /data mount ---
+ 2>&1 
+ df -h /data
/dev/block/mmcblk0p3 on /data type ext4 (rw,seclabel,nosuid,nodev,noatime,errors=panic)
Filesystem           Size Used Avail Use% Mounted on
/dev/block/mmcblk0p3  10G  37M   10G   1% /mnt/pass_through/10/emulated
+ echo ''
+ echo '--- dm-crypt/dm-verity ---'

--- dm-crypt/dm-verity ---
+ 2>&1 
+ ls -l '/dev/block/dm-*'
ls: /dev/block/dm-*: No such file or directory
+ true
+ 2>&1 
+ ls -l /dev/block/mapper/
total 0
drwxr-xr-x 2 root root 40 2026-05-03 06:06 by-uuid
+ echo ''

+ echo '--- selinux ---'
--- selinux ---
+ 2>&1 
+ getenforce
Permissive
+ echo ''
+ echo '============================================================'
+ echo ' diagnostics complete'
+ echo '============================================================'

============================================================
 diagnostics complete
============================================================
console:/ # 